# InteriorFlow chuanNet — đơn vị mm, Y-up (đổi Z-up khi import Max: Flip YZ)
# nguồn: mesh máy sinh 15538 tam giác → 6 mảnh
mtllib lincoln-327-chuannet.mtl
o p1-chan_cylinder
usemtl mat_primitive
v 259.45 -554.77 -288.88
v 259.45 -554.77 -288.88
v 259.47 -557.69 -268.87
v 263.41 -557.58 -269.25
v 259.47 -557.69 -268.87
v 259.45 -554.77 -288.88
v 259.47 -557.69 -268.87
v 263.41 -557.58 -269.25
v 249.60 169.24 -162.73
v 253.54 169.35 -163.11
v 249.60 169.24 -162.73
v 263.41 -557.58 -269.25
v 249.60 169.24 -162.73
v 253.54 169.35 -163.11
v 249.58 172.16 -182.74
v 249.58 172.16 -182.74
v 249.58 172.16 -182.74
v 253.54 169.35 -163.11
v 259.45 -554.77 -288.88
v 259.45 -554.77 -288.88
v 263.41 -557.58 -269.25
v 267.21 -557.36 -270.38
v 263.41 -557.58 -269.25
v 259.45 -554.77 -288.88
v 263.41 -557.58 -269.25
v 267.21 -557.36 -270.38
v 253.54 169.35 -163.11
v 257.33 169.56 -164.25
v 253.54 169.35 -163.11
v 267.21 -557.36 -270.38
v 253.54 169.35 -163.11
v 257.33 169.56 -164.25
v 249.58 172.16 -182.74
v 249.58 172.16 -182.74
v 249.58 172.16 -182.74
v 257.33 169.56 -164.25
v 259.45 -554.77 -288.88
v 259.45 -554.77 -288.88
v 267.21 -557.36 -270.38
v 270.70 -557.04 -272.23
v 267.21 -557.36 -270.38
v 259.45 -554.77 -288.88
v 267.21 -557.36 -270.38
v 270.70 -557.04 -272.23
v 257.33 169.56 -164.25
v 260.83 169.88 -166.09
v 257.33 169.56 -164.25
v 270.70 -557.04 -272.23
v 257.33 169.56 -164.25
v 260.83 169.88 -166.09
v 249.58 172.16 -182.74
v 249.58 172.16 -182.74
v 249.58 172.16 -182.74
v 260.83 169.88 -166.09
v 259.45 -554.77 -288.88
v 259.45 -554.77 -288.88
v 270.70 -557.04 -272.23
v 273.76 -556.64 -274.72
v 270.70 -557.04 -272.23
v 259.45 -554.77 -288.88
v 270.70 -557.04 -272.23
v 273.76 -556.64 -274.72
v 260.83 169.88 -166.09
v 263.89 170.29 -168.58
v 260.83 169.88 -166.09
v 273.76 -556.64 -274.72
v 260.83 169.88 -166.09
v 263.89 170.29 -168.58
v 249.58 172.16 -182.74
v 249.58 172.16 -182.74
v 249.58 172.16 -182.74
v 263.89 170.29 -168.58
v 259.45 -554.77 -288.88
v 259.45 -554.77 -288.88
v 273.76 -556.64 -274.72
v 276.27 -556.16 -277.75
v 273.76 -556.64 -274.72
v 259.45 -554.77 -288.88
v 273.76 -556.64 -274.72
v 276.27 -556.16 -277.75
v 263.89 170.29 -168.58
v 266.40 170.76 -171.61
v 263.89 170.29 -168.58
v 276.27 -556.16 -277.75
v 263.89 170.29 -168.58
v 266.40 170.76 -171.61
v 249.58 172.16 -182.74
v 249.58 172.16 -182.74
v 249.58 172.16 -182.74
v 266.40 170.76 -171.61
v 259.45 -554.77 -288.88
v 259.45 -554.77 -288.88
v 276.27 -556.16 -277.75
v 278.14 -555.63 -281.20
v 276.27 -556.16 -277.75
v 259.45 -554.77 -288.88
v 276.27 -556.16 -277.75
v 278.14 -555.63 -281.20
v 266.40 170.76 -171.61
v 268.27 171.29 -175.07
v 266.40 170.76 -171.61
v 278.14 -555.63 -281.20
v 266.40 170.76 -171.61
v 268.27 171.29 -175.07
v 249.58 172.16 -182.74
v 249.58 172.16 -182.74
v 249.58 172.16 -182.74
v 268.27 171.29 -175.07
v 259.45 -554.77 -288.88
v 259.45 -554.77 -288.88
v 278.14 -555.63 -281.20
v 279.28 -555.07 -284.96
v 278.14 -555.63 -281.20
v 259.45 -554.77 -288.88
v 278.14 -555.63 -281.20
v 279.28 -555.07 -284.96
v 268.27 171.29 -175.07
v 269.41 171.86 -178.82
v 268.27 171.29 -175.07
v 279.28 -555.07 -284.96
v 268.27 171.29 -175.07
v 269.41 171.86 -178.82
v 249.58 172.16 -182.74
v 249.58 172.16 -182.74
v 249.58 172.16 -182.74
v 269.41 171.86 -178.82
v 259.45 -554.77 -288.88
v 259.45 -554.77 -288.88
v 279.28 -555.07 -284.96
v 279.67 -554.49 -288.86
v 279.28 -555.07 -284.96
v 259.45 -554.77 -288.88
v 279.28 -555.07 -284.96
v 279.67 -554.49 -288.86
v 269.41 171.86 -178.82
v 269.80 172.43 -182.72
v 269.41 171.86 -178.82
v 279.67 -554.49 -288.86
v 269.41 171.86 -178.82
v 269.80 172.43 -182.72
v 249.58 172.16 -182.74
v 249.58 172.16 -182.74
v 249.58 172.16 -182.74
v 269.80 172.43 -182.72
v 259.45 -554.77 -288.88
v 259.45 -554.77 -288.88
v 279.67 -554.49 -288.86
v 279.28 -553.93 -292.76
v 279.67 -554.49 -288.86
v 259.45 -554.77 -288.88
v 279.67 -554.49 -288.86
v 279.28 -553.93 -292.76
v 269.80 172.43 -182.72
v 269.41 173.00 -186.63
v 269.80 172.43 -182.72
v 279.28 -553.93 -292.76
v 269.80 172.43 -182.72
v 269.41 173.00 -186.63
v 249.58 172.16 -182.74
v 249.58 172.16 -182.74
v 249.58 172.16 -182.74
v 269.41 173.00 -186.63
v 259.45 -554.77 -288.88
v 259.45 -554.77 -288.88
v 279.28 -553.93 -292.76
v 278.12 -553.40 -296.52
v 279.28 -553.93 -292.76
v 259.45 -554.77 -288.88
v 279.28 -553.93 -292.76
v 278.12 -553.40 -296.52
v 269.41 173.00 -186.63
v 268.25 173.53 -190.38
v 269.41 173.00 -186.63
v 278.12 -553.40 -296.52
v 269.41 173.00 -186.63
v 268.25 173.53 -190.38
v 249.58 172.16 -182.74
v 249.58 172.16 -182.74
v 249.58 172.16 -182.74
v 268.25 173.53 -190.38
v 259.45 -554.77 -288.88
v 259.45 -554.77 -288.88
v 278.12 -553.40 -296.52
v 276.25 -552.92 -299.98
v 278.12 -553.40 -296.52
v 259.45 -554.77 -288.88
v 278.12 -553.40 -296.52
v 276.25 -552.92 -299.98
v 268.25 173.53 -190.38
v 266.38 174.01 -193.84
v 268.25 173.53 -190.38
v 276.25 -552.92 -299.98
v 268.25 173.53 -190.38
v 266.38 174.01 -193.84
v 249.58 172.16 -182.74
v 249.58 172.16 -182.74
v 249.58 172.16 -182.74
v 266.38 174.01 -193.84
v 259.45 -554.77 -288.88
v 259.45 -554.77 -288.88
v 276.25 -552.92 -299.98
v 273.73 -552.51 -303.01
v 276.25 -552.92 -299.98
v 259.45 -554.77 -288.88
v 276.25 -552.92 -299.98
v 273.73 -552.51 -303.01
v 266.38 174.01 -193.84
v 263.86 174.42 -196.88
v 266.38 174.01 -193.84
v 273.73 -552.51 -303.01
v 266.38 174.01 -193.84
v 263.86 174.42 -196.88
v 249.58 172.16 -182.74
v 249.58 172.16 -182.74
v 249.58 172.16 -182.74
v 263.86 174.42 -196.88
v 259.45 -554.77 -288.88
v 259.45 -554.77 -288.88
v 273.73 -552.51 -303.01
v 270.67 -552.19 -305.51
v 273.73 -552.51 -303.01
v 259.45 -554.77 -288.88
v 273.73 -552.51 -303.01
v 270.67 -552.19 -305.51
v 263.86 174.42 -196.88
v 260.79 174.74 -199.37
v 263.86 174.42 -196.88
v 270.67 -552.19 -305.51
v 263.86 174.42 -196.88
v 260.79 174.74 -199.37
v 249.58 172.16 -182.74
v 249.58 172.16 -182.74
v 249.58 172.16 -182.74
v 260.79 174.74 -199.37
v 259.45 -554.77 -288.88
v 259.45 -554.77 -288.88
v 270.67 -552.19 -305.51
v 267.17 -551.96 -307.36
v 270.67 -552.19 -305.51
v 259.45 -554.77 -288.88
v 270.67 -552.19 -305.51
v 267.17 -551.96 -307.36
v 260.79 174.74 -199.37
v 257.30 174.96 -201.22
v 260.79 174.74 -199.37
v 267.17 -551.96 -307.36
v 260.79 174.74 -199.37
v 257.30 174.96 -201.22
v 249.58 172.16 -182.74
v 249.58 172.16 -182.74
v 249.58 172.16 -182.74
v 257.30 174.96 -201.22
v 259.45 -554.77 -288.88
v 259.45 -554.77 -288.88
v 267.17 -551.96 -307.36
v 263.37 -551.85 -308.50
v 267.17 -551.96 -307.36
v 259.45 -554.77 -288.88
v 267.17 -551.96 -307.36
v 263.37 -551.85 -308.50
v 257.30 174.96 -201.22
v 253.50 175.08 -202.36
v 257.30 174.96 -201.22
v 263.37 -551.85 -308.50
v 257.30 174.96 -201.22
v 253.50 175.08 -202.36
v 249.58 172.16 -182.74
v 249.58 172.16 -182.74
v 249.58 172.16 -182.74
v 253.50 175.08 -202.36
v 259.45 -554.77 -288.88
v 259.45 -554.77 -288.88
v 263.37 -551.85 -308.50
v 259.43 -551.84 -308.89
v 263.37 -551.85 -308.50
v 259.45 -554.77 -288.88
v 263.37 -551.85 -308.50
v 259.43 -551.84 -308.89
v 253.50 175.08 -202.36
v 249.56 175.08 -202.75
v 253.50 175.08 -202.36
v 259.43 -551.84 -308.89
v 253.50 175.08 -202.36
v 249.56 175.08 -202.75
v 249.58 172.16 -182.74
v 249.58 172.16 -182.74
v 249.58 172.16 -182.74
v 249.56 175.08 -202.75
v 259.45 -554.77 -288.88
v 259.45 -554.77 -288.88
v 259.43 -551.84 -308.89
v 255.48 -551.95 -308.51
v 259.43 -551.84 -308.89
v 259.45 -554.77 -288.88
v 259.43 -551.84 -308.89
v 255.48 -551.95 -308.51
v 249.56 175.08 -202.75
v 245.61 174.97 -202.37
v 249.56 175.08 -202.75
v 255.48 -551.95 -308.51
v 249.56 175.08 -202.75
v 245.61 174.97 -202.37
v 249.58 172.16 -182.74
v 249.58 172.16 -182.74
v 249.58 172.16 -182.74
v 245.61 174.97 -202.37
v 259.45 -554.77 -288.88
v 259.45 -554.77 -288.88
v 255.48 -551.95 -308.51
v 251.69 -552.17 -307.37
v 255.48 -551.95 -308.51
v 259.45 -554.77 -288.88
v 255.48 -551.95 -308.51
v 251.69 -552.17 -307.37
v 245.61 174.97 -202.37
v 241.82 174.75 -201.24
v 245.61 174.97 -202.37
v 251.69 -552.17 -307.37
v 245.61 174.97 -202.37
v 241.82 174.75 -201.24
v 249.58 172.16 -182.74
v 249.58 172.16 -182.74
v 249.58 172.16 -182.74
v 241.82 174.75 -201.24
v 259.45 -554.77 -288.88
v 259.45 -554.77 -288.88
v 251.69 -552.17 -307.37
v 248.20 -552.49 -305.53
v 251.69 -552.17 -307.37
v 259.45 -554.77 -288.88
v 251.69 -552.17 -307.37
v 248.20 -552.49 -305.53
v 241.82 174.75 -201.24
v 238.33 174.44 -199.39
v 241.82 174.75 -201.24
v 248.20 -552.49 -305.53
v 241.82 174.75 -201.24
v 238.33 174.44 -199.39
v 249.58 172.16 -182.74
v 249.58 172.16 -182.74
v 249.58 172.16 -182.74
v 238.33 174.44 -199.39
v 259.45 -554.77 -288.88
v 259.45 -554.77 -288.88
v 248.20 -552.49 -305.53
v 245.14 -552.89 -303.04
v 248.20 -552.49 -305.53
v 259.45 -554.77 -288.88
v 248.20 -552.49 -305.53
v 245.14 -552.89 -303.04
v 238.33 174.44 -199.39
v 235.26 174.03 -196.91
v 238.33 174.44 -199.39
v 245.14 -552.89 -303.04
v 238.33 174.44 -199.39
v 235.26 174.03 -196.91
v 249.58 172.16 -182.74
v 249.58 172.16 -182.74
v 249.58 172.16 -182.74
v 235.26 174.03 -196.91
v 259.45 -554.77 -288.88
v 259.45 -554.77 -288.88
v 245.14 -552.89 -303.04
v 242.63 -553.37 -300.01
v 245.14 -552.89 -303.04
v 259.45 -554.77 -288.88
v 245.14 -552.89 -303.04
v 242.63 -553.37 -300.01
v 235.26 174.03 -196.91
v 232.75 173.56 -193.88
v 235.26 174.03 -196.91
v 242.63 -553.37 -300.01
v 235.26 174.03 -196.91
v 232.75 173.56 -193.88
v 249.58 172.16 -182.74
v 249.58 172.16 -182.74
v 249.58 172.16 -182.74
v 232.75 173.56 -193.88
v 259.45 -554.77 -288.88
v 259.45 -554.77 -288.88
v 242.63 -553.37 -300.01
v 240.76 -553.90 -296.56
v 242.63 -553.37 -300.01
v 259.45 -554.77 -288.88
v 242.63 -553.37 -300.01
v 240.76 -553.90 -296.56
v 232.75 173.56 -193.88
v 230.89 173.03 -190.42
v 232.75 173.56 -193.88
v 240.76 -553.90 -296.56
v 232.75 173.56 -193.88
v 230.89 173.03 -190.42
v 249.58 172.16 -182.74
v 249.58 172.16 -182.74
v 249.58 172.16 -182.74
v 230.89 173.03 -190.42
v 259.45 -554.77 -288.88
v 259.45 -554.77 -288.88
v 240.76 -553.90 -296.56
v 239.61 -554.46 -292.80
v 240.76 -553.90 -296.56
v 259.45 -554.77 -288.88
v 240.76 -553.90 -296.56
v 239.61 -554.46 -292.80
v 230.89 173.03 -190.42
v 229.74 172.46 -186.67
v 230.89 173.03 -190.42
v 239.61 -554.46 -292.80
v 230.89 173.03 -190.42
v 229.74 172.46 -186.67
v 249.58 172.16 -182.74
v 249.58 172.16 -182.74
v 249.58 172.16 -182.74
v 229.74 172.46 -186.67
v 259.45 -554.77 -288.88
v 259.45 -554.77 -288.88
v 239.61 -554.46 -292.80
v 239.23 -555.04 -288.90
v 239.61 -554.46 -292.80
v 259.45 -554.77 -288.88
v 239.61 -554.46 -292.80
v 239.23 -555.04 -288.90
v 229.74 172.46 -186.67
v 229.36 171.89 -182.76
v 229.74 172.46 -186.67
v 239.23 -555.04 -288.90
v 229.74 172.46 -186.67
v 229.36 171.89 -182.76
v 249.58 172.16 -182.74
v 249.58 172.16 -182.74
v 249.58 172.16 -182.74
v 229.36 171.89 -182.76
v 259.45 -554.77 -288.88
v 259.45 -554.77 -288.88
v 239.23 -555.04 -288.90
v 239.62 -555.60 -284.99
v 239.23 -555.04 -288.90
v 259.45 -554.77 -288.88
v 239.23 -555.04 -288.90
v 239.62 -555.60 -284.99
v 229.36 171.89 -182.76
v 229.75 171.32 -178.86
v 229.36 171.89 -182.76
v 239.62 -555.60 -284.99
v 229.36 171.89 -182.76
v 229.75 171.32 -178.86
v 249.58 172.16 -182.74
v 249.58 172.16 -182.74
v 249.58 172.16 -182.74
v 229.75 171.32 -178.86
v 259.45 -554.77 -288.88
v 259.45 -554.77 -288.88
v 239.62 -555.60 -284.99
v 240.77 -556.13 -281.24
v 239.62 -555.60 -284.99
v 259.45 -554.77 -288.88
v 239.62 -555.60 -284.99
v 240.77 -556.13 -281.24
v 229.75 171.32 -178.86
v 230.90 170.79 -175.10
v 229.75 171.32 -178.86
v 240.77 -556.13 -281.24
v 229.75 171.32 -178.86
v 230.90 170.79 -175.10
v 249.58 172.16 -182.74
v 249.58 172.16 -182.74
v 249.58 172.16 -182.74
v 230.90 170.79 -175.10
v 259.45 -554.77 -288.88
v 259.45 -554.77 -288.88
v 240.77 -556.13 -281.24
v 242.65 -556.61 -277.78
v 240.77 -556.13 -281.24
v 259.45 -554.77 -288.88
v 240.77 -556.13 -281.24
v 242.65 -556.61 -277.78
v 230.90 170.79 -175.10
v 232.78 170.31 -171.64
v 230.90 170.79 -175.10
v 242.65 -556.61 -277.78
v 230.90 170.79 -175.10
v 232.78 170.31 -171.64
v 249.58 172.16 -182.74
v 249.58 172.16 -182.74
v 249.58 172.16 -182.74
v 232.78 170.31 -171.64
v 259.45 -554.77 -288.88
v 259.45 -554.77 -288.88
v 242.65 -556.61 -277.78
v 245.16 -557.02 -274.74
v 242.65 -556.61 -277.78
v 259.45 -554.77 -288.88
v 242.65 -556.61 -277.78
v 245.16 -557.02 -274.74
v 232.78 170.31 -171.64
v 235.29 169.90 -168.61
v 232.78 170.31 -171.64
v 245.16 -557.02 -274.74
v 232.78 170.31 -171.64
v 235.29 169.90 -168.61
v 249.58 172.16 -182.74
v 249.58 172.16 -182.74
v 249.58 172.16 -182.74
v 235.29 169.90 -168.61
v 259.45 -554.77 -288.88
v 259.45 -554.77 -288.88
v 245.16 -557.02 -274.74
v 248.23 -557.35 -272.25
v 245.16 -557.02 -274.74
v 259.45 -554.77 -288.88
v 245.16 -557.02 -274.74
v 248.23 -557.35 -272.25
v 235.29 169.90 -168.61
v 238.36 169.58 -166.12
v 235.29 169.90 -168.61
v 248.23 -557.35 -272.25
v 235.29 169.90 -168.61
v 238.36 169.58 -166.12
v 249.58 172.16 -182.74
v 249.58 172.16 -182.74
v 249.58 172.16 -182.74
v 238.36 169.58 -166.12
v 259.45 -554.77 -288.88
v 259.45 -554.77 -288.88
v 248.23 -557.35 -272.25
v 251.73 -557.57 -270.40
v 248.23 -557.35 -272.25
v 259.45 -554.77 -288.88
v 248.23 -557.35 -272.25
v 251.73 -557.57 -270.40
v 238.36 169.58 -166.12
v 241.86 169.36 -164.26
v 238.36 169.58 -166.12
v 251.73 -557.57 -270.40
v 238.36 169.58 -166.12
v 241.86 169.36 -164.26
v 249.58 172.16 -182.74
v 249.58 172.16 -182.74
v 249.58 172.16 -182.74
v 241.86 169.36 -164.26
v 259.45 -554.77 -288.88
v 259.45 -554.77 -288.88
v 251.73 -557.57 -270.40
v 255.52 -557.68 -269.26
v 251.73 -557.57 -270.40
v 259.45 -554.77 -288.88
v 251.73 -557.57 -270.40
v 255.52 -557.68 -269.26
v 241.86 169.36 -164.26
v 245.65 169.24 -163.12
v 241.86 169.36 -164.26
v 255.52 -557.68 -269.26
v 241.86 169.36 -164.26
v 245.65 169.24 -163.12
v 249.58 172.16 -182.74
v 249.58 172.16 -182.74
v 249.58 172.16 -182.74
v 245.65 169.24 -163.12
v 259.45 -554.77 -288.88
v 259.45 -554.77 -288.88
v 255.52 -557.68 -269.26
v 259.47 -557.69 -268.87
v 255.52 -557.68 -269.26
v 259.45 -554.77 -288.88
v 255.52 -557.68 -269.26
v 259.47 -557.69 -268.87
v 245.65 169.24 -163.12
v 249.60 169.24 -162.73
v 245.65 169.24 -163.12
v 259.47 -557.69 -268.87
v 245.65 169.24 -163.12
v 249.60 169.24 -162.73
v 249.58 172.16 -182.74
v 249.58 172.16 -182.74
v 249.58 172.16 -182.74
v 249.60 169.24 -162.73
f 1 2 3
f 4 5 6
f 7 8 9
f 10 11 12
f 13 14 15
f 16 17 18
f 19 20 21
f 22 23 24
f 25 26 27
f 28 29 30
f 31 32 33
f 34 35 36
f 37 38 39
f 40 41 42
f 43 44 45
f 46 47 48
f 49 50 51
f 52 53 54
f 55 56 57
f 58 59 60
f 61 62 63
f 64 65 66
f 67 68 69
f 70 71 72
f 73 74 75
f 76 77 78
f 79 80 81
f 82 83 84
f 85 86 87
f 88 89 90
f 91 92 93
f 94 95 96
f 97 98 99
f 100 101 102
f 103 104 105
f 106 107 108
f 109 110 111
f 112 113 114
f 115 116 117
f 118 119 120
f 121 122 123
f 124 125 126
f 127 128 129
f 130 131 132
f 133 134 135
f 136 137 138
f 139 140 141
f 142 143 144
f 145 146 147
f 148 149 150
f 151 152 153
f 154 155 156
f 157 158 159
f 160 161 162
f 163 164 165
f 166 167 168
f 169 170 171
f 172 173 174
f 175 176 177
f 178 179 180
f 181 182 183
f 184 185 186
f 187 188 189
f 190 191 192
f 193 194 195
f 196 197 198
f 199 200 201
f 202 203 204
f 205 206 207
f 208 209 210
f 211 212 213
f 214 215 216
f 217 218 219
f 220 221 222
f 223 224 225
f 226 227 228
f 229 230 231
f 232 233 234
f 235 236 237
f 238 239 240
f 241 242 243
f 244 245 246
f 247 248 249
f 250 251 252
f 253 254 255
f 256 257 258
f 259 260 261
f 262 263 264
f 265 266 267
f 268 269 270
f 271 272 273
f 274 275 276
f 277 278 279
f 280 281 282
f 283 284 285
f 286 287 288
f 289 290 291
f 292 293 294
f 295 296 297
f 298 299 300
f 301 302 303
f 304 305 306
f 307 308 309
f 310 311 312
f 313 314 315
f 316 317 318
f 319 320 321
f 322 323 324
f 325 326 327
f 328 329 330
f 331 332 333
f 334 335 336
f 337 338 339
f 340 341 342
f 343 344 345
f 346 347 348
f 349 350 351
f 352 353 354
f 355 356 357
f 358 359 360
f 361 362 363
f 364 365 366
f 367 368 369
f 370 371 372
f 373 374 375
f 376 377 378
f 379 380 381
f 382 383 384
f 385 386 387
f 388 389 390
f 391 392 393
f 394 395 396
f 397 398 399
f 400 401 402
f 403 404 405
f 406 407 408
f 409 410 411
f 412 413 414
f 415 416 417
f 418 419 420
f 421 422 423
f 424 425 426
f 427 428 429
f 430 431 432
f 433 434 435
f 436 437 438
f 439 440 441
f 442 443 444
f 445 446 447
f 448 449 450
f 451 452 453
f 454 455 456
f 457 458 459
f 460 461 462
f 463 464 465
f 466 467 468
f 469 470 471
f 472 473 474
f 475 476 477
f 478 479 480
f 481 482 483
f 484 485 486
f 487 488 489
f 490 491 492
f 493 494 495
f 496 497 498
f 499 500 501
f 502 503 504
f 505 506 507
f 508 509 510
f 511 512 513
f 514 515 516
f 517 518 519
f 520 521 522
f 523 524 525
f 526 527 528
f 529 530 531
f 532 533 534
f 535 536 537
f 538 539 540
f 541 542 543
f 544 545 546
f 547 548 549
f 550 551 552
f 553 554 555
f 556 557 558
f 559 560 561
f 562 563 564
f 565 566 567
f 568 569 570
f 571 572 573
f 574 575 576
o p2-chan_cylinder
usemtl mat_primitive
v 261.63 -554.77 289.30
v 261.63 -554.77 289.30
v 261.60 -552.12 307.53
v 265.20 -552.11 307.18
v 261.60 -552.12 307.53
v 261.63 -554.77 289.30
v 261.60 -552.12 307.53
v 265.20 -552.11 307.18
v 249.41 155.94 204.68
v 253.01 155.95 204.32
v 249.41 155.94 204.68
v 265.20 -552.11 307.18
v 249.41 155.94 204.68
v 253.01 155.95 204.32
v 249.43 153.29 186.44
v 249.43 153.29 186.44
v 249.43 153.29 186.44
v 253.01 155.95 204.32
v 261.63 -554.77 289.30
v 261.63 -554.77 289.30
v 265.20 -552.11 307.18
v 268.66 -552.20 306.13
v 265.20 -552.11 307.18
v 261.63 -554.77 289.30
v 265.20 -552.11 307.18
v 268.66 -552.20 306.13
v 253.01 155.95 204.32
v 256.46 155.85 203.28
v 253.01 155.95 204.32
v 268.66 -552.20 306.13
v 253.01 155.95 204.32
v 256.46 155.85 203.28
v 249.43 153.29 186.44
v 249.43 153.29 186.44
v 249.43 153.29 186.44
v 256.46 155.85 203.28
v 261.63 -554.77 289.30
v 261.63 -554.77 289.30
v 268.66 -552.20 306.13
v 271.84 -552.39 304.44
v 268.66 -552.20 306.13
v 261.63 -554.77 289.30
v 268.66 -552.20 306.13
v 271.84 -552.39 304.44
v 256.46 155.85 203.28
v 259.65 155.66 201.59
v 256.46 155.85 203.28
v 271.84 -552.39 304.44
v 256.46 155.85 203.28
v 259.65 155.66 201.59
v 249.43 153.29 186.44
v 249.43 153.29 186.44
v 249.43 153.29 186.44
v 259.65 155.66 201.59
v 261.63 -554.77 289.30
v 261.63 -554.77 289.30
v 271.84 -552.39 304.44
v 274.64 -552.67 302.17
v 271.84 -552.39 304.44
v 261.63 -554.77 289.30
v 271.84 -552.39 304.44
v 274.64 -552.67 302.17
v 259.65 155.66 201.59
v 262.45 155.38 199.32
v 259.65 155.66 201.59
v 274.64 -552.67 302.17
v 259.65 155.66 201.59
v 262.45 155.38 199.32
v 249.43 153.29 186.44
v 249.43 153.29 186.44
v 249.43 153.29 186.44
v 262.45 155.38 199.32
v 261.63 -554.77 289.30
v 261.63 -554.77 289.30
v 274.64 -552.67 302.17
v 276.93 -553.03 299.41
v 274.64 -552.67 302.17
v 261.63 -554.77 289.30
v 274.64 -552.67 302.17
v 276.93 -553.03 299.41
v 262.45 155.38 199.32
v 264.74 155.02 196.56
v 262.45 155.38 199.32
v 276.93 -553.03 299.41
v 262.45 155.38 199.32
v 264.74 155.02 196.56
v 249.43 153.29 186.44
v 249.43 153.29 186.44
v 249.43 153.29 186.44
v 264.74 155.02 196.56
v 261.63 -554.77 289.30
v 261.63 -554.77 289.30
v 276.93 -553.03 299.41
v 278.64 -553.46 296.25
v 276.93 -553.03 299.41
v 261.63 -554.77 289.30
v 276.93 -553.03 299.41
v 278.64 -553.46 296.25
v 264.74 155.02 196.56
v 266.45 154.59 193.40
v 264.74 155.02 196.56
v 278.64 -553.46 296.25
v 264.74 155.02 196.56
v 266.45 154.59 193.40
v 249.43 153.29 186.44
v 249.43 153.29 186.44
v 249.43 153.29 186.44
v 266.45 154.59 193.40
v 261.63 -554.77 289.30
v 261.63 -554.77 289.30
v 278.64 -553.46 296.25
v 279.69 -553.94 292.83
v 278.64 -553.46 296.25
v 261.63 -554.77 289.30
v 278.64 -553.46 296.25
v 279.69 -553.94 292.83
v 266.45 154.59 193.40
v 267.50 154.11 189.98
v 266.45 154.59 193.40
v 279.69 -553.94 292.83
v 266.45 154.59 193.40
v 267.50 154.11 189.98
v 249.43 153.29 186.44
v 249.43 153.29 186.44
v 249.43 153.29 186.44
v 267.50 154.11 189.98
v 261.63 -554.77 289.30
v 261.63 -554.77 289.30
v 279.69 -553.94 292.83
v 280.05 -554.45 289.27
v 279.69 -553.94 292.83
v 261.63 -554.77 289.30
v 279.69 -553.94 292.83
v 280.05 -554.45 289.27
v 267.50 154.11 189.98
v 267.86 153.60 186.42
v 267.50 154.11 189.98
v 280.05 -554.45 289.27
v 267.50 154.11 189.98
v 267.86 153.60 186.42
v 249.43 153.29 186.44
v 249.43 153.29 186.44
v 249.43 153.29 186.44
v 267.86 153.60 186.42
v 261.63 -554.77 289.30
v 261.63 -554.77 289.30
v 280.05 -554.45 289.27
v 279.70 -554.97 285.72
v 280.05 -554.45 289.27
v 261.63 -554.77 289.30
v 280.05 -554.45 289.27
v 279.70 -554.97 285.72
v 267.86 153.60 186.42
v 267.51 153.08 182.86
v 267.86 153.60 186.42
v 279.70 -554.97 285.72
v 267.86 153.60 186.42
v 267.51 153.08 182.86
v 249.43 153.29 186.44
v 249.43 153.29 186.44
v 249.43 153.29 186.44
v 267.51 153.08 182.86
v 261.63 -554.77 289.30
v 261.63 -554.77 289.30
v 279.70 -554.97 285.72
v 278.66 -555.49 282.30
v 279.70 -554.97 285.72
v 261.63 -554.77 289.30
v 279.70 -554.97 285.72
v 278.66 -555.49 282.30
v 267.51 153.08 182.86
v 266.46 152.56 179.45
v 267.51 153.08 182.86
v 278.66 -555.49 282.30
v 267.51 153.08 182.86
v 266.46 152.56 179.45
v 249.43 153.29 186.44
v 249.43 153.29 186.44
v 249.43 153.29 186.44
v 266.46 152.56 179.45
v 261.63 -554.77 289.30
v 261.63 -554.77 289.30
v 278.66 -555.49 282.30
v 276.96 -555.98 279.15
v 278.66 -555.49 282.30
v 261.63 -554.77 289.30
v 278.66 -555.49 282.30
v 276.96 -555.98 279.15
v 266.46 152.56 179.45
v 264.77 152.08 176.29
v 266.46 152.56 179.45
v 276.96 -555.98 279.15
v 266.46 152.56 179.45
v 264.77 152.08 176.29
v 249.43 153.29 186.44
v 249.43 153.29 186.44
v 249.43 153.29 186.44
v 264.77 152.08 176.29
v 261.63 -554.77 289.30
v 261.63 -554.77 289.30
v 276.96 -555.98 279.15
v 274.67 -556.42 276.39
v 276.96 -555.98 279.15
v 261.63 -554.77 289.30
v 276.96 -555.98 279.15
v 274.67 -556.42 276.39
v 264.77 152.08 176.29
v 262.48 151.64 173.53
v 264.77 152.08 176.29
v 274.67 -556.42 276.39
v 264.77 152.08 176.29
v 262.48 151.64 173.53
v 249.43 153.29 186.44
v 249.43 153.29 186.44
v 249.43 153.29 186.44
v 262.48 151.64 173.53
v 261.63 -554.77 289.30
v 261.63 -554.77 289.30
v 274.67 -556.42 276.39
v 271.88 -556.79 274.12
v 274.67 -556.42 276.39
v 261.63 -554.77 289.30
v 274.67 -556.42 276.39
v 271.88 -556.79 274.12
v 262.48 151.64 173.53
v 259.69 151.26 171.27
v 262.48 151.64 173.53
v 271.88 -556.79 274.12
v 262.48 151.64 173.53
v 259.69 151.26 171.27
v 249.43 153.29 186.44
v 249.43 153.29 186.44
v 249.43 153.29 186.44
v 259.69 151.26 171.27
v 261.63 -554.77 289.30
v 261.63 -554.77 289.30
v 271.88 -556.79 274.12
v 268.70 -557.09 272.44
v 271.88 -556.79 274.12
v 261.63 -554.77 289.30
v 271.88 -556.79 274.12
v 268.70 -557.09 272.44
v 259.69 151.26 171.27
v 256.51 150.96 169.59
v 259.69 151.26 171.27
v 268.70 -557.09 272.44
v 259.69 151.26 171.27
v 256.51 150.96 169.59
v 249.43 153.29 186.44
v 249.43 153.29 186.44
v 249.43 153.29 186.44
v 256.51 150.96 169.59
v 261.63 -554.77 289.30
v 261.63 -554.77 289.30
v 268.70 -557.09 272.44
v 265.24 -557.30 271.41
v 268.70 -557.09 272.44
v 261.63 -554.77 289.30
v 268.70 -557.09 272.44
v 265.24 -557.30 271.41
v 256.51 150.96 169.59
v 253.05 150.75 168.56
v 256.51 150.96 169.59
v 265.24 -557.30 271.41
v 256.51 150.96 169.59
v 253.05 150.75 168.56
v 249.43 153.29 186.44
v 249.43 153.29 186.44
v 249.43 153.29 186.44
v 253.05 150.75 168.56
v 261.63 -554.77 289.30
v 261.63 -554.77 289.30
v 265.24 -557.30 271.41
v 261.65 -557.41 271.06
v 265.24 -557.30 271.41
v 261.63 -554.77 289.30
v 265.24 -557.30 271.41
v 261.65 -557.41 271.06
v 253.05 150.75 168.56
v 249.46 150.64 168.21
v 253.05 150.75 168.56
v 261.65 -557.41 271.06
v 253.05 150.75 168.56
v 249.46 150.64 168.21
v 249.43 153.29 186.44
v 249.43 153.29 186.44
v 249.43 153.29 186.44
v 249.46 150.64 168.21
v 261.63 -554.77 289.30
v 261.63 -554.77 289.30
v 261.65 -557.41 271.06
v 258.05 -557.42 271.42
v 261.65 -557.41 271.06
v 261.63 -554.77 289.30
v 261.65 -557.41 271.06
v 258.05 -557.42 271.42
v 249.46 150.64 168.21
v 245.86 150.63 168.56
v 249.46 150.64 168.21
v 258.05 -557.42 271.42
v 249.46 150.64 168.21
v 245.86 150.63 168.56
v 249.43 153.29 186.44
v 249.43 153.29 186.44
v 249.43 153.29 186.44
v 245.86 150.63 168.56
v 261.63 -554.77 289.30
v 261.63 -554.77 289.30
v 258.05 -557.42 271.42
v 254.60 -557.33 272.46
v 258.05 -557.42 271.42
v 261.63 -554.77 289.30
v 258.05 -557.42 271.42
v 254.60 -557.33 272.46
v 245.86 150.63 168.56
v 242.41 150.72 169.61
v 245.86 150.63 168.56
v 254.60 -557.33 272.46
v 245.86 150.63 168.56
v 242.41 150.72 169.61
v 249.43 153.29 186.44
v 249.43 153.29 186.44
v 249.43 153.29 186.44
v 242.41 150.72 169.61
v 261.63 -554.77 289.30
v 261.63 -554.77 289.30
v 254.60 -557.33 272.46
v 251.41 -557.14 274.15
v 254.60 -557.33 272.46
v 261.63 -554.77 289.30
v 254.60 -557.33 272.46
v 251.41 -557.14 274.15
v 242.41 150.72 169.61
v 239.22 150.91 171.30
v 242.41 150.72 169.61
v 251.41 -557.14 274.15
v 242.41 150.72 169.61
v 239.22 150.91 171.30
v 249.43 153.29 186.44
v 249.43 153.29 186.44
v 249.43 153.29 186.44
v 239.22 150.91 171.30
v 261.63 -554.77 289.30
v 261.63 -554.77 289.30
v 251.41 -557.14 274.15
v 248.62 -556.86 276.42
v 251.41 -557.14 274.15
v 261.63 -554.77 289.30
v 251.41 -557.14 274.15
v 248.62 -556.86 276.42
v 239.22 150.91 171.30
v 236.42 151.19 173.57
v 239.22 150.91 171.30
v 248.62 -556.86 276.42
v 239.22 150.91 171.30
v 236.42 151.19 173.57
v 249.43 153.29 186.44
v 249.43 153.29 186.44
v 249.43 153.29 186.44
v 236.42 151.19 173.57
v 261.63 -554.77 289.30
v 261.63 -554.77 289.30
v 248.62 -556.86 276.42
v 246.32 -556.50 279.18
v 248.62 -556.86 276.42
v 261.63 -554.77 289.30
v 248.62 -556.86 276.42
v 246.32 -556.50 279.18
v 236.42 151.19 173.57
v 234.13 151.55 176.33
v 236.42 151.19 173.57
v 246.32 -556.50 279.18
v 236.42 151.19 173.57
v 234.13 151.55 176.33
v 249.43 153.29 186.44
v 249.43 153.29 186.44
v 249.43 153.29 186.44
v 234.13 151.55 176.33
v 261.63 -554.77 289.30
v 261.63 -554.77 289.30
v 246.32 -556.50 279.18
v 244.61 -556.07 282.34
v 246.32 -556.50 279.18
v 261.63 -554.77 289.30
v 246.32 -556.50 279.18
v 244.61 -556.07 282.34
v 234.13 151.55 176.33
v 232.42 151.98 179.49
v 234.13 151.55 176.33
v 244.61 -556.07 282.34
v 234.13 151.55 176.33
v 232.42 151.98 179.49
v 249.43 153.29 186.44
v 249.43 153.29 186.44
v 249.43 153.29 186.44
v 232.42 151.98 179.49
v 261.63 -554.77 289.30
v 261.63 -554.77 289.30
v 244.61 -556.07 282.34
v 243.56 -555.59 285.76
v 244.61 -556.07 282.34
v 261.63 -554.77 289.30
v 244.61 -556.07 282.34
v 243.56 -555.59 285.76
v 232.42 151.98 179.49
v 231.37 152.46 182.91
v 232.42 151.98 179.49
v 243.56 -555.59 285.76
v 232.42 151.98 179.49
v 231.37 152.46 182.91
v 249.43 153.29 186.44
v 249.43 153.29 186.44
v 249.43 153.29 186.44
v 231.37 152.46 182.91
v 261.63 -554.77 289.30
v 261.63 -554.77 289.30
v 243.56 -555.59 285.76
v 243.20 -555.08 289.32
v 243.56 -555.59 285.76
v 261.63 -554.77 289.30
v 243.56 -555.59 285.76
v 243.20 -555.08 289.32
v 231.37 152.46 182.91
v 231.01 152.97 186.47
v 231.37 152.46 182.91
v 243.20 -555.08 289.32
v 231.37 152.46 182.91
v 231.01 152.97 186.47
v 249.43 153.29 186.44
v 249.43 153.29 186.44
v 249.43 153.29 186.44
v 231.01 152.97 186.47
v 261.63 -554.77 289.30
v 261.63 -554.77 289.30
v 243.20 -555.08 289.32
v 243.55 -554.56 292.87
v 243.20 -555.08 289.32
v 261.63 -554.77 289.30
v 243.20 -555.08 289.32
v 243.55 -554.56 292.87
v 231.01 152.97 186.47
v 231.36 153.50 190.02
v 231.01 152.97 186.47
v 243.55 -554.56 292.87
v 231.01 152.97 186.47
v 231.36 153.50 190.02
v 249.43 153.29 186.44
v 249.43 153.29 186.44
v 249.43 153.29 186.44
v 231.36 153.50 190.02
v 261.63 -554.77 289.30
v 261.63 -554.77 289.30
v 243.55 -554.56 292.87
v 244.60 -554.04 296.29
v 243.55 -554.56 292.87
v 261.63 -554.77 289.30
v 243.55 -554.56 292.87
v 244.60 -554.04 296.29
v 231.36 153.50 190.02
v 232.40 154.01 193.44
v 231.36 153.50 190.02
v 244.60 -554.04 296.29
v 231.36 153.50 190.02
v 232.40 154.01 193.44
v 249.43 153.29 186.44
v 249.43 153.29 186.44
v 249.43 153.29 186.44
v 232.40 154.01 193.44
v 261.63 -554.77 289.30
v 261.63 -554.77 289.30
v 244.60 -554.04 296.29
v 246.30 -553.56 299.44
v 244.60 -554.04 296.29
v 261.63 -554.77 289.30
v 244.60 -554.04 296.29
v 246.30 -553.56 299.44
v 232.40 154.01 193.44
v 234.10 154.50 196.59
v 232.40 154.01 193.44
v 246.30 -553.56 299.44
v 232.40 154.01 193.44
v 234.10 154.50 196.59
v 249.43 153.29 186.44
v 249.43 153.29 186.44
v 249.43 153.29 186.44
v 234.10 154.50 196.59
v 261.63 -554.77 289.30
v 261.63 -554.77 289.30
v 246.30 -553.56 299.44
v 248.58 -553.11 302.21
v 246.30 -553.56 299.44
v 261.63 -554.77 289.30
v 246.30 -553.56 299.44
v 248.58 -553.11 302.21
v 234.10 154.50 196.59
v 236.39 154.94 199.35
v 234.10 154.50 196.59
v 248.58 -553.11 302.21
v 234.10 154.50 196.59
v 236.39 154.94 199.35
v 249.43 153.29 186.44
v 249.43 153.29 186.44
v 249.43 153.29 186.44
v 236.39 154.94 199.35
v 261.63 -554.77 289.30
v 261.63 -554.77 289.30
v 248.58 -553.11 302.21
v 251.37 -552.74 304.47
v 248.58 -553.11 302.21
v 261.63 -554.77 289.30
v 248.58 -553.11 302.21
v 251.37 -552.74 304.47
v 236.39 154.94 199.35
v 239.18 155.31 201.62
v 236.39 154.94 199.35
v 251.37 -552.74 304.47
v 236.39 154.94 199.35
v 239.18 155.31 201.62
v 249.43 153.29 186.44
v 249.43 153.29 186.44
v 249.43 153.29 186.44
v 239.18 155.31 201.62
v 261.63 -554.77 289.30
v 261.63 -554.77 289.30
v 251.37 -552.74 304.47
v 254.56 -552.44 306.15
v 251.37 -552.74 304.47
v 261.63 -554.77 289.30
v 251.37 -552.74 304.47
v 254.56 -552.44 306.15
v 239.18 155.31 201.62
v 242.36 155.61 203.30
v 239.18 155.31 201.62
v 254.56 -552.44 306.15
v 239.18 155.31 201.62
v 242.36 155.61 203.30
v 249.43 153.29 186.44
v 249.43 153.29 186.44
v 249.43 153.29 186.44
v 242.36 155.61 203.30
v 261.63 -554.77 289.30
v 261.63 -554.77 289.30
v 254.56 -552.44 306.15
v 258.01 -552.23 307.18
v 254.56 -552.44 306.15
v 261.63 -554.77 289.30
v 254.56 -552.44 306.15
v 258.01 -552.23 307.18
v 242.36 155.61 203.30
v 245.82 155.82 204.33
v 242.36 155.61 203.30
v 258.01 -552.23 307.18
v 242.36 155.61 203.30
v 245.82 155.82 204.33
v 249.43 153.29 186.44
v 249.43 153.29 186.44
v 249.43 153.29 186.44
v 245.82 155.82 204.33
v 261.63 -554.77 289.30
v 261.63 -554.77 289.30
v 258.01 -552.23 307.18
v 261.60 -552.12 307.53
v 258.01 -552.23 307.18
v 261.63 -554.77 289.30
v 258.01 -552.23 307.18
v 261.60 -552.12 307.53
v 245.82 155.82 204.33
v 249.41 155.94 204.68
v 245.82 155.82 204.33
v 261.60 -552.12 307.53
v 245.82 155.82 204.33
v 249.41 155.94 204.68
v 249.43 153.29 186.44
v 249.43 153.29 186.44
v 249.43 153.29 186.44
v 249.41 155.94 204.68
f 577 578 579
f 580 581 582
f 583 584 585
f 586 587 588
f 589 590 591
f 592 593 594
f 595 596 597
f 598 599 600
f 601 602 603
f 604 605 606
f 607 608 609
f 610 611 612
f 613 614 615
f 616 617 618
f 619 620 621
f 622 623 624
f 625 626 627
f 628 629 630
f 631 632 633
f 634 635 636
f 637 638 639
f 640 641 642
f 643 644 645
f 646 647 648
f 649 650 651
f 652 653 654
f 655 656 657
f 658 659 660
f 661 662 663
f 664 665 666
f 667 668 669
f 670 671 672
f 673 674 675
f 676 677 678
f 679 680 681
f 682 683 684
f 685 686 687
f 688 689 690
f 691 692 693
f 694 695 696
f 697 698 699
f 700 701 702
f 703 704 705
f 706 707 708
f 709 710 711
f 712 713 714
f 715 716 717
f 718 719 720
f 721 722 723
f 724 725 726
f 727 728 729
f 730 731 732
f 733 734 735
f 736 737 738
f 739 740 741
f 742 743 744
f 745 746 747
f 748 749 750
f 751 752 753
f 754 755 756
f 757 758 759
f 760 761 762
f 763 764 765
f 766 767 768
f 769 770 771
f 772 773 774
f 775 776 777
f 778 779 780
f 781 782 783
f 784 785 786
f 787 788 789
f 790 791 792
f 793 794 795
f 796 797 798
f 799 800 801
f 802 803 804
f 805 806 807
f 808 809 810
f 811 812 813
f 814 815 816
f 817 818 819
f 820 821 822
f 823 824 825
f 826 827 828
f 829 830 831
f 832 833 834
f 835 836 837
f 838 839 840
f 841 842 843
f 844 845 846
f 847 848 849
f 850 851 852
f 853 854 855
f 856 857 858
f 859 860 861
f 862 863 864
f 865 866 867
f 868 869 870
f 871 872 873
f 874 875 876
f 877 878 879
f 880 881 882
f 883 884 885
f 886 887 888
f 889 890 891
f 892 893 894
f 895 896 897
f 898 899 900
f 901 902 903
f 904 905 906
f 907 908 909
f 910 911 912
f 913 914 915
f 916 917 918
f 919 920 921
f 922 923 924
f 925 926 927
f 928 929 930
f 931 932 933
f 934 935 936
f 937 938 939
f 940 941 942
f 943 944 945
f 946 947 948
f 949 950 951
f 952 953 954
f 955 956 957
f 958 959 960
f 961 962 963
f 964 965 966
f 967 968 969
f 970 971 972
f 973 974 975
f 976 977 978
f 979 980 981
f 982 983 984
f 985 986 987
f 988 989 990
f 991 992 993
f 994 995 996
f 997 998 999
f 1000 1001 1002
f 1003 1004 1005
f 1006 1007 1008
f 1009 1010 1011
f 1012 1013 1014
f 1015 1016 1017
f 1018 1019 1020
f 1021 1022 1023
f 1024 1025 1026
f 1027 1028 1029
f 1030 1031 1032
f 1033 1034 1035
f 1036 1037 1038
f 1039 1040 1041
f 1042 1043 1044
f 1045 1046 1047
f 1048 1049 1050
f 1051 1052 1053
f 1054 1055 1056
f 1057 1058 1059
f 1060 1061 1062
f 1063 1064 1065
f 1066 1067 1068
f 1069 1070 1071
f 1072 1073 1074
f 1075 1076 1077
f 1078 1079 1080
f 1081 1082 1083
f 1084 1085 1086
f 1087 1088 1089
f 1090 1091 1092
f 1093 1094 1095
f 1096 1097 1098
f 1099 1100 1101
f 1102 1103 1104
f 1105 1106 1107
f 1108 1109 1110
f 1111 1112 1113
f 1114 1115 1116
f 1117 1118 1119
f 1120 1121 1122
f 1123 1124 1125
f 1126 1127 1128
f 1129 1130 1131
f 1132 1133 1134
f 1135 1136 1137
f 1138 1139 1140
f 1141 1142 1143
f 1144 1145 1146
f 1147 1148 1149
f 1150 1151 1152
o p3-chan_cylinder
usemtl mat_primitive
v -253.22 -529.42 280.78
v -253.22 -529.42 280.78
v -253.22 -526.97 298.68
v -249.70 -527.01 298.34
v -253.22 -526.97 298.68
v -253.22 -529.42 280.78
v -253.22 -526.97 298.68
v -249.70 -527.01 298.34
v -253.47 201.03 198.90
v -249.95 200.99 198.56
v -253.47 201.03 198.90
v -249.70 -527.01 298.34
v -253.47 201.03 198.90
v -249.95 200.99 198.56
v -253.47 198.58 181.00
v -253.47 198.58 181.00
v -253.47 198.58 181.00
v -249.95 200.99 198.56
v -253.22 -529.42 280.78
v -253.22 -529.42 280.78
v -249.70 -527.01 298.34
v -246.31 -527.15 297.32
v -249.70 -527.01 298.34
v -253.22 -529.42 280.78
v -249.70 -527.01 298.34
v -246.31 -527.15 297.32
v -249.95 200.99 198.56
v -246.56 200.85 197.54
v -249.95 200.99 198.56
v -246.31 -527.15 297.32
v -249.95 200.99 198.56
v -246.56 200.85 197.54
v -253.47 198.58 181.00
v -253.47 198.58 181.00
v -253.47 198.58 181.00
v -246.56 200.85 197.54
v -253.22 -529.42 280.78
v -253.22 -529.42 280.78
v -246.31 -527.15 297.32
v -243.18 -527.38 295.66
v -246.31 -527.15 297.32
v -253.22 -529.42 280.78
v -246.31 -527.15 297.32
v -243.18 -527.38 295.66
v -246.56 200.85 197.54
v -243.43 200.62 195.88
v -246.56 200.85 197.54
v -243.18 -527.38 295.66
v -246.56 200.85 197.54
v -243.43 200.62 195.88
v -253.47 198.58 181.00
v -253.47 198.58 181.00
v -253.47 198.58 181.00
v -243.43 200.62 195.88
v -253.22 -529.42 280.78
v -253.22 -529.42 280.78
v -243.18 -527.38 295.66
v -240.45 -527.68 293.44
v -243.18 -527.38 295.66
v -253.22 -529.42 280.78
v -243.18 -527.38 295.66
v -240.45 -527.68 293.44
v -243.43 200.62 195.88
v -240.70 200.32 193.65
v -243.43 200.62 195.88
v -240.45 -527.68 293.44
v -243.43 200.62 195.88
v -240.70 200.32 193.65
v -253.47 198.58 181.00
v -253.47 198.58 181.00
v -253.47 198.58 181.00
v -240.70 200.32 193.65
v -253.22 -529.42 280.78
v -253.22 -529.42 280.78
v -240.45 -527.68 293.44
v -238.20 -528.05 290.72
v -240.45 -527.68 293.44
v -253.22 -529.42 280.78
v -240.45 -527.68 293.44
v -238.20 -528.05 290.72
v -240.70 200.32 193.65
v -238.45 199.95 190.94
v -240.70 200.32 193.65
v -238.20 -528.05 290.72
v -240.70 200.32 193.65
v -238.45 199.95 190.94
v -253.47 198.58 181.00
v -253.47 198.58 181.00
v -253.47 198.58 181.00
v -238.45 199.95 190.94
v -253.22 -529.42 280.78
v -253.22 -529.42 280.78
v -238.20 -528.05 290.72
v -236.53 -528.48 287.63
v -238.20 -528.05 290.72
v -253.22 -529.42 280.78
v -238.20 -528.05 290.72
v -236.53 -528.48 287.63
v -238.45 199.95 190.94
v -236.78 199.52 187.85
v -238.45 199.95 190.94
v -236.53 -528.48 287.63
v -238.45 199.95 190.94
v -236.78 199.52 187.85
v -253.47 198.58 181.00
v -253.47 198.58 181.00
v -253.47 198.58 181.00
v -236.78 199.52 187.85
v -253.22 -529.42 280.78
v -253.22 -529.42 280.78
v -236.53 -528.48 287.63
v -235.50 -528.94 284.27
v -236.53 -528.48 287.63
v -253.22 -529.42 280.78
v -236.53 -528.48 287.63
v -235.50 -528.94 284.27
v -236.78 199.52 187.85
v -235.75 199.06 184.49
v -236.78 199.52 187.85
v -235.50 -528.94 284.27
v -236.78 199.52 187.85
v -235.75 199.06 184.49
v -253.47 198.58 181.00
v -253.47 198.58 181.00
v -253.47 198.58 181.00
v -235.75 199.06 184.49
v -253.22 -529.42 280.78
v -253.22 -529.42 280.78
v -235.50 -528.94 284.27
v -235.15 -529.41 280.78
v -235.50 -528.94 284.27
v -253.22 -529.42 280.78
v -235.50 -528.94 284.27
v -235.15 -529.41 280.78
v -235.75 199.06 184.49
v -235.40 198.59 180.99
v -235.75 199.06 184.49
v -235.15 -529.41 280.78
v -235.75 199.06 184.49
v -235.40 198.59 180.99
v -253.47 198.58 181.00
v -253.47 198.58 181.00
v -253.47 198.58 181.00
v -235.40 198.59 180.99
v -253.22 -529.42 280.78
v -253.22 -529.42 280.78
v -235.15 -529.41 280.78
v -235.50 -529.89 277.28
v -235.15 -529.41 280.78
v -253.22 -529.42 280.78
v -235.15 -529.41 280.78
v -235.50 -529.89 277.28
v -235.40 198.59 180.99
v -235.75 198.11 177.50
v -235.40 198.59 180.99
v -235.50 -529.89 277.28
v -235.40 198.59 180.99
v -235.75 198.11 177.50
v -253.47 198.58 181.00
v -253.47 198.58 181.00
v -253.47 198.58 181.00
v -235.75 198.11 177.50
v -253.22 -529.42 280.78
v -253.22 -529.42 280.78
v -235.50 -529.89 277.28
v -236.53 -530.35 273.92
v -235.50 -529.89 277.28
v -253.22 -529.42 280.78
v -235.50 -529.89 277.28
v -236.53 -530.35 273.92
v -235.75 198.11 177.50
v -236.78 197.65 174.14
v -235.75 198.11 177.50
v -236.53 -530.35 273.92
v -235.75 198.11 177.50
v -236.78 197.65 174.14
v -253.47 198.58 181.00
v -253.47 198.58 181.00
v -253.47 198.58 181.00
v -236.78 197.65 174.14
v -253.22 -529.42 280.78
v -253.22 -529.42 280.78
v -236.53 -530.35 273.92
v -238.20 -530.78 270.83
v -236.53 -530.35 273.92
v -253.22 -529.42 280.78
v -236.53 -530.35 273.92
v -238.20 -530.78 270.83
v -236.78 197.65 174.14
v -238.45 197.22 171.05
v -236.78 197.65 174.14
v -238.20 -530.78 270.83
v -236.78 197.65 174.14
v -238.45 197.22 171.05
v -253.47 198.58 181.00
v -253.47 198.58 181.00
v -253.47 198.58 181.00
v -238.45 197.22 171.05
v -253.22 -529.42 280.78
v -253.22 -529.42 280.78
v -238.20 -530.78 270.83
v -240.44 -531.15 268.12
v -238.20 -530.78 270.83
v -253.22 -529.42 280.78
v -238.20 -530.78 270.83
v -240.44 -531.15 268.12
v -238.45 197.22 171.05
v -240.69 196.85 168.33
v -238.45 197.22 171.05
v -240.44 -531.15 268.12
v -238.45 197.22 171.05
v -240.69 196.85 168.33
v -253.47 198.58 181.00
v -253.47 198.58 181.00
v -253.47 198.58 181.00
v -240.69 196.85 168.33
v -253.22 -529.42 280.78
v -253.22 -529.42 280.78
v -240.44 -531.15 268.12
v -243.18 -531.46 265.89
v -240.44 -531.15 268.12
v -253.22 -529.42 280.78
v -240.44 -531.15 268.12
v -243.18 -531.46 265.89
v -240.69 196.85 168.33
v -243.43 196.54 166.11
v -240.69 196.85 168.33
v -243.18 -531.46 265.89
v -240.69 196.85 168.33
v -243.43 196.54 166.11
v -253.47 198.58 181.00
v -253.47 198.58 181.00
v -253.47 198.58 181.00
v -243.43 196.54 166.11
v -253.22 -529.42 280.78
v -253.22 -529.42 280.78
v -243.18 -531.46 265.89
v -246.31 -531.68 264.23
v -243.18 -531.46 265.89
v -253.22 -529.42 280.78
v -243.18 -531.46 265.89
v -246.31 -531.68 264.23
v -243.43 196.54 166.11
v -246.56 196.31 164.45
v -243.43 196.54 166.11
v -246.31 -531.68 264.23
v -243.43 196.54 166.11
v -246.56 196.31 164.45
v -253.47 198.58 181.00
v -253.47 198.58 181.00
v -253.47 198.58 181.00
v -246.56 196.31 164.45
v -253.22 -529.42 280.78
v -253.22 -529.42 280.78
v -246.31 -531.68 264.23
v -249.70 -531.83 263.22
v -246.31 -531.68 264.23
v -253.22 -529.42 280.78
v -246.31 -531.68 264.23
v -249.70 -531.83 263.22
v -246.56 196.31 164.45
v -249.95 196.17 163.44
v -246.56 196.31 164.45
v -249.70 -531.83 263.22
v -246.56 196.31 164.45
v -249.95 196.17 163.44
v -253.47 198.58 181.00
v -253.47 198.58 181.00
v -253.47 198.58 181.00
v -249.95 196.17 163.44
v -253.22 -529.42 280.78
v -253.22 -529.42 280.78
v -249.70 -531.83 263.22
v -253.22 -531.87 262.87
v -249.70 -531.83 263.22
v -253.22 -529.42 280.78
v -249.70 -531.83 263.22
v -253.22 -531.87 262.87
v -249.95 196.17 163.44
v -253.47 196.13 163.09
v -249.95 196.17 163.44
v -253.22 -531.87 262.87
v -249.95 196.17 163.44
v -253.47 196.13 163.09
v -253.47 198.58 181.00
v -253.47 198.58 181.00
v -253.47 198.58 181.00
v -253.47 196.13 163.09
v -253.22 -529.42 280.78
v -253.22 -529.42 280.78
v -253.22 -531.87 262.87
v -256.75 -531.83 263.22
v -253.22 -531.87 262.87
v -253.22 -529.42 280.78
v -253.22 -531.87 262.87
v -256.75 -531.83 263.22
v -253.47 196.13 163.09
v -257.00 196.17 163.44
v -253.47 196.13 163.09
v -256.75 -531.83 263.22
v -253.47 196.13 163.09
v -257.00 196.17 163.44
v -253.47 198.58 181.00
v -253.47 198.58 181.00
v -253.47 198.58 181.00
v -257.00 196.17 163.44
v -253.22 -529.42 280.78
v -253.22 -529.42 280.78
v -256.75 -531.83 263.22
v -260.14 -531.69 264.24
v -256.75 -531.83 263.22
v -253.22 -529.42 280.78
v -256.75 -531.83 263.22
v -260.14 -531.69 264.24
v -257.00 196.17 163.44
v -260.39 196.31 164.45
v -257.00 196.17 163.44
v -260.14 -531.69 264.24
v -257.00 196.17 163.44
v -260.39 196.31 164.45
v -253.47 198.58 181.00
v -253.47 198.58 181.00
v -253.47 198.58 181.00
v -260.39 196.31 164.45
v -253.22 -529.42 280.78
v -253.22 -529.42 280.78
v -260.14 -531.69 264.24
v -263.26 -531.46 265.89
v -260.14 -531.69 264.24
v -253.22 -529.42 280.78
v -260.14 -531.69 264.24
v -263.26 -531.46 265.89
v -260.39 196.31 164.45
v -263.51 196.54 166.11
v -260.39 196.31 164.45
v -263.26 -531.46 265.89
v -260.39 196.31 164.45
v -263.51 196.54 166.11
v -253.47 198.58 181.00
v -253.47 198.58 181.00
v -253.47 198.58 181.00
v -263.51 196.54 166.11
v -253.22 -529.42 280.78
v -253.22 -529.42 280.78
v -263.26 -531.46 265.89
v -266.00 -531.16 268.12
v -263.26 -531.46 265.89
v -253.22 -529.42 280.78
v -263.26 -531.46 265.89
v -266.00 -531.16 268.12
v -263.51 196.54 166.11
v -266.25 196.84 168.34
v -263.51 196.54 166.11
v -266.00 -531.16 268.12
v -263.51 196.54 166.11
v -266.25 196.84 168.34
v -253.47 198.58 181.00
v -253.47 198.58 181.00
v -253.47 198.58 181.00
v -266.25 196.84 168.34
v -253.22 -529.42 280.78
v -253.22 -529.42 280.78
v -266.00 -531.16 268.12
v -268.25 -530.79 270.83
v -266.00 -531.16 268.12
v -253.22 -529.42 280.78
v -266.00 -531.16 268.12
v -268.25 -530.79 270.83
v -266.25 196.84 168.34
v -268.50 197.21 171.05
v -266.25 196.84 168.34
v -268.25 -530.79 270.83
v -266.25 196.84 168.34
v -268.50 197.21 171.05
v -253.47 198.58 181.00
v -253.47 198.58 181.00
v -253.47 198.58 181.00
v -268.50 197.21 171.05
v -253.22 -529.42 280.78
v -253.22 -529.42 280.78
v -268.25 -530.79 270.83
v -269.92 -530.36 273.92
v -268.25 -530.79 270.83
v -253.22 -529.42 280.78
v -268.25 -530.79 270.83
v -269.92 -530.36 273.92
v -268.50 197.21 171.05
v -270.17 197.63 174.14
v -268.50 197.21 171.05
v -269.92 -530.36 273.92
v -268.50 197.21 171.05
v -270.17 197.63 174.14
v -253.47 198.58 181.00
v -253.47 198.58 181.00
v -253.47 198.58 181.00
v -270.17 197.63 174.14
v -253.22 -529.42 280.78
v -253.22 -529.42 280.78
v -269.92 -530.36 273.92
v -270.95 -529.90 277.28
v -269.92 -530.36 273.92
v -253.22 -529.42 280.78
v -269.92 -530.36 273.92
v -270.95 -529.90 277.28
v -270.17 197.63 174.14
v -271.20 198.09 177.50
v -270.17 197.63 174.14
v -270.95 -529.90 277.28
v -270.17 197.63 174.14
v -271.20 198.09 177.50
v -253.47 198.58 181.00
v -253.47 198.58 181.00
v -253.47 198.58 181.00
v -271.20 198.09 177.50
v -253.22 -529.42 280.78
v -253.22 -529.42 280.78
v -270.95 -529.90 277.28
v -271.29 -529.43 280.78
v -270.95 -529.90 277.28
v -253.22 -529.42 280.78
v -270.95 -529.90 277.28
v -271.29 -529.43 280.78
v -271.20 198.09 177.50
v -271.54 198.57 181.00
v -271.20 198.09 177.50
v -271.29 -529.43 280.78
v -271.20 198.09 177.50
v -271.54 198.57 181.00
v -253.47 198.58 181.00
v -253.47 198.58 181.00
v -253.47 198.58 181.00
v -271.54 198.57 181.00
v -253.22 -529.42 280.78
v -253.22 -529.42 280.78
v -271.29 -529.43 280.78
v -270.95 -528.95 284.27
v -271.29 -529.43 280.78
v -253.22 -529.42 280.78
v -271.29 -529.43 280.78
v -270.95 -528.95 284.27
v -271.54 198.57 181.00
v -271.20 199.05 184.49
v -271.54 198.57 181.00
v -270.95 -528.95 284.27
v -271.54 198.57 181.00
v -271.20 199.05 184.49
v -253.47 198.58 181.00
v -253.47 198.58 181.00
v -253.47 198.58 181.00
v -271.20 199.05 184.49
v -253.22 -529.42 280.78
v -253.22 -529.42 280.78
v -270.95 -528.95 284.27
v -269.92 -528.49 287.63
v -270.95 -528.95 284.27
v -253.22 -529.42 280.78
v -270.95 -528.95 284.27
v -269.92 -528.49 287.63
v -271.20 199.05 184.49
v -270.17 199.51 187.85
v -271.20 199.05 184.49
v -269.92 -528.49 287.63
v -271.20 199.05 184.49
v -270.17 199.51 187.85
v -253.47 198.58 181.00
v -253.47 198.58 181.00
v -253.47 198.58 181.00
v -270.17 199.51 187.85
v -253.22 -529.42 280.78
v -253.22 -529.42 280.78
v -269.92 -528.49 287.63
v -268.25 -528.06 290.72
v -269.92 -528.49 287.63
v -253.22 -529.42 280.78
v -269.92 -528.49 287.63
v -268.25 -528.06 290.72
v -270.17 199.51 187.85
v -268.50 199.94 190.94
v -270.17 199.51 187.85
v -268.25 -528.06 290.72
v -270.17 199.51 187.85
v -268.50 199.94 190.94
v -253.47 198.58 181.00
v -253.47 198.58 181.00
v -253.47 198.58 181.00
v -268.50 199.94 190.94
v -253.22 -529.42 280.78
v -253.22 -529.42 280.78
v -268.25 -528.06 290.72
v -266.00 -527.69 293.44
v -268.25 -528.06 290.72
v -253.22 -529.42 280.78
v -268.25 -528.06 290.72
v -266.00 -527.69 293.44
v -268.50 199.94 190.94
v -266.25 200.31 193.66
v -268.50 199.94 190.94
v -266.00 -527.69 293.44
v -268.50 199.94 190.94
v -266.25 200.31 193.66
v -253.47 198.58 181.00
v -253.47 198.58 181.00
v -253.47 198.58 181.00
v -266.25 200.31 193.66
v -253.22 -529.42 280.78
v -253.22 -529.42 280.78
v -266.00 -527.69 293.44
v -263.26 -527.38 295.66
v -266.00 -527.69 293.44
v -253.22 -529.42 280.78
v -266.00 -527.69 293.44
v -263.26 -527.38 295.66
v -266.25 200.31 193.66
v -263.51 200.62 195.88
v -266.25 200.31 193.66
v -263.26 -527.38 295.66
v -266.25 200.31 193.66
v -263.51 200.62 195.88
v -253.47 198.58 181.00
v -253.47 198.58 181.00
v -253.47 198.58 181.00
v -263.51 200.62 195.88
v -253.22 -529.42 280.78
v -253.22 -529.42 280.78
v -263.26 -527.38 295.66
v -260.14 -527.16 297.32
v -263.26 -527.38 295.66
v -253.22 -529.42 280.78
v -263.26 -527.38 295.66
v -260.14 -527.16 297.32
v -263.51 200.62 195.88
v -260.39 200.84 197.54
v -263.51 200.62 195.88
v -260.14 -527.16 297.32
v -263.51 200.62 195.88
v -260.39 200.84 197.54
v -253.47 198.58 181.00
v -253.47 198.58 181.00
v -253.47 198.58 181.00
v -260.39 200.84 197.54
v -253.22 -529.42 280.78
v -253.22 -529.42 280.78
v -260.14 -527.16 297.32
v -256.75 -527.01 298.34
v -260.14 -527.16 297.32
v -253.22 -529.42 280.78
v -260.14 -527.16 297.32
v -256.75 -527.01 298.34
v -260.39 200.84 197.54
v -257.00 200.99 198.56
v -260.39 200.84 197.54
v -256.75 -527.01 298.34
v -260.39 200.84 197.54
v -257.00 200.99 198.56
v -253.47 198.58 181.00
v -253.47 198.58 181.00
v -253.47 198.58 181.00
v -257.00 200.99 198.56
v -253.22 -529.42 280.78
v -253.22 -529.42 280.78
v -256.75 -527.01 298.34
v -253.22 -526.97 298.68
v -256.75 -527.01 298.34
v -253.22 -529.42 280.78
v -256.75 -527.01 298.34
v -253.22 -526.97 298.68
v -257.00 200.99 198.56
v -253.47 201.03 198.90
v -257.00 200.99 198.56
v -253.22 -526.97 298.68
v -257.00 200.99 198.56
v -253.47 201.03 198.90
v -253.47 198.58 181.00
v -253.47 198.58 181.00
v -253.47 198.58 181.00
v -253.47 201.03 198.90
f 1153 1154 1155
f 1156 1157 1158
f 1159 1160 1161
f 1162 1163 1164
f 1165 1166 1167
f 1168 1169 1170
f 1171 1172 1173
f 1174 1175 1176
f 1177 1178 1179
f 1180 1181 1182
f 1183 1184 1185
f 1186 1187 1188
f 1189 1190 1191
f 1192 1193 1194
f 1195 1196 1197
f 1198 1199 1200
f 1201 1202 1203
f 1204 1205 1206
f 1207 1208 1209
f 1210 1211 1212
f 1213 1214 1215
f 1216 1217 1218
f 1219 1220 1221
f 1222 1223 1224
f 1225 1226 1227
f 1228 1229 1230
f 1231 1232 1233
f 1234 1235 1236
f 1237 1238 1239
f 1240 1241 1242
f 1243 1244 1245
f 1246 1247 1248
f 1249 1250 1251
f 1252 1253 1254
f 1255 1256 1257
f 1258 1259 1260
f 1261 1262 1263
f 1264 1265 1266
f 1267 1268 1269
f 1270 1271 1272
f 1273 1274 1275
f 1276 1277 1278
f 1279 1280 1281
f 1282 1283 1284
f 1285 1286 1287
f 1288 1289 1290
f 1291 1292 1293
f 1294 1295 1296
f 1297 1298 1299
f 1300 1301 1302
f 1303 1304 1305
f 1306 1307 1308
f 1309 1310 1311
f 1312 1313 1314
f 1315 1316 1317
f 1318 1319 1320
f 1321 1322 1323
f 1324 1325 1326
f 1327 1328 1329
f 1330 1331 1332
f 1333 1334 1335
f 1336 1337 1338
f 1339 1340 1341
f 1342 1343 1344
f 1345 1346 1347
f 1348 1349 1350
f 1351 1352 1353
f 1354 1355 1356
f 1357 1358 1359
f 1360 1361 1362
f 1363 1364 1365
f 1366 1367 1368
f 1369 1370 1371
f 1372 1373 1374
f 1375 1376 1377
f 1378 1379 1380
f 1381 1382 1383
f 1384 1385 1386
f 1387 1388 1389
f 1390 1391 1392
f 1393 1394 1395
f 1396 1397 1398
f 1399 1400 1401
f 1402 1403 1404
f 1405 1406 1407
f 1408 1409 1410
f 1411 1412 1413
f 1414 1415 1416
f 1417 1418 1419
f 1420 1421 1422
f 1423 1424 1425
f 1426 1427 1428
f 1429 1430 1431
f 1432 1433 1434
f 1435 1436 1437
f 1438 1439 1440
f 1441 1442 1443
f 1444 1445 1446
f 1447 1448 1449
f 1450 1451 1452
f 1453 1454 1455
f 1456 1457 1458
f 1459 1460 1461
f 1462 1463 1464
f 1465 1466 1467
f 1468 1469 1470
f 1471 1472 1473
f 1474 1475 1476
f 1477 1478 1479
f 1480 1481 1482
f 1483 1484 1485
f 1486 1487 1488
f 1489 1490 1491
f 1492 1493 1494
f 1495 1496 1497
f 1498 1499 1500
f 1501 1502 1503
f 1504 1505 1506
f 1507 1508 1509
f 1510 1511 1512
f 1513 1514 1515
f 1516 1517 1518
f 1519 1520 1521
f 1522 1523 1524
f 1525 1526 1527
f 1528 1529 1530
f 1531 1532 1533
f 1534 1535 1536
f 1537 1538 1539
f 1540 1541 1542
f 1543 1544 1545
f 1546 1547 1548
f 1549 1550 1551
f 1552 1553 1554
f 1555 1556 1557
f 1558 1559 1560
f 1561 1562 1563
f 1564 1565 1566
f 1567 1568 1569
f 1570 1571 1572
f 1573 1574 1575
f 1576 1577 1578
f 1579 1580 1581
f 1582 1583 1584
f 1585 1586 1587
f 1588 1589 1590
f 1591 1592 1593
f 1594 1595 1596
f 1597 1598 1599
f 1600 1601 1602
f 1603 1604 1605
f 1606 1607 1608
f 1609 1610 1611
f 1612 1613 1614
f 1615 1616 1617
f 1618 1619 1620
f 1621 1622 1623
f 1624 1625 1626
f 1627 1628 1629
f 1630 1631 1632
f 1633 1634 1635
f 1636 1637 1638
f 1639 1640 1641
f 1642 1643 1644
f 1645 1646 1647
f 1648 1649 1650
f 1651 1652 1653
f 1654 1655 1656
f 1657 1658 1659
f 1660 1661 1662
f 1663 1664 1665
f 1666 1667 1668
f 1669 1670 1671
f 1672 1673 1674
f 1675 1676 1677
f 1678 1679 1680
f 1681 1682 1683
f 1684 1685 1686
f 1687 1688 1689
f 1690 1691 1692
f 1693 1694 1695
f 1696 1697 1698
f 1699 1700 1701
f 1702 1703 1704
f 1705 1706 1707
f 1708 1709 1710
f 1711 1712 1713
f 1714 1715 1716
f 1717 1718 1719
f 1720 1721 1722
f 1723 1724 1725
f 1726 1727 1728
o p4-chan_cylinder
usemtl mat_primitive
v -261.69 -554.19 -289.84
v -261.69 -554.19 -289.84
v -261.71 -556.96 -271.17
v -258.03 -556.95 -271.53
v -261.71 -556.96 -271.17
v -261.69 -554.19 -289.84
v -261.71 -556.96 -271.17
v -258.03 -556.95 -271.53
v -251.58 177.46 -162.52
v -247.90 177.46 -162.88
v -251.58 177.46 -162.52
v -258.03 -556.95 -271.53
v -251.58 177.46 -162.52
v -247.90 177.46 -162.88
v -251.56 180.22 -181.19
v -251.56 180.22 -181.19
v -251.56 180.22 -181.19
v -247.90 177.46 -162.88
v -261.69 -554.19 -289.84
v -261.69 -554.19 -289.84
v -258.03 -556.95 -271.53
v -254.48 -556.85 -272.60
v -258.03 -556.95 -271.53
v -261.69 -554.19 -289.84
v -258.03 -556.95 -271.53
v -254.48 -556.85 -272.60
v -247.90 177.46 -162.88
v -244.35 177.57 -163.95
v -247.90 177.46 -162.88
v -254.48 -556.85 -272.60
v -247.90 177.46 -162.88
v -244.35 177.57 -163.95
v -251.56 180.22 -181.19
v -251.56 180.22 -181.19
v -251.56 180.22 -181.19
v -244.35 177.57 -163.95
v -261.69 -554.19 -289.84
v -261.69 -554.19 -289.84
v -254.48 -556.85 -272.60
v -251.22 -556.63 -274.33
v -254.48 -556.85 -272.60
v -261.69 -554.19 -289.84
v -254.48 -556.85 -272.60
v -251.22 -556.63 -274.33
v -244.35 177.57 -163.95
v -241.09 177.78 -165.68
v -244.35 177.57 -163.95
v -251.22 -556.63 -274.33
v -244.35 177.57 -163.95
v -241.09 177.78 -165.68
v -251.56 180.22 -181.19
v -251.56 180.22 -181.19
v -251.56 180.22 -181.19
v -241.09 177.78 -165.68
v -261.69 -554.19 -289.84
v -261.69 -554.19 -289.84
v -251.22 -556.63 -274.33
v -248.36 -556.33 -276.65
v -251.22 -556.63 -274.33
v -261.69 -554.19 -289.84
v -251.22 -556.63 -274.33
v -248.36 -556.33 -276.65
v -241.09 177.78 -165.68
v -238.23 178.08 -168.00
v -241.09 177.78 -165.68
v -248.36 -556.33 -276.65
v -241.09 177.78 -165.68
v -238.23 178.08 -168.00
v -251.56 180.22 -181.19
v -251.56 180.22 -181.19
v -251.56 180.22 -181.19
v -238.23 178.08 -168.00
v -261.69 -554.19 -289.84
v -261.69 -554.19 -289.84
v -248.36 -556.33 -276.65
v -246.01 -555.94 -279.48
v -248.36 -556.33 -276.65
v -261.69 -554.19 -289.84
v -248.36 -556.33 -276.65
v -246.01 -555.94 -279.48
v -238.23 178.08 -168.00
v -235.88 178.47 -170.83
v -238.23 178.08 -168.00
v -246.01 -555.94 -279.48
v -238.23 178.08 -168.00
v -235.88 178.47 -170.83
v -251.56 180.22 -181.19
v -251.56 180.22 -181.19
v -251.56 180.22 -181.19
v -235.88 178.47 -170.83
v -261.69 -554.19 -289.84
v -261.69 -554.19 -289.84
v -246.01 -555.94 -279.48
v -244.26 -555.49 -282.71
v -246.01 -555.94 -279.48
v -261.69 -554.19 -289.84
v -246.01 -555.94 -279.48
v -244.26 -555.49 -282.71
v -235.88 178.47 -170.83
v -234.13 178.92 -174.06
v -235.88 178.47 -170.83
v -244.26 -555.49 -282.71
v -235.88 178.47 -170.83
v -234.13 178.92 -174.06
v -251.56 180.22 -181.19
v -251.56 180.22 -181.19
v -251.56 180.22 -181.19
v -234.13 178.92 -174.06
v -261.69 -554.19 -289.84
v -261.69 -554.19 -289.84
v -244.26 -555.49 -282.71
v -243.18 -554.99 -286.22
v -244.26 -555.49 -282.71
v -261.69 -554.19 -289.84
v -244.26 -555.49 -282.71
v -243.18 -554.99 -286.22
v -234.13 178.92 -174.06
v -233.05 179.43 -177.57
v -234.13 178.92 -174.06
v -243.18 -554.99 -286.22
v -234.13 178.92 -174.06
v -233.05 179.43 -177.57
v -251.56 180.22 -181.19
v -251.56 180.22 -181.19
v -251.56 180.22 -181.19
v -233.05 179.43 -177.57
v -261.69 -554.19 -289.84
v -261.69 -554.19 -289.84
v -243.18 -554.99 -286.22
v -242.81 -554.45 -289.86
v -243.18 -554.99 -286.22
v -261.69 -554.19 -289.84
v -243.18 -554.99 -286.22
v -242.81 -554.45 -289.86
v -233.05 179.43 -177.57
v -232.68 179.96 -181.21
v -233.05 179.43 -177.57
v -242.81 -554.45 -289.86
v -233.05 179.43 -177.57
v -232.68 179.96 -181.21
v -251.56 180.22 -181.19
v -251.56 180.22 -181.19
v -251.56 180.22 -181.19
v -232.68 179.96 -181.21
v -261.69 -554.19 -289.84
v -261.69 -554.19 -289.84
v -242.81 -554.45 -289.86
v -243.17 -553.91 -293.50
v -242.81 -554.45 -289.86
v -261.69 -554.19 -289.84
v -242.81 -554.45 -289.86
v -243.17 -553.91 -293.50
v -232.68 179.96 -181.21
v -233.04 180.51 -184.86
v -232.68 179.96 -181.21
v -243.17 -553.91 -293.50
v -232.68 179.96 -181.21
v -233.04 180.51 -184.86
v -251.56 180.22 -181.19
v -251.56 180.22 -181.19
v -251.56 180.22 -181.19
v -233.04 180.51 -184.86
v -261.69 -554.19 -289.84
v -261.69 -554.19 -289.84
v -243.17 -553.91 -293.50
v -244.24 -553.38 -297.01
v -243.17 -553.91 -293.50
v -261.69 -554.19 -289.84
v -243.17 -553.91 -293.50
v -244.24 -553.38 -297.01
v -233.04 180.51 -184.86
v -234.11 181.04 -188.36
v -233.04 180.51 -184.86
v -244.24 -553.38 -297.01
v -233.04 180.51 -184.86
v -234.11 181.04 -188.36
v -251.56 180.22 -181.19
v -251.56 180.22 -181.19
v -251.56 180.22 -181.19
v -234.11 181.04 -188.36
v -261.69 -554.19 -289.84
v -261.69 -554.19 -289.84
v -244.24 -553.38 -297.01
v -245.98 -552.87 -300.23
v -244.24 -553.38 -297.01
v -261.69 -554.19 -289.84
v -244.24 -553.38 -297.01
v -245.98 -552.87 -300.23
v -234.11 181.04 -188.36
v -235.85 181.54 -191.58
v -234.11 181.04 -188.36
v -245.98 -552.87 -300.23
v -234.11 181.04 -188.36
v -235.85 181.54 -191.58
v -251.56 180.22 -181.19
v -251.56 180.22 -181.19
v -251.56 180.22 -181.19
v -235.85 181.54 -191.58
v -261.69 -554.19 -289.84
v -261.69 -554.19 -289.84
v -245.98 -552.87 -300.23
v -248.33 -552.42 -303.06
v -245.98 -552.87 -300.23
v -261.69 -554.19 -289.84
v -245.98 -552.87 -300.23
v -248.33 -552.42 -303.06
v -235.85 181.54 -191.58
v -238.20 181.99 -194.41
v -235.85 181.54 -191.58
v -248.33 -552.42 -303.06
v -235.85 181.54 -191.58
v -238.20 181.99 -194.41
v -251.56 180.22 -181.19
v -251.56 180.22 -181.19
v -251.56 180.22 -181.19
v -238.20 181.99 -194.41
v -261.69 -554.19 -289.84
v -261.69 -554.19 -289.84
v -248.33 -552.42 -303.06
v -251.19 -552.04 -305.38
v -248.33 -552.42 -303.06
v -261.69 -554.19 -289.84
v -248.33 -552.42 -303.06
v -251.19 -552.04 -305.38
v -238.20 181.99 -194.41
v -241.06 182.37 -196.73
v -238.20 181.99 -194.41
v -251.19 -552.04 -305.38
v -238.20 181.99 -194.41
v -241.06 182.37 -196.73
v -251.56 180.22 -181.19
v -251.56 180.22 -181.19
v -251.56 180.22 -181.19
v -241.06 182.37 -196.73
v -261.69 -554.19 -289.84
v -261.69 -554.19 -289.84
v -251.19 -552.04 -305.38
v -254.45 -551.74 -307.10
v -251.19 -552.04 -305.38
v -261.69 -554.19 -289.84
v -251.19 -552.04 -305.38
v -254.45 -551.74 -307.10
v -241.06 182.37 -196.73
v -244.32 182.67 -198.45
v -241.06 182.37 -196.73
v -254.45 -551.74 -307.10
v -241.06 182.37 -196.73
v -244.32 182.67 -198.45
v -251.56 180.22 -181.19
v -251.56 180.22 -181.19
v -251.56 180.22 -181.19
v -244.32 182.67 -198.45
v -261.69 -554.19 -289.84
v -261.69 -554.19 -289.84
v -254.45 -551.74 -307.10
v -257.99 -551.54 -308.16
v -254.45 -551.74 -307.10
v -261.69 -554.19 -289.84
v -254.45 -551.74 -307.10
v -257.99 -551.54 -308.16
v -244.32 182.67 -198.45
v -247.86 182.88 -199.51
v -244.32 182.67 -198.45
v -257.99 -551.54 -308.16
v -244.32 182.67 -198.45
v -247.86 182.88 -199.51
v -251.56 180.22 -181.19
v -251.56 180.22 -181.19
v -251.56 180.22 -181.19
v -247.86 182.88 -199.51
v -261.69 -554.19 -289.84
v -261.69 -554.19 -289.84
v -257.99 -551.54 -308.16
v -261.67 -551.43 -308.52
v -257.99 -551.54 -308.16
v -261.69 -554.19 -289.84
v -257.99 -551.54 -308.16
v -261.67 -551.43 -308.52
v -247.86 182.88 -199.51
v -251.54 182.98 -199.87
v -247.86 182.88 -199.51
v -261.67 -551.43 -308.52
v -247.86 182.88 -199.51
v -251.54 182.98 -199.87
v -251.56 180.22 -181.19
v -251.56 180.22 -181.19
v -251.56 180.22 -181.19
v -251.54 182.98 -199.87
v -261.69 -554.19 -289.84
v -261.69 -554.19 -289.84
v -261.67 -551.43 -308.52
v -265.35 -551.44 -308.16
v -261.67 -551.43 -308.52
v -261.69 -554.19 -289.84
v -261.67 -551.43 -308.52
v -265.35 -551.44 -308.16
v -251.54 182.98 -199.87
v -255.22 182.98 -199.51
v -251.54 182.98 -199.87
v -265.35 -551.44 -308.16
v -251.54 182.98 -199.87
v -255.22 182.98 -199.51
v -251.56 180.22 -181.19
v -251.56 180.22 -181.19
v -251.56 180.22 -181.19
v -255.22 182.98 -199.51
v -261.69 -554.19 -289.84
v -261.69 -554.19 -289.84
v -265.35 -551.44 -308.16
v -268.90 -551.54 -307.09
v -265.35 -551.44 -308.16
v -261.69 -554.19 -289.84
v -265.35 -551.44 -308.16
v -268.90 -551.54 -307.09
v -255.22 182.98 -199.51
v -258.77 182.87 -198.44
v -255.22 182.98 -199.51
v -268.90 -551.54 -307.09
v -255.22 182.98 -199.51
v -258.77 182.87 -198.44
v -251.56 180.22 -181.19
v -251.56 180.22 -181.19
v -251.56 180.22 -181.19
v -258.77 182.87 -198.44
v -261.69 -554.19 -289.84
v -261.69 -554.19 -289.84
v -268.90 -551.54 -307.09
v -272.16 -551.75 -305.36
v -268.90 -551.54 -307.09
v -261.69 -554.19 -289.84
v -268.90 -551.54 -307.09
v -272.16 -551.75 -305.36
v -258.77 182.87 -198.44
v -262.03 182.66 -196.71
v -258.77 182.87 -198.44
v -272.16 -551.75 -305.36
v -258.77 182.87 -198.44
v -262.03 182.66 -196.71
v -251.56 180.22 -181.19
v -251.56 180.22 -181.19
v -251.56 180.22 -181.19
v -262.03 182.66 -196.71
v -261.69 -554.19 -289.84
v -261.69 -554.19 -289.84
v -272.16 -551.75 -305.36
v -275.02 -552.06 -303.03
v -272.16 -551.75 -305.36
v -261.69 -554.19 -289.84
v -272.16 -551.75 -305.36
v -275.02 -552.06 -303.03
v -262.03 182.66 -196.71
v -264.90 182.36 -194.39
v -262.03 182.66 -196.71
v -275.02 -552.06 -303.03
v -262.03 182.66 -196.71
v -264.90 182.36 -194.39
v -251.56 180.22 -181.19
v -251.56 180.22 -181.19
v -251.56 180.22 -181.19
v -264.90 182.36 -194.39
v -261.69 -554.19 -289.84
v -261.69 -554.19 -289.84
v -275.02 -552.06 -303.03
v -277.38 -552.45 -300.20
v -275.02 -552.06 -303.03
v -261.69 -554.19 -289.84
v -275.02 -552.06 -303.03
v -277.38 -552.45 -300.20
v -264.90 182.36 -194.39
v -267.25 181.97 -191.55
v -264.90 182.36 -194.39
v -277.38 -552.45 -300.20
v -264.90 182.36 -194.39
v -267.25 181.97 -191.55
v -251.56 180.22 -181.19
v -251.56 180.22 -181.19
v -251.56 180.22 -181.19
v -267.25 181.97 -191.55
v -261.69 -554.19 -289.84
v -261.69 -554.19 -289.84
v -277.38 -552.45 -300.20
v -279.12 -552.90 -296.97
v -277.38 -552.45 -300.20
v -261.69 -554.19 -289.84
v -277.38 -552.45 -300.20
v -279.12 -552.90 -296.97
v -267.25 181.97 -191.55
v -268.99 181.51 -188.32
v -267.25 181.97 -191.55
v -279.12 -552.90 -296.97
v -267.25 181.97 -191.55
v -268.99 181.51 -188.32
v -251.56 180.22 -181.19
v -251.56 180.22 -181.19
v -251.56 180.22 -181.19
v -268.99 181.51 -188.32
v -261.69 -554.19 -289.84
v -261.69 -554.19 -289.84
v -279.12 -552.90 -296.97
v -280.20 -553.40 -293.47
v -279.12 -552.90 -296.97
v -261.69 -554.19 -289.84
v -279.12 -552.90 -296.97
v -280.20 -553.40 -293.47
v -268.99 181.51 -188.32
v -270.07 181.01 -184.82
v -268.99 181.51 -188.32
v -280.20 -553.40 -293.47
v -268.99 181.51 -188.32
v -270.07 181.01 -184.82
v -251.56 180.22 -181.19
v -251.56 180.22 -181.19
v -251.56 180.22 -181.19
v -270.07 181.01 -184.82
v -261.69 -554.19 -289.84
v -261.69 -554.19 -289.84
v -280.20 -553.40 -293.47
v -280.57 -553.94 -289.82
v -280.20 -553.40 -293.47
v -261.69 -554.19 -289.84
v -280.20 -553.40 -293.47
v -280.57 -553.94 -289.82
v -270.07 181.01 -184.82
v -270.44 180.48 -181.17
v -270.07 181.01 -184.82
v -280.57 -553.94 -289.82
v -270.07 181.01 -184.82
v -270.44 180.48 -181.17
v -251.56 180.22 -181.19
v -251.56 180.22 -181.19
v -251.56 180.22 -181.19
v -270.44 180.48 -181.17
v -261.69 -554.19 -289.84
v -261.69 -554.19 -289.84
v -280.57 -553.94 -289.82
v -280.21 -554.48 -286.18
v -280.57 -553.94 -289.82
v -261.69 -554.19 -289.84
v -280.57 -553.94 -289.82
v -280.21 -554.48 -286.18
v -270.44 180.48 -181.17
v -270.08 179.93 -177.53
v -270.44 180.48 -181.17
v -280.21 -554.48 -286.18
v -270.44 180.48 -181.17
v -270.08 179.93 -177.53
v -251.56 180.22 -181.19
v -251.56 180.22 -181.19
v -251.56 180.22 -181.19
v -270.08 179.93 -177.53
v -261.69 -554.19 -289.84
v -261.69 -554.19 -289.84
v -280.21 -554.48 -286.18
v -279.14 -555.01 -282.68
v -280.21 -554.48 -286.18
v -261.69 -554.19 -289.84
v -280.21 -554.48 -286.18
v -279.14 -555.01 -282.68
v -270.08 179.93 -177.53
v -269.01 179.40 -174.03
v -270.08 179.93 -177.53
v -279.14 -555.01 -282.68
v -270.08 179.93 -177.53
v -269.01 179.40 -174.03
v -251.56 180.22 -181.19
v -251.56 180.22 -181.19
v -251.56 180.22 -181.19
v -269.01 179.40 -174.03
v -261.69 -554.19 -289.84
v -261.69 -554.19 -289.84
v -279.14 -555.01 -282.68
v -277.40 -555.52 -279.45
v -279.14 -555.01 -282.68
v -261.69 -554.19 -289.84
v -279.14 -555.01 -282.68
v -277.40 -555.52 -279.45
v -269.01 179.40 -174.03
v -267.27 178.90 -170.80
v -269.01 179.40 -174.03
v -277.40 -555.52 -279.45
v -269.01 179.40 -174.03
v -267.27 178.90 -170.80
v -251.56 180.22 -181.19
v -251.56 180.22 -181.19
v -251.56 180.22 -181.19
v -267.27 178.90 -170.80
v -261.69 -554.19 -289.84
v -261.69 -554.19 -289.84
v -277.40 -555.52 -279.45
v -275.05 -555.97 -276.62
v -277.40 -555.52 -279.45
v -261.69 -554.19 -289.84
v -277.40 -555.52 -279.45
v -275.05 -555.97 -276.62
v -267.27 178.90 -170.80
v -264.92 178.45 -167.98
v -267.27 178.90 -170.80
v -275.05 -555.97 -276.62
v -267.27 178.90 -170.80
v -264.92 178.45 -167.98
v -251.56 180.22 -181.19
v -251.56 180.22 -181.19
v -251.56 180.22 -181.19
v -264.92 178.45 -167.98
v -261.69 -554.19 -289.84
v -261.69 -554.19 -289.84
v -275.05 -555.97 -276.62
v -272.19 -556.35 -274.30
v -275.05 -555.97 -276.62
v -261.69 -554.19 -289.84
v -275.05 -555.97 -276.62
v -272.19 -556.35 -274.30
v -264.92 178.45 -167.98
v -262.06 178.07 -165.66
v -264.92 178.45 -167.98
v -272.19 -556.35 -274.30
v -264.92 178.45 -167.98
v -262.06 178.07 -165.66
v -251.56 180.22 -181.19
v -251.56 180.22 -181.19
v -251.56 180.22 -181.19
v -262.06 178.07 -165.66
v -261.69 -554.19 -289.84
v -261.69 -554.19 -289.84
v -272.19 -556.35 -274.30
v -268.93 -556.65 -272.58
v -272.19 -556.35 -274.30
v -261.69 -554.19 -289.84
v -272.19 -556.35 -274.30
v -268.93 -556.65 -272.58
v -262.06 178.07 -165.66
v -258.80 177.77 -163.93
v -262.06 178.07 -165.66
v -268.93 -556.65 -272.58
v -262.06 178.07 -165.66
v -258.80 177.77 -163.93
v -251.56 180.22 -181.19
v -251.56 180.22 -181.19
v -251.56 180.22 -181.19
v -258.80 177.77 -163.93
v -261.69 -554.19 -289.84
v -261.69 -554.19 -289.84
v -268.93 -556.65 -272.58
v -265.39 -556.85 -271.52
v -268.93 -556.65 -272.58
v -261.69 -554.19 -289.84
v -268.93 -556.65 -272.58
v -265.39 -556.85 -271.52
v -258.80 177.77 -163.93
v -255.26 177.56 -162.87
v -258.80 177.77 -163.93
v -265.39 -556.85 -271.52
v -258.80 177.77 -163.93
v -255.26 177.56 -162.87
v -251.56 180.22 -181.19
v -251.56 180.22 -181.19
v -251.56 180.22 -181.19
v -255.26 177.56 -162.87
v -261.69 -554.19 -289.84
v -261.69 -554.19 -289.84
v -265.39 -556.85 -271.52
v -261.71 -556.96 -271.17
v -265.39 -556.85 -271.52
v -261.69 -554.19 -289.84
v -265.39 -556.85 -271.52
v -261.71 -556.96 -271.17
v -255.26 177.56 -162.87
v -251.58 177.46 -162.52
v -255.26 177.56 -162.87
v -261.71 -556.96 -271.17
v -255.26 177.56 -162.87
v -251.58 177.46 -162.52
v -251.56 180.22 -181.19
v -251.56 180.22 -181.19
v -251.56 180.22 -181.19
v -251.58 177.46 -162.52
f 1729 1730 1731
f 1732 1733 1734
f 1735 1736 1737
f 1738 1739 1740
f 1741 1742 1743
f 1744 1745 1746
f 1747 1748 1749
f 1750 1751 1752
f 1753 1754 1755
f 1756 1757 1758
f 1759 1760 1761
f 1762 1763 1764
f 1765 1766 1767
f 1768 1769 1770
f 1771 1772 1773
f 1774 1775 1776
f 1777 1778 1779
f 1780 1781 1782
f 1783 1784 1785
f 1786 1787 1788
f 1789 1790 1791
f 1792 1793 1794
f 1795 1796 1797
f 1798 1799 1800
f 1801 1802 1803
f 1804 1805 1806
f 1807 1808 1809
f 1810 1811 1812
f 1813 1814 1815
f 1816 1817 1818
f 1819 1820 1821
f 1822 1823 1824
f 1825 1826 1827
f 1828 1829 1830
f 1831 1832 1833
f 1834 1835 1836
f 1837 1838 1839
f 1840 1841 1842
f 1843 1844 1845
f 1846 1847 1848
f 1849 1850 1851
f 1852 1853 1854
f 1855 1856 1857
f 1858 1859 1860
f 1861 1862 1863
f 1864 1865 1866
f 1867 1868 1869
f 1870 1871 1872
f 1873 1874 1875
f 1876 1877 1878
f 1879 1880 1881
f 1882 1883 1884
f 1885 1886 1887
f 1888 1889 1890
f 1891 1892 1893
f 1894 1895 1896
f 1897 1898 1899
f 1900 1901 1902
f 1903 1904 1905
f 1906 1907 1908
f 1909 1910 1911
f 1912 1913 1914
f 1915 1916 1917
f 1918 1919 1920
f 1921 1922 1923
f 1924 1925 1926
f 1927 1928 1929
f 1930 1931 1932
f 1933 1934 1935
f 1936 1937 1938
f 1939 1940 1941
f 1942 1943 1944
f 1945 1946 1947
f 1948 1949 1950
f 1951 1952 1953
f 1954 1955 1956
f 1957 1958 1959
f 1960 1961 1962
f 1963 1964 1965
f 1966 1967 1968
f 1969 1970 1971
f 1972 1973 1974
f 1975 1976 1977
f 1978 1979 1980
f 1981 1982 1983
f 1984 1985 1986
f 1987 1988 1989
f 1990 1991 1992
f 1993 1994 1995
f 1996 1997 1998
f 1999 2000 2001
f 2002 2003 2004
f 2005 2006 2007
f 2008 2009 2010
f 2011 2012 2013
f 2014 2015 2016
f 2017 2018 2019
f 2020 2021 2022
f 2023 2024 2025
f 2026 2027 2028
f 2029 2030 2031
f 2032 2033 2034
f 2035 2036 2037
f 2038 2039 2040
f 2041 2042 2043
f 2044 2045 2046
f 2047 2048 2049
f 2050 2051 2052
f 2053 2054 2055
f 2056 2057 2058
f 2059 2060 2061
f 2062 2063 2064
f 2065 2066 2067
f 2068 2069 2070
f 2071 2072 2073
f 2074 2075 2076
f 2077 2078 2079
f 2080 2081 2082
f 2083 2084 2085
f 2086 2087 2088
f 2089 2090 2091
f 2092 2093 2094
f 2095 2096 2097
f 2098 2099 2100
f 2101 2102 2103
f 2104 2105 2106
f 2107 2108 2109
f 2110 2111 2112
f 2113 2114 2115
f 2116 2117 2118
f 2119 2120 2121
f 2122 2123 2124
f 2125 2126 2127
f 2128 2129 2130
f 2131 2132 2133
f 2134 2135 2136
f 2137 2138 2139
f 2140 2141 2142
f 2143 2144 2145
f 2146 2147 2148
f 2149 2150 2151
f 2152 2153 2154
f 2155 2156 2157
f 2158 2159 2160
f 2161 2162 2163
f 2164 2165 2166
f 2167 2168 2169
f 2170 2171 2172
f 2173 2174 2175
f 2176 2177 2178
f 2179 2180 2181
f 2182 2183 2184
f 2185 2186 2187
f 2188 2189 2190
f 2191 2192 2193
f 2194 2195 2196
f 2197 2198 2199
f 2200 2201 2202
f 2203 2204 2205
f 2206 2207 2208
f 2209 2210 2211
f 2212 2213 2214
f 2215 2216 2217
f 2218 2219 2220
f 2221 2222 2223
f 2224 2225 2226
f 2227 2228 2229
f 2230 2231 2232
f 2233 2234 2235
f 2236 2237 2238
f 2239 2240 2241
f 2242 2243 2244
f 2245 2246 2247
f 2248 2249 2250
f 2251 2252 2253
f 2254 2255 2256
f 2257 2258 2259
f 2260 2261 2262
f 2263 2264 2265
f 2266 2267 2268
f 2269 2270 2271
f 2272 2273 2274
f 2275 2276 2277
f 2278 2279 2280
f 2281 2282 2283
f 2284 2285 2286
f 2287 2288 2289
f 2290 2291 2292
f 2293 2294 2295
f 2296 2297 2298
f 2299 2300 2301
f 2302 2303 2304
o p6-huu-co_mesh
usemtl mat_mesh
v -259.90 211.02 -21.41
v -259.12 213.48 -38.84
v -259.91 213.77 -20.19
v -231.51 201.15 -36.16
v -232.32 196.49 -34.45
v -231.30 203.61 -8.40
v -234.45 196.41 6.22
v -234.35 201.26 8.06
v -234.67 206.22 -0.30
v -158.85 234.10 188.39
v -141.14 232.27 186.02
v -158.64 254.39 178.88
v -219.29 258.33 179.91
v -202.07 247.04 181.72
v -208.25 262.37 177.45
v 169.56 236.21 184.71
v 190.14 245.34 179.63
v 189.42 263.57 171.04
v 75.36 264.73 172.98
v 108.99 229.69 184.35
v 103.42 253.22 175.47
v 229.62 248.92 177.23
v 225.20 237.70 176.28
v 230.63 243.88 172.17
v 229.61 239.01 174.11
v 216.55 248.82 172.44
v 214.74 246.76 173.81
v 211.45 236.23 183.13
v 15.09 253.60 175.32
v 23.50 265.09 170.97
v -14.10 265.47 170.96
v -87.69 264.69 172.97
v -129.25 264.60 172.93
v -102.06 230.47 182.96
v -182.55 237.51 186.40
v -187.81 264.48 175.31
v -195.46 251.60 181.92
v -35.98 252.99 176.75
v -9.44 253.34 175.99
v -64.25 227.66 186.37
v -40.77 241.59 180.08
v -49.62 265.63 170.65
v 155.25 264.70 171.18
v 46.02 265.27 170.87
v 61.88 227.47 185.96
v 22.93 229.21 184.42
v 5.61 227.83 186.02
v -198.73 239.00 184.95
v -217.56 242.41 183.53
v 221.34 254.26 173.88
v 216.55 248.82 172.44
v 211.45 236.23 183.13
v 214.74 246.76 173.81
v 140.99 235.82 182.38
v 211.57 258.86 168.69
v 202.14 262.09 173.92
v -228.06 248.70 176.87
v -225.55 240.67 183.33
v -229.42 242.64 180.43
v 211.57 258.86 168.69
v 208.58 260.21 176.75
v 202.14 262.09 173.92
v -228.06 248.70 176.87
v -219.29 258.33 179.91
v -225.97 253.25 185.04
v 194.33 210.91 -162.68
v 176.44 209.49 -165.93
v 174.02 219.19 -162.06
v 176.44 209.49 -165.93
v 176.91 213.93 -164.35
v 174.02 219.19 -162.06
v 231.33 215.05 -139.30
v 230.22 208.86 -147.74
v 229.59 213.90 -146.39
v 291.96 -151.21 226.27
v 289.30 -142.77 226.79
v 296.51 -149.58 232.53
v 290.95 -139.14 234.22
v 290.95 -139.14 234.22
v 284.78 -143.64 242.79
v 296.51 -149.58 232.53
v 285.68 -151.31 244.12
v 285.30 -153.77 243.93
v 278.67 255.08 -101.78
v 277.44 270.66 -108.74
v 279.12 245.36 -87.13
v 277.34 262.83 -100.68
v 273.89 253.60 -90.12
v 278.16 246.57 -85.04
v 278.47 242.33 -87.79
v 274.45 242.24 -77.20
v 279.81 233.81 -70.49
v 278.78 232.21 -75.57
v 275.77 235.20 -67.61
v 278.53 229.43 -59.76
v 280.92 220.65 -51.19
v 279.77 221.04 -57.27
v 279.86 219.27 -38.47
v 275.95 224.67 -46.81
v 280.61 215.29 -38.15
v 277.15 219.75 -31.15
v 279.94 215.72 -3.80
v 279.94 215.72 -3.80
v 281.12 214.01 1.85
v 280.61 215.29 -38.15
v 279.72 209.80 -5.33
v 275.70 217.32 3.60
v 280.08 219.28 24.40
v 279.94 215.72 -3.80
v 275.70 217.32 3.60
v 276.31 220.52 24.64
v 276.31 220.52 24.64
v 281.95 217.15 34.22
v 280.15 214.00 34.93
v 280.02 223.47 40.61
v 275.53 224.82 39.12
v 275.45 229.02 49.23
v 281.92 225.24 54.48
v 278.68 231.08 54.61
v 279.46 216.24 44.83
v 280.02 234.31 61.62
v 280.01 224.36 60.52
v 276.62 239.46 66.46
v 281.75 237.04 72.96
v 279.79 242.14 73.20
v 278.47 228.48 69.14
v 278.39 248.56 79.32
v 279.70 243.47 85.00
v 275.91 237.41 82.22
v 280.35 257.62 96.77
v 279.38 263.74 95.82
v 275.53 256.54 86.26
v 274.65 248.33 94.19
v 280.51 262.33 97.86
v 274.37 255.20 100.65
v 278.56 265.33 105.53
v 278.23 281.14 110.56
v 278.62 278.27 111.68
v 274.78 296.77 -126.84
v 277.35 279.84 -119.03
v 273.62 280.06 -125.29
v 274.79 292.47 -121.34
v 274.48 283.02 -114.31
v 274.70 269.64 -119.30
v 275.61 258.30 -109.05
v 274.48 283.02 -114.31
v 270.58 274.36 -107.34
v 272.14 267.08 -101.98
v 272.14 267.08 -101.98
v 273.77 237.87 -89.11
v 273.89 246.21 -98.75
v 273.72 231.23 -79.65
v 274.45 242.24 -77.20
v 271.42 235.32 -69.62
v 275.77 235.20 -67.61
v 274.64 222.44 -65.55
v 274.71 217.61 -55.76
v 272.35 228.42 -55.81
v 274.05 211.72 -41.96
v 278.53 229.43 -59.76
v 272.35 228.42 -55.81
v 275.95 224.67 -46.81
v 273.24 223.15 -44.07
v 277.15 219.75 -31.15
v 275.42 207.72 -25.18
v 274.75 221.30 -34.04
v 272.92 218.73 -25.02
v 275.70 217.32 3.60
v 275.70 217.32 3.60
v 273.65 217.92 16.75
v 276.31 220.52 24.64
v 275.45 229.02 49.23
v 273.72 233.52 58.40
v 278.68 231.08 54.61
v 276.62 239.46 66.46
v 273.72 233.52 58.40
v 268.35 233.93 65.65
v 276.62 239.46 66.46
v 276.62 239.46 66.46
v 272.45 243.07 72.65
v 278.39 248.56 79.32
v 272.31 251.54 82.08
v 275.53 256.54 86.26
v 270.88 260.76 91.00
v 276.84 265.29 94.91
v 273.12 277.62 102.64
v 276.15 277.31 103.83
v 276.84 265.29 94.91
v 272.66 262.60 106.91
v 274.11 288.96 110.22
v 273.93 268.74 111.51
v 274.11 288.96 110.22
v 274.28 298.97 115.94
v 278.23 281.14 110.56
v 274.19 275.42 115.57
v 275.11 301.98 120.86
v 274.28 298.97 115.94
v 274.28 294.58 123.62
v 272.68 290.05 123.10
v 271.49 282.88 120.25
v 274.19 275.42 115.57
v 272.68 290.05 123.10
v 270.46 316.43 -131.34
v 270.66 312.19 -127.27
v 269.32 313.43 -134.49
v 272.46 293.21 -129.89
v 272.46 293.21 -129.89
v 273.62 280.06 -125.29
v 269.63 286.51 -129.46
v 269.11 309.17 -124.48
v 269.27 293.50 -118.56
v 269.27 293.50 -118.56
v 269.57 284.17 -114.36
v 270.69 256.96 -93.89
v 273.89 253.60 -90.12
v 269.75 241.98 -79.44
v 273.89 253.60 -90.12
v 269.75 241.98 -79.44
v 272.35 228.42 -55.81
v 263.47 220.70 -52.29
v 273.24 223.15 -44.07
v 263.85 215.74 -34.71
v 274.75 221.30 -34.04
v 272.92 218.73 -25.02
v 266.95 213.13 -0.76
v 264.73 215.86 28.47
v 265.35 219.89 44.17
v 275.53 224.82 39.12
v 274.76 207.91 23.40
v 273.15 212.82 42.56
v 267.59 209.22 31.36
v 268.45 227.23 53.34
v 265.56 221.65 49.10
v 265.84 227.80 60.14
v 272.77 226.78 68.21
v 266.90 229.63 67.29
v 268.29 225.21 62.65
v 271.23 234.58 78.03
v 265.48 233.35 69.83
v 274.65 248.33 94.19
v 265.62 247.64 90.20
v 271.84 240.93 86.06
v 274.37 255.20 100.65
v 269.95 255.74 100.94
v 272.66 262.60 106.91
v 267.49 263.79 104.87
v 273.93 268.74 111.51
v 269.81 271.07 113.07
v 269.52 310.76 117.65
v 270.23 316.41 120.04
v 268.03 283.55 120.03
v 270.23 316.41 120.04
v 270.77 322.43 124.42
v 270.77 322.43 124.42
v 271.87 312.05 126.93
v 275.11 301.98 120.86
v 274.28 294.58 123.62
v 267.91 307.49 129.48
v 267.91 307.49 129.48
v 265.72 295.68 125.85
v 274.28 294.58 123.62
v 266.82 182.45 -190.86
v 267.90 145.73 -190.41
v 266.45 160.33 -195.20
v 266.93 176.93 -182.68
v 265.89 333.06 -135.79
v 265.60 341.70 -132.95
v 269.32 313.43 -134.49
v 268.90 302.41 -133.50
v 265.67 306.53 -135.53
v 265.83 338.90 -128.55
v 264.28 334.45 -126.17
v 265.32 307.02 -123.19
v 269.11 309.17 -124.48
v 265.32 307.02 -123.19
v 269.27 293.50 -118.56
v 265.32 307.02 -123.19
v 266.59 284.93 -116.48
v 269.27 293.50 -118.56
v 262.80 410.43 -107.65
v 263.09 416.52 -97.33
v 263.34 406.05 -105.58
v 264.69 265.82 -108.47
v 264.16 256.56 -102.19
v 264.34 249.63 -95.42
v 265.78 234.47 -76.90
v 265.29 236.09 -82.39
v 267.17 233.26 -79.11
v 264.14 229.82 -70.92
v 263.76 226.19 -63.87
v 263.46 218.75 -44.38
v 264.08 211.50 -12.24
v 264.14 211.62 10.43
v 268.78 205.30 12.37
v 264.64 207.38 10.63
v 266.59 203.69 -2.52
v 264.90 217.25 45.92
v 269.37 217.24 50.70
v 265.64 223.91 56.53
v 265.77 238.77 75.00
v 272.45 243.07 72.65
v 264.32 245.51 82.99
v 265.71 249.01 87.01
v 265.62 247.64 90.20
v 264.41 242.28 82.59
v 271.84 240.93 86.06
v 262.79 425.66 85.02
v 262.71 420.52 96.22
v 263.18 413.69 94.31
v 262.74 413.00 104.17
v 265.86 255.94 95.75
v 264.90 252.88 93.47
v 269.54 250.66 95.49
v 264.18 396.06 112.04
v 262.67 406.65 98.43
v 263.85 392.00 110.34
v 262.72 396.53 116.11
v 259.90 406.73 110.88
v 265.77 272.26 109.50
v 266.01 269.76 104.63
v 264.67 266.24 106.73
v 265.77 272.26 109.50
v 264.67 266.24 106.73
v 264.81 379.40 117.41
v 264.33 377.69 123.76
v 260.66 387.02 122.40
v 266.64 362.08 123.09
v 265.54 362.98 120.19
v 267.45 339.20 123.03
v 265.82 335.71 120.36
v 270.23 316.41 120.04
v 263.84 293.79 122.57
v 266.88 347.82 128.00
v 264.31 357.47 129.55
v 263.47 307.03 127.84
v 266.77 329.51 131.34
v 260.99 323.50 132.58
v 265.79 371.15 155.53
v 266.26 367.22 164.47
v 266.65 364.65 154.72
v 267.65 343.59 162.59
v 266.93 287.31 159.73
v 266.56 327.96 169.76
v 267.51 290.90 167.63
v 268.36 261.07 172.12
v 266.90 257.89 165.38
v 266.51 298.28 173.65
v 267.91 232.39 172.32
v 266.81 263.63 178.48
v 266.30 240.50 183.68
v 266.28 213.11 188.39
v 267.33 215.92 174.92
v 266.92 191.92 186.64
v 266.50 179.96 181.28
v 266.01 179.03 193.14
v 267.23 133.77 192.57
v 265.68 151.66 182.45
v 266.06 149.70 197.50
v 262.40 192.09 -195.87
v 263.82 228.25 -190.17
v 263.69 259.17 -185.77
v 265.93 221.74 -186.63
v 262.20 294.75 -183.32
v 265.53 261.21 -181.82
v 266.74 210.24 -181.71
v 261.73 373.94 -176.04
v 264.76 365.49 -175.06
v 261.04 360.95 -182.87
v 265.92 347.59 -175.03
v 262.16 328.18 -182.88
v 265.87 322.98 -174.58
v 261.48 321.24 -182.94
v 265.59 285.22 -176.90
v 266.07 236.72 -177.39
v 265.66 195.34 -177.32
v 262.77 182.44 -174.41
v 263.01 162.43 -177.21
v 254.56 167.16 -171.99
v 265.68 274.71 -173.08
v 264.08 250.32 -169.79
v 263.65 221.64 -172.45
v 263.22 194.54 -173.32
v 261.31 217.99 -170.47
v 262.19 372.88 -164.26
v 264.79 366.56 -168.46
v 258.32 379.44 -175.35
v 265.83 335.94 -167.76
v 264.58 274.36 -168.88
v 262.32 256.72 -167.10
v 263.91 357.41 -160.46
v 262.97 326.39 -160.35
v 263.19 287.25 -164.32
v 257.94 369.29 -154.72
v 259.40 352.27 -154.54
v 262.53 350.94 -135.53
v 262.14 362.94 -130.88
v 264.87 353.47 -128.46
v 263.19 302.39 -124.40
v 260.83 311.03 -126.81
v 262.65 298.44 -129.38
v 260.06 379.00 -125.98
v 263.44 377.99 -120.12
v 262.14 362.94 -130.88
v 263.44 377.99 -120.12
v 264.02 361.44 -124.56
v 262.62 348.88 -124.27
v 259.51 349.27 -122.83
v 260.04 331.47 -125.28
v 264.28 334.45 -126.17
v 260.04 331.47 -125.28
v 265.32 307.02 -123.19
v 260.04 331.47 -125.28
v 260.95 388.19 -120.80
v 261.84 364.57 -120.07
v 257.69 364.13 -118.44
v 259.52 404.07 -115.32
v 263.42 393.28 -114.03
v 263.42 393.28 -114.03
v 261.27 378.36 -115.21
v 257.63 377.28 -113.97
v 257.69 364.13 -118.44
v 261.84 364.57 -120.07
v 261.27 378.36 -115.21
v 262.80 410.43 -107.65
v 261.34 394.11 -108.93
v 261.34 394.11 -108.93
v 258.35 391.67 -108.46
v 257.67 413.73 -109.32
v 263.42 393.28 -114.03
v 260.90 403.28 -103.18
v 256.08 401.41 -102.71
v 258.35 391.67 -108.46
v 260.90 403.28 -103.18
v 262.81 424.39 -93.08
v 259.89 420.54 -102.72
v 262.81 424.39 -93.08
v 260.14 412.70 -94.17
v 260.14 412.70 -94.17
v 256.00 406.78 -98.34
v 256.97 422.95 -100.23
v 260.83 429.57 -90.40
v 256.78 431.15 -89.34
v 261.64 423.85 -82.28
v 256.26 418.75 -85.60
v 259.37 435.34 -82.99
v 262.86 431.52 -80.49
v 260.63 438.59 -72.47
v 259.37 435.34 -82.99
v 256.01 439.06 -73.45
v 260.63 438.59 -72.47
v 260.63 438.59 -72.47
v 262.85 435.14 -71.08
v 262.86 431.52 -80.49
v 260.73 427.27 -74.27
v 260.81 432.27 -64.78
v 259.70 444.09 -62.29
v 262.86 440.21 -57.87
v 259.70 444.09 -62.29
v 260.45 448.30 -48.84
v 257.68 448.77 -48.36
v 260.45 448.30 -48.84
v 260.94 437.01 -51.77
v 262.58 446.26 -41.65
v 262.77 442.39 -44.64
v 257.49 453.04 -28.08
v 260.84 442.13 -31.63
v 261.48 450.61 -27.93
v 261.48 450.61 -27.93
v 262.25 446.59 -26.07
v 260.13 454.46 -10.73
v 256.75 455.09 0.53
v 261.68 446.81 1.22
v 260.54 443.99 4.79
v 260.13 454.46 -10.73
v 262.00 450.77 14.43
v 260.17 452.82 21.93
v 260.17 452.82 21.93
v 260.17 452.82 21.93
v 256.75 455.09 0.53
v 257.32 452.52 26.43
v 262.72 446.66 22.71
v 261.74 442.17 28.91
v 260.23 449.28 40.74
v 263.07 444.36 38.47
v 260.23 449.28 40.74
v 260.33 440.02 30.10
v 261.16 437.92 46.40
v 261.23 447.04 43.10
v 262.98 440.68 51.12
v 259.78 443.63 58.18
v 259.19 436.26 47.08
v 259.78 443.63 58.18
v 262.88 440.07 58.60
v 262.98 440.68 51.12
v 260.71 432.71 59.60
v 259.19 436.26 47.08
v 262.91 436.00 66.32
v 259.76 437.91 72.67
v 259.78 443.63 58.18
v 254.88 440.82 67.82
v 259.76 437.91 72.67
v 260.96 427.38 70.20
v 263.01 431.17 75.75
v 260.70 422.65 77.91
v 260.59 430.35 84.20
v 255.06 431.23 85.66
v 261.45 419.23 85.49
v 259.45 425.24 93.18
v 255.75 425.98 92.25
v 263.18 413.69 94.31
v 259.31 413.19 90.08
v 261.45 419.23 85.49
v 256.55 246.73 81.80
v 257.84 252.43 87.69
v 265.71 249.01 87.01
v 259.16 251.33 91.64
v 266.12 250.64 91.11
v 266.12 250.64 91.11
v 259.16 251.33 91.64
v 265.62 247.64 90.20
v 256.36 417.21 102.12
v 264.90 252.88 93.47
v 256.93 257.04 92.53
v 256.15 257.48 97.82
v 255.70 399.72 116.16
v 262.35 380.23 113.67
v 260.69 364.35 116.85
v 261.35 375.76 126.57
v 255.70 383.42 125.25
v 258.07 360.26 131.27
v 258.41 314.99 128.69
v 259.54 308.12 124.68
v 256.52 338.82 135.08
v 261.44 378.17 151.75
v 262.80 367.93 147.63
v 266.65 364.65 154.72
v 266.10 325.99 155.22
v 262.80 367.93 147.63
v 261.61 323.97 149.53
v 256.24 383.10 159.89
v 262.35 378.76 162.16
v 266.93 287.31 159.73
v 262.69 281.36 155.40
v 266.90 257.89 165.38
v 262.76 245.55 162.62
v 261.10 371.95 169.65
v 267.91 232.39 172.32
v 260.32 229.91 163.77
v 263.71 215.96 169.46
v 261.76 337.68 174.74
v 261.10 371.95 169.65
v 257.01 360.79 174.44
v 261.76 337.68 174.74
v 261.22 304.40 177.64
v 258.02 321.29 177.80
v 261.22 304.40 177.64
v 267.33 215.92 174.92
v 262.48 194.02 171.39
v 262.64 175.62 174.82
v 260.73 273.09 181.87
v 266.50 179.96 181.28
v 265.68 151.66 182.45
v 262.49 149.91 177.90
v 261.55 241.98 188.08
v 260.73 273.09 181.87
v 255.57 252.52 188.28
v 261.55 241.98 188.08
v 263.20 226.46 189.91
v 261.53 207.22 193.70
v 262.13 174.99 198.11
v 262.13 174.99 198.11
v 261.53 207.22 193.70
v 253.28 185.64 200.61
v 257.13 222.01 -196.08
v 262.40 192.09 -195.87
v 260.16 174.54 -199.87
v 256.06 261.25 -191.86
v 263.82 228.25 -190.17
v 255.67 299.40 -187.73
v 262.20 294.75 -183.32
v 263.69 259.17 -185.77
v 257.51 366.76 -184.91
v 253.02 376.59 -183.58
v 255.99 328.28 -188.21
v 261.04 360.95 -182.87
v 262.16 328.18 -182.88
v 261.48 321.24 -182.94
v 252.62 213.85 -166.51
v 253.40 182.81 -169.26
v 258.32 379.44 -175.35
v 251.45 383.43 -176.10
v 251.54 383.81 -166.21
v 252.89 249.21 -162.51
v 256.79 379.13 -162.31
v 256.79 379.13 -162.31
v 255.42 270.38 -160.44
v 251.13 379.07 -155.27
v 257.33 331.67 -153.45
v 256.58 293.75 -157.05
v 253.24 364.60 -149.46
v 255.74 343.90 -136.90
v 255.09 353.19 -133.97
v 259.38 352.93 -135.88
v 256.66 326.65 -128.94
v 257.39 326.42 -136.26
v 257.06 323.71 -132.28
v 258.23 365.81 -131.51
v 262.14 362.94 -130.88
v 259.51 349.27 -122.83
v 256.51 349.39 -123.48
v 256.71 333.99 -126.23
v 257.69 364.13 -118.44
v 254.97 362.96 -120.41
v 257.63 377.28 -113.97
v 252.54 375.91 -116.80
v 251.86 399.08 -117.54
v 252.45 407.24 -111.09
v 257.67 413.73 -109.32
v 259.52 404.07 -115.32
v 258.35 391.67 -108.46
v 254.22 390.55 -109.62
v 254.38 416.59 -104.61
v 252.48 422.13 -99.23
v 256.97 422.95 -100.23
v 252.48 422.13 -99.23
v 252.88 426.90 -92.60
v 256.97 422.95 -100.23
v 256.09 413.30 -92.22
v 256.78 431.15 -89.34
v 253.25 431.25 -85.29
v 253.33 436.00 -76.58
v 253.62 440.54 -66.73
v 253.95 444.26 -58.36
v 256.79 436.45 -50.31
v 253.64 437.40 -51.53
v 253.87 431.87 -64.33
v 257.47 233.11 -52.80
v 257.94 226.75 -38.62
v 257.23 232.58 -62.37
v 257.74 222.72 -45.06
v 257.28 226.53 -54.95
v 253.51 449.05 -40.13
v 258.22 218.56 -27.15
v 258.18 223.61 -20.36
v 253.86 453.81 -17.82
v 259.04 225.11 5.84
v 260.87 220.79 10.80
v 255.65 225.57 -17.79
v 256.05 226.17 3.50
v 259.21 216.16 2.29
v 253.86 453.81 -17.82
v 253.95 453.85 12.12
v 255.83 230.93 19.88
v 260.97 224.44 19.56
v 258.89 230.39 22.80
v 258.50 218.25 21.37
v 253.77 449.91 34.77
v 255.61 235.15 31.51
v 260.41 229.43 33.05
v 258.47 234.39 35.58
v 258.62 222.53 34.11
v 254.07 447.59 47.11
v 255.22 239.94 44.88
v 259.45 233.53 43.09
v 258.18 227.40 45.33
v 257.32 239.82 50.60
v 254.44 444.03 57.11
v 257.33 236.78 60.52
v 256.09 232.77 58.06
v 256.56 241.83 64.11
v 255.26 243.69 79.03
v 256.55 246.73 81.80
v 257.53 243.85 84.24
v 253.99 246.97 78.58
v 250.37 253.93 86.17
v 249.96 257.96 90.60
v 250.53 249.24 90.23
v 256.15 257.48 97.82
v 253.33 254.30 96.45
v 264.90 252.88 93.47
v 255.49 175.31 140.40
v 256.08 167.90 170.04
v 256.19 164.51 97.94
v 256.43 374.17 127.86
v 255.63 164.55 169.80
v 252.08 355.56 135.64
v 251.03 314.63 135.19
v 258.08 314.63 130.99
v 256.62 375.60 145.30
v 261.44 378.17 151.75
v 257.54 367.65 143.63
v 254.06 285.53 149.21
v 261.44 378.17 151.75
v 255.10 382.24 151.89
v 256.24 383.10 159.89
v 256.93 256.23 155.19
v 256.24 383.10 159.89
v 250.80 383.65 163.08
v 262.35 378.76 162.16
v 252.83 378.67 169.08
v 252.45 369.88 173.61
v 254.27 315.16 179.22
v 254.27 273.65 184.14
v 250.89 235.95 192.96
v 252.18 221.43 196.17
v 263.20 226.46 189.91
v 253.68 140.58 207.16
v 251.73 349.91 -189.17
v 257.51 366.76 -184.91
v 251.13 379.07 -155.27
v 252.62 213.85 -166.51
v 251.48 204.98 -119.56
v 253.40 182.81 -169.26
v 248.33 374.71 -149.81
v 255.42 270.38 -160.44
v 256.58 293.75 -157.05
v 252.73 281.72 -149.77
v 252.89 249.21 -162.51
v 251.44 263.05 -148.26
v 254.27 163.52 -169.99
v 254.56 167.16 -171.99
v 253.89 329.40 -148.29
v 248.87 353.06 -140.15
v 253.54 307.96 -147.39
v 257.33 331.67 -153.45
v 253.54 307.96 -147.39
v 250.31 287.52 -145.95
v 252.73 281.72 -149.77
v 248.44 317.00 -142.25
v 251.27 382.31 -125.43
v 249.75 386.42 -119.95
v 253.32 385.21 -123.54
v 250.13 375.80 -120.23
v 252.66 360.36 -124.24
v 251.19 203.31 -80.62
v 256.00 406.78 -98.34
v 250.99 420.38 -87.34
v 249.37 394.44 -111.02
v 256.00 406.78 -98.34
v 249.37 394.44 -111.02
v 256.08 401.41 -102.71
v 251.38 416.37 -105.45
v 256.09 413.30 -92.22
v 253.71 163.21 -95.65
v 248.62 260.90 -96.27
v 249.39 254.01 -87.69
v 253.13 247.39 -81.11
v 252.11 253.94 -95.49
v 253.09 242.27 -84.46
v 254.50 165.65 -43.58
v 248.90 247.07 -74.65
v 255.97 238.90 -70.26
v 253.50 242.66 -67.94
v 253.09 242.27 -84.46
v 255.97 238.90 -70.26
v 253.87 230.80 -68.78
v 257.23 232.58 -62.37
v 253.28 180.40 -43.87
v 254.01 163.81 -46.12
v 253.02 239.58 -55.33
v 249.10 243.71 -66.72
v 257.28 226.53 -54.95
v 251.64 225.08 -65.07
v 254.61 234.35 -46.08
v 253.02 239.58 -55.33
v 248.93 239.16 -56.41
v 254.61 234.35 -46.08
v 257.28 226.53 -54.95
v 257.74 222.72 -45.06
v 250.39 219.17 -54.90
v 253.80 230.92 -34.59
v 249.37 233.32 -45.37
v 253.80 230.92 -34.59
v 257.74 222.72 -45.06
v 251.59 213.94 -36.47
v 250.50 216.82 -45.45
v 258.22 218.56 -27.15
v 251.77 444.02 -26.73
v 249.40 441.08 -29.10
v 253.66 441.70 -30.54
v 253.04 227.26 -21.00
v 250.16 208.38 -39.87
v 250.71 201.90 2.34
v 253.04 227.26 -21.00
v 251.52 224.77 -10.80
v 255.65 225.57 -17.79
v 247.77 224.21 0.02
v 256.05 226.17 3.50
v 253.36 179.20 37.65
v 252.20 226.64 5.81
v 255.83 230.93 19.88
v 254.64 164.75 42.12
v 252.15 230.62 20.57
v 254.00 163.89 46.48
v 255.61 235.15 31.51
v 252.67 235.62 32.61
v 255.22 239.94 44.88
v 252.67 235.62 32.61
v 251.13 240.79 45.10
v 254.07 447.59 47.11
v 250.82 446.96 63.87
v 254.44 444.03 57.11
v 249.18 243.97 53.22
v 252.64 444.12 68.44
v 254.88 440.82 67.82
v 254.44 444.03 57.11
v 252.64 444.12 68.44
v 252.13 249.50 69.17
v 252.11 246.28 59.18
v 252.13 249.50 69.17
v 257.32 239.82 50.60
v 254.95 236.80 66.34
v 254.73 436.09 76.60
v 254.14 240.54 73.74
v 251.41 202.24 76.56
v 251.93 432.87 91.38
v 252.64 444.12 68.44
v 248.13 441.63 77.54
v 251.93 432.87 91.38
v 250.37 253.93 86.17
v 249.62 227.22 109.04
v 253.12 427.10 97.35
v 249.76 259.13 97.34
v 249.76 259.13 97.34
v 248.54 254.16 95.32
v 251.93 432.87 91.38
v 249.33 423.04 103.96
v 253.12 427.10 97.35
v 253.32 414.34 109.62
v 253.32 414.34 109.62
v 251.34 407.39 115.82
v 251.34 407.39 115.82
v 250.09 389.28 125.89
v 250.67 223.65 138.86
v 252.08 371.81 131.12
v 254.95 311.46 128.52
v 258.08 314.63 130.99
v 253.64 307.05 130.33
v 251.03 314.63 135.19
v 247.20 305.80 130.63
v 253.64 307.05 130.33
v 253.64 307.05 130.33
v 252.08 355.56 135.64
v 249.54 347.23 136.89
v 254.21 333.40 136.97
v 254.21 333.40 136.97
v 250.39 325.21 137.09
v 250.39 325.21 137.09
v 249.57 383.24 152.75
v 250.80 383.65 163.08
v 248.52 251.41 151.21
v 250.14 241.36 154.79
v 253.13 204.26 162.75
v 254.50 187.49 166.36
v 251.02 228.69 158.38
v 248.59 374.82 171.14
v 248.07 353.39 175.06
v 251.38 315.12 178.77
v 247.81 308.26 177.80
v 247.69 267.60 182.49
v 244.27 250.38 185.76
v 246.83 246.06 188.52
v 250.15 217.78 197.63
v 250.49 211.99 197.07
v 251.10 140.40 206.88
v 245.53 226.10 -197.39
v 254.01 227.52 -196.68
v 250.92 201.47 -200.47
v 247.85 321.46 -189.00
v 254.54 322.13 -187.45
v 253.02 376.59 -183.58
v 241.19 380.19 -183.54
v 251.45 383.43 -176.10
v 241.08 384.34 -178.09
v 241.08 384.34 -178.09
v 242.32 386.11 -170.18
v 243.41 385.44 -162.53
v 242.21 381.88 -155.46
v 251.07 223.72 -150.46
v 251.84 213.71 -152.04
v 248.33 374.71 -149.81
v 246.52 370.98 -147.18
v 248.45 360.77 -141.81
v 246.65 302.86 -141.76
v 244.27 286.27 -141.00
v 248.27 265.50 -142.68
v 248.27 265.50 -142.68
v 249.72 248.83 -143.59
v 250.07 233.26 -146.54
v 241.01 243.14 -142.87
v 241.09 233.88 -143.07
v 250.07 233.26 -146.54
v 249.72 248.83 -143.59
v 249.48 227.20 -144.34
v 249.48 227.20 -144.34
v 249.79 223.17 -141.24
v 250.31 216.61 -122.39
v 248.64 317.16 -138.12
v 248.50 327.54 -132.72
v 249.90 307.21 -132.59
v 249.12 221.92 -128.21
v 249.03 378.81 -132.12
v 245.16 381.38 -132.22
v 247.05 388.30 -126.11
v 249.73 385.58 -126.92
v 248.50 327.54 -132.72
v 246.34 320.79 -126.87
v 248.62 311.33 -126.89
v 248.62 311.33 -126.89
v 248.45 298.68 -122.34
v 251.43 293.33 -127.68
v 249.99 291.44 -131.73
v 251.27 382.31 -125.43
v 250.57 375.25 -124.88
v 249.03 371.76 -132.45
v 248.62 311.33 -126.89
v 248.45 298.68 -122.34
v 251.43 293.33 -127.68
v 251.46 288.15 -123.08
v 251.46 288.15 -123.08
v 249.27 274.76 -122.99
v 248.90 222.07 -117.03
v 249.75 386.42 -119.95
v 249.75 386.42 -119.95
v 248.29 374.96 -121.26
v 250.13 375.80 -120.23
v 250.46 280.60 -117.46
v 250.46 280.60 -117.46
v 250.87 270.68 -113.18
v 249.64 393.75 -120.68
v 246.60 396.13 -121.68
v 251.86 399.08 -117.54
v 247.49 281.09 -112.82
v 245.34 291.26 -117.34
v 247.49 281.09 -112.82
v 248.43 404.58 -116.52
v 252.45 407.24 -111.09
v 247.53 269.84 -104.75
v 248.80 256.45 -109.31
v 249.32 223.34 -99.80
v 249.00 417.69 -107.54
v 251.38 416.37 -105.45
v 243.92 405.30 -100.25
v 243.81 393.10 -108.71
v 249.37 394.44 -111.02
v 251.05 261.78 -102.90
v 250.87 270.68 -113.18
v 251.05 261.78 -102.90
v 250.99 420.38 -87.34
v 247.53 269.84 -104.75
v 244.05 266.81 -101.36
v 248.62 260.90 -96.27
v 250.35 252.71 -102.91
v 246.90 227.04 -110.75
v 248.66 425.81 -100.99
v 252.48 422.13 -99.23
v 252.11 253.94 -95.49
v 247.49 241.76 -100.65
v 244.97 432.09 -93.91
v 250.03 433.77 -91.18
v 248.66 425.81 -100.99
v 250.03 433.77 -91.18
v 252.88 426.90 -92.60
v 252.48 422.13 -99.23
v 245.01 256.43 -90.09
v 249.39 254.01 -87.69
v 248.84 235.46 -91.18
v 249.87 222.63 -71.00
v 250.49 439.97 -81.15
v 253.25 431.25 -85.29
v 246.94 439.67 -83.43
v 250.49 439.97 -81.15
v 244.62 250.63 -81.91
v 251.06 235.87 -80.78
v 249.38 231.89 -80.58
v 248.84 235.46 -91.18
v 249.38 231.89 -80.58
v 253.33 436.00 -76.58
v 248.90 247.07 -74.65
v 252.39 441.12 -74.27
v 251.47 446.37 -66.23
v 245.52 447.54 -68.67
v 251.47 446.37 -66.23
v 246.50 431.76 -63.03
v 244.62 426.45 -73.49
v 251.09 430.66 -71.83
v 251.64 225.08 -65.07
v 253.62 440.54 -66.73
v 249.38 449.35 -63.91
v 245.52 447.54 -68.67
v 244.80 451.35 -59.71
v 253.95 444.26 -58.36
v 249.10 243.71 -66.72
v 249.85 454.76 -48.54
v 253.18 449.79 -51.41
v 249.38 449.35 -63.91
v 249.85 454.76 -48.54
v 245.56 455.66 -47.76
v 249.85 454.76 -48.54
v 253.51 449.05 -40.13
v 248.93 239.16 -56.41
v 244.29 232.17 -54.41
v 249.37 233.32 -45.37
v 250.50 216.82 -45.45
v 252.31 454.42 -41.19
v 250.36 458.00 -33.26
v 246.81 458.99 -33.10
v 250.36 458.00 -33.26
v 251.59 213.94 -36.47
v 253.80 230.92 -34.59
v 247.75 229.11 -38.90
v 253.04 227.26 -21.00
v 244.51 223.35 -29.21
v 251.43 209.42 -8.78
v 250.85 204.61 -12.88
v 253.86 453.81 -17.82
v 246.93 461.01 -6.96
v 244.78 222.40 -20.45
v 250.97 459.08 1.70
v 246.93 461.01 -6.96
v 252.00 444.91 -6.24
v 251.52 224.77 -10.80
v 252.72 212.20 -9.58
v 249.24 440.59 6.21
v 246.68 223.69 -6.80
v 253.95 453.85 12.12
v 249.88 214.21 9.51
v 248.73 212.93 11.32
v 252.66 443.28 14.63
v 246.67 459.07 23.04
v 250.58 437.38 34.75
v 250.01 456.06 35.40
v 252.20 454.13 33.12
v 248.61 213.57 31.58
v 252.66 443.28 14.63
v 253.12 439.89 31.90
v 250.58 437.38 34.75
v 247.18 229.18 17.22
v 246.93 231.11 29.05
v 253.77 449.91 34.77
v 246.67 459.07 23.04
v 244.76 455.52 38.45
v 250.01 456.06 35.40
v 245.61 233.95 31.39
v 244.82 236.26 39.47
v 251.42 451.04 50.72
v 253.63 435.15 50.98
v 249.24 434.49 40.17
v 251.42 451.04 50.72
v 250.30 432.28 51.14
v 244.82 236.26 39.47
v 243.03 239.90 51.72
v 251.13 240.79 45.10
v 251.13 240.79 45.10
v 244.42 450.97 53.56
v 249.18 243.97 53.22
v 248.59 218.59 49.11
v 250.82 446.96 63.87
v 248.71 226.70 73.35
v 244.85 446.97 64.96
v 252.24 429.76 64.26
v 248.74 427.07 60.08
v 249.18 243.97 53.22
v 245.05 248.07 62.37
v 249.03 423.05 67.90
v 250.53 234.52 67.42
v 243.58 234.32 70.22
v 243.23 231.41 63.03
v 252.92 425.86 74.15
v 248.38 252.12 70.50
v 248.99 417.42 76.99
v 246.40 240.40 76.26
v 245.42 237.24 75.15
v 254.14 240.54 73.74
v 253.40 420.11 82.04
v 244.67 256.39 78.27
v 248.13 441.63 77.54
v 245.68 432.71 92.02
v 248.58 412.72 84.22
v 250.37 253.93 86.17
v 245.87 250.70 92.46
v 245.23 246.35 88.79
v 248.64 232.53 90.60
v 253.75 410.88 92.68
v 253.25 397.90 102.96
v 248.98 405.34 91.73
v 248.76 393.77 100.45
v 249.38 261.35 94.47
v 249.76 259.13 97.34
v 249.96 257.96 90.60
v 247.46 257.58 99.10
v 248.54 254.16 95.32
v 253.20 390.33 108.51
v 253.20 390.33 108.51
v 252.71 382.94 111.89
v 248.99 383.71 107.07
v 248.99 383.71 107.07
v 250.76 279.01 111.21
v 249.40 275.65 104.47
v 246.62 243.36 103.71
v 244.89 413.39 111.09
v 249.75 275.51 113.50
v 246.94 400.76 120.32
v 252.78 373.35 115.85
v 248.63 363.89 115.55
v 244.54 276.14 116.61
v 244.68 268.37 111.49
v 249.75 275.51 113.50
v 253.10 363.77 119.66
v 249.36 297.12 116.90
v 250.12 288.93 120.10
v 250.12 288.93 120.10
v 246.97 284.78 120.23
v 250.09 389.28 125.89
v 248.08 345.88 120.01
v 251.37 348.17 122.92
v 249.03 323.43 121.86
v 252.77 312.32 126.38
v 251.55 305.72 127.28
v 249.17 297.11 125.20
v 249.17 297.11 125.20
v 245.49 372.95 129.59
v 252.08 371.81 131.12
v 252.92 346.43 125.31
v 247.20 305.80 130.63
v 248.60 371.83 131.66
v 248.60 371.83 131.66
v 246.87 358.84 133.44
v 252.08 371.81 131.12
v 247.24 246.30 140.52
v 248.52 251.41 151.21
v 251.02 228.69 158.38
v 244.14 382.25 157.15
v 243.30 379.40 164.90
v 243.22 368.87 170.94
v 244.81 333.06 175.29
v 247.38 216.54 196.07
v 243.38 217.02 192.40
v 250.89 235.95 192.96
v 251.41 224.03 197.76
v 252.18 221.43 196.17
v 241.39 182.64 197.24
v 242.10 168.56 200.03
v 248.86 246.61 204.14
v 250.73 240.42 206.51
v 250.15 217.78 197.63
v 252.42 225.59 218.86
v 249.33 215.00 203.68
v 250.79 239.31 219.84
v 247.31 247.57 219.03
v 249.75 216.00 219.24
v 245.53 244.21 232.16
v 248.34 233.63 233.01
v 248.73 224.05 233.13
v 246.78 217.35 233.43
v 240.94 376.39 -150.01
v 246.52 370.98 -147.18
v 245.81 366.10 -140.11
v 245.81 366.10 -140.11
v 243.46 302.61 -141.78
v 240.14 254.30 -141.02
v 240.52 228.23 -138.84
v 248.52 362.18 -131.22
v 242.93 365.80 -141.34
v 242.60 366.00 -138.20
v 248.87 353.06 -140.15
v 248.44 317.00 -142.25
v 246.54 303.24 -138.56
v 246.65 302.86 -141.76
v 249.79 223.17 -141.24
v 245.30 373.21 -137.05
v 245.30 373.21 -137.05
v 241.26 376.62 -133.57
v 249.03 378.81 -132.12
v 245.81 366.10 -140.11
v 249.03 371.76 -132.45
v 247.74 344.80 -133.42
v 247.74 344.80 -133.42
v 245.56 295.20 -136.97
v 241.59 225.87 -130.16
v 240.52 228.23 -138.84
v 245.19 343.30 -127.95
v 242.39 343.14 -126.38
v 242.66 318.93 -124.80
v 248.29 374.96 -121.26
v 244.34 358.21 -122.76
v 244.87 306.06 -122.39
v 240.33 302.60 -121.34
v 245.70 283.35 -131.70
v 243.79 273.25 -125.69
v 240.99 228.87 -125.44
v 245.40 371.88 -118.83
v 240.71 368.31 -118.42
v 240.12 289.60 -116.53
v 243.26 265.23 -122.14
v 246.80 264.41 -119.26
v 249.51 388.21 -116.29
v 246.24 384.17 -114.34
v 249.75 386.42 -119.95
v 242.77 381.90 -113.89
v 240.23 280.16 -111.63
v 245.03 256.67 -114.93
v 243.21 259.90 -118.76
v 240.36 252.28 -120.43
v 240.90 257.30 -116.34
v 245.03 256.67 -114.93
v 241.86 242.79 -112.78
v 246.66 233.83 -103.05
v 240.99 228.87 -125.44
v 246.66 233.83 -103.05
v 240.24 273.11 -107.16
v 240.36 252.28 -120.43
v 245.06 413.83 -111.28
v 240.57 417.66 -106.81
v 247.49 281.09 -112.82
v 240.24 273.11 -107.16
v 240.26 424.21 -100.44
v 243.92 405.30 -100.25
v 243.18 399.84 -104.31
v 243.81 393.10 -108.71
v 240.63 259.10 -96.11
v 247.49 241.76 -100.65
v 244.97 432.09 -93.91
v 242.94 441.16 -79.53
v 246.94 439.67 -83.43
v 244.73 421.83 -81.59
v 243.87 417.83 -86.56
v 244.62 250.63 -81.91
v 242.99 243.77 -72.88
v 248.90 247.07 -74.65
v 239.90 452.06 -48.67
v 241.78 457.95 -28.62
v 246.46 235.90 -21.73
v 244.51 223.35 -29.21
v 245.29 235.15 -35.46
v 246.35 226.58 -19.27
v 240.32 458.27 -11.31
v 243.82 241.88 -36.24
v 244.22 243.89 6.88
v 246.68 223.69 -6.80
v 242.86 458.78 17.66
v 246.38 237.49 8.59
v 247.18 229.18 17.22
v 247.02 228.10 4.92
v 247.77 224.21 0.02
v 247.02 228.10 4.92
v 244.71 222.47 6.58
v 247.77 224.21 0.02
v 246.67 459.07 23.04
v 247.18 229.18 17.22
v 247.56 225.92 16.52
v 246.64 221.32 24.42
v 246.18 219.84 30.83
v 249.17 217.42 14.97
v 245.61 233.95 31.39
v 246.93 231.11 29.05
v 244.76 455.52 38.45
v 246.38 223.66 44.13
v 244.82 236.26 39.47
v 243.03 238.94 46.41
v 243.03 239.90 51.72
v 245.05 227.42 50.20
v 238.40 245.01 62.68
v 243.07 230.46 53.24
v 243.23 231.41 63.03
v 245.05 248.07 62.37
v 238.32 250.34 72.07
v 243.58 234.32 70.22
v 244.85 446.97 64.96
v 240.12 440.67 72.58
v 239.30 254.51 75.61
v 238.78 240.81 77.32
v 245.42 237.24 75.15
v 245.30 235.53 78.72
v 240.48 433.73 86.11
v 238.78 240.81 77.32
v 243.11 262.09 86.22
v 239.89 259.00 81.02
v 248.44 244.68 82.94
v 242.77 243.93 84.20
v 245.30 235.53 78.72
v 238.78 240.81 77.32
v 243.90 239.91 85.24
v 248.58 412.72 84.22
v 248.98 405.34 91.73
v 244.39 409.09 88.48
v 244.77 242.96 89.40
v 243.90 239.91 85.24
v 240.66 246.14 88.49
v 243.71 269.40 93.75
v 249.38 261.35 94.47
v 245.87 250.70 92.46
v 244.25 245.97 92.99
v 245.23 246.35 88.79
v 242.49 250.57 94.23
v 241.54 246.70 92.93
v 244.25 245.97 92.99
v 243.81 422.18 102.80
v 247.46 257.58 99.10
v 243.20 255.06 98.54
v 243.88 276.36 99.69
v 249.40 275.65 104.47
v 241.92 261.13 104.12
v 245.43 285.96 106.96
v 244.75 247.75 107.93
v 241.54 246.70 92.93
v 243.64 397.06 120.27
v 245.65 297.79 113.18
v 249.36 297.12 116.90
v 248.63 363.89 115.55
v 248.08 345.88 120.01
v 243.75 347.50 118.40
v 243.49 318.01 118.11
v 246.70 318.55 119.45
v 245.65 297.79 113.18
v 245.65 297.79 113.18
v 246.70 318.55 119.45
v 246.97 284.78 120.23
v 242.30 285.36 121.09
v 244.54 276.14 116.61
v 244.52 383.71 125.25
v 240.99 298.38 126.36
v 249.17 297.11 125.20
v 251.03 314.63 135.19
v 247.20 305.80 130.63
v 245.49 372.95 129.59
v 239.07 349.29 126.83
v 240.65 334.56 131.80
v 240.33 317.88 130.90
v 245.19 252.15 143.67
v 244.75 247.75 107.93
v 241.95 249.25 122.52
v 242.93 251.54 145.16
v 245.19 252.15 143.67
v 246.06 251.24 147.11
v 246.06 251.24 147.11
v 242.96 250.81 153.16
v 243.95 378.84 149.32
v 243.30 379.40 164.90
v 241.54 334.43 172.54
v 241.60 295.99 174.57
v 240.64 255.45 180.63
v 244.27 250.38 185.76
v 246.83 246.06 188.52
v 241.94 193.19 195.15
v 242.54 256.10 207.00
v 248.86 246.61 204.14
v 244.27 250.38 185.76
v 247.38 216.54 196.07
v 249.33 215.00 203.68
v 244.09 214.53 199.04
v 241.93 254.91 220.21
v 247.31 247.57 219.03
v 245.53 244.21 232.16
v 237.07 253.62 232.09
v 240.41 209.98 234.53
v 244.93 211.69 222.82
v 237.07 253.62 232.09
v 235.44 242.51 246.71
v 245.53 244.21 232.16
v 235.44 242.51 246.71
v 242.17 239.70 240.68
v 242.40 225.73 243.92
v 245.03 344.93 -189.57
v 236.80 343.90 -192.53
v 237.82 348.64 -186.95
v 234.95 383.06 -175.07
v 235.37 383.63 -163.57
v 235.22 377.27 -153.63
v 235.22 377.27 -153.63
v 234.67 362.91 -145.97
v 242.93 365.80 -141.34
v 238.35 322.08 -143.69
v 237.07 323.52 -146.08
v 240.38 312.49 -143.97
v 233.52 294.17 -145.86
v 243.46 302.61 -141.78
v 244.27 286.27 -141.00
v 233.52 294.17 -145.86
v 233.75 261.43 -143.77
v 244.27 286.27 -141.00
v 240.14 254.30 -141.02
v 233.75 261.43 -143.77
v 236.43 255.20 -140.84
v 240.14 254.30 -141.02
v 237.78 350.86 -141.84
v 233.69 350.24 -136.08
v 240.54 354.88 -140.43
v 238.85 252.13 -136.62
v 238.85 252.13 -136.62
v 236.33 251.39 -126.41
v 238.20 343.28 -126.85
v 238.82 318.60 -126.55
v 242.39 343.14 -126.38
v 242.39 343.14 -126.38
v 238.82 318.60 -126.55
v 242.66 318.93 -124.80
v 238.85 252.13 -136.62
v 240.52 228.23 -138.84
v 241.59 225.87 -130.16
v 244.34 358.21 -122.76
v 237.12 356.13 -124.25
v 240.33 302.60 -121.34
v 240.36 252.28 -120.43
v 240.71 368.31 -118.42
v 237.80 363.26 -121.27
v 242.77 381.90 -113.89
v 238.78 383.32 -114.58
v 240.71 368.31 -118.42
v 237.56 253.80 -114.12
v 240.36 252.28 -120.43
v 237.56 253.80 -114.12
v 240.90 257.30 -116.34
v 241.02 404.15 -117.07
v 239.19 393.42 -109.84
v 239.70 405.49 -102.06
v 244.05 266.81 -101.36
v 240.24 273.11 -107.16
v 240.63 259.10 -96.11
v 235.59 239.47 -82.94
v 238.04 238.46 -71.30
v 242.62 236.91 -63.73
v 239.99 436.74 -83.77
v 239.94 443.06 -71.79
v 240.96 239.92 -59.97
v 239.81 447.64 -59.63
v 243.63 234.75 -60.33
v 239.23 245.89 -53.73
v 244.29 232.17 -54.41
v 241.44 245.51 -33.87
v 244.50 226.67 -47.10
v 239.55 457.63 -5.83
v 239.53 444.70 -4.35
v 239.09 443.08 -30.18
v 242.45 442.08 -9.57
v 230.71 253.33 -21.81
v 239.53 444.70 -4.35
v 238.81 443.23 22.71
v 239.06 444.47 35.60
v 227.80 254.55 37.00
v 240.30 246.02 37.47
v 243.29 242.37 31.41
v 244.76 455.52 38.45
v 239.67 453.11 35.64
v 239.14 448.78 38.74
v 244.85 446.97 64.96
v 239.83 444.37 61.13
v 239.63 440.49 65.05
v 239.38 438.15 55.49
v 239.01 429.83 72.25
v 239.96 432.36 72.54
v 240.12 440.67 72.58
v 239.36 433.60 79.99
v 240.48 433.73 86.11
v 240.01 422.20 88.26
v 236.46 244.72 76.35
v 235.83 244.63 80.51
v 237.07 245.16 88.14
v 238.70 265.99 90.67
v 243.90 239.91 85.24
v 237.07 245.16 88.14
v 240.66 246.14 88.49
v 241.54 246.70 92.93
v 239.55 413.48 93.88
v 240.81 403.45 106.73
v 238.85 274.02 98.54
v 239.64 397.06 107.71
v 235.87 248.69 121.48
v 240.81 403.45 106.73
v 239.64 397.06 107.71
v 240.03 376.67 119.37
v 239.22 276.59 115.52
v 244.68 268.37 111.49
v 238.87 288.98 120.86
v 238.23 301.02 123.85
v 239.24 248.69 131.86
v 238.11 312.16 127.52
v 238.01 251.52 147.07
v 239.14 250.06 158.70
v 237.99 328.57 167.24
v 236.61 343.35 163.87
v 237.42 312.27 161.68
v 238.33 259.01 182.45
v 240.64 255.45 180.63
v 238.36 188.12 191.46
v 236.71 172.08 190.40
v 238.55 148.79 198.53
v 236.28 261.59 199.87
v 235.34 260.13 217.42
v 234.93 213.84 247.57
v 238.25 228.84 248.89
v 237.80 221.02 248.52
v 232.79 378.72 -179.00
v 234.95 383.06 -175.07
v 231.74 330.32 -150.96
v 231.74 330.32 -150.96
v 227.99 285.87 -151.00
v 232.60 351.98 -146.47
v 233.75 261.43 -143.77
v 232.92 253.77 -141.62
v 236.43 255.20 -140.84
v 232.92 253.77 -141.62
v 232.92 253.77 -141.62
v 232.22 249.02 -137.00
v 236.33 251.39 -126.41
v 237.80 363.26 -121.27
v 234.99 371.12 -121.81
v 234.41 351.71 -128.03
v 237.12 356.13 -124.25
v 236.05 249.60 -108.91
v 232.59 240.91 -106.69
v 234.25 240.20 -99.76
v 234.19 244.49 -77.25
v 228.69 253.54 -53.91
v 232.71 251.76 47.40
v 235.98 202.89 36.65
v 233.59 203.01 33.02
v 235.74 197.11 32.44
v 235.80 209.08 39.27
v 234.11 206.08 36.54
v 238.40 245.01 62.68
v 230.79 252.38 70.20
v 236.12 246.59 70.64
v 234.27 246.58 90.82
v 235.87 248.69 121.48
v 239.24 248.69 131.86
v 233.15 255.06 139.91
v 239.77 249.10 144.68
v 238.01 251.52 147.07
v 237.15 253.55 163.45
v 239.14 250.06 158.70
v 237.63 256.70 172.88
v 235.69 236.20 182.24
v 232.68 228.81 183.66
v 239.19 220.17 187.34
v 230.34 215.53 188.29
v 238.88 206.03 189.36
v 238.36 188.12 191.46
v 233.46 175.60 189.31
v 236.71 172.08 190.40
v 224.70 267.91 197.85
v 236.74 364.42 -188.52
v 229.08 364.95 -191.99
v 232.63 370.47 -184.72
v 223.67 346.68 -194.24
v 223.48 350.01 -186.97
v 229.91 371.95 -181.00
v 227.73 371.01 -176.11
v 227.99 368.69 -173.26
v 230.23 352.25 -171.89
v 228.15 351.71 -175.30
v 226.16 348.23 -168.28
v 236.20 201.48 -166.70
v 228.85 205.25 -166.78
v 236.82 172.53 -167.61
v 229.44 346.19 -157.53
v 227.21 314.54 -157.82
v 229.57 251.21 -147.03
v 225.27 238.12 -155.60
v 229.44 236.23 -144.10
v 232.59 240.91 -106.69
v 230.97 244.47 -101.61
v 234.25 240.20 -99.76
v 235.13 215.46 -100.86
v 233.80 204.10 -89.93
v 233.92 212.70 -116.43
v 229.97 248.17 -84.49
v 235.73 211.13 -68.46
v 231.76 201.97 -79.80
v 224.86 253.80 -72.99
v 234.11 210.64 -57.19
v 231.79 208.56 -50.41
v 235.68 210.68 -57.86
v 232.17 203.09 -2.33
v 235.28 197.91 7.58
v 232.12 197.69 -1.72
v 232.15 189.19 7.16
v 231.40 192.02 -1.07
v 236.09 195.26 27.11
v 232.33 189.36 24.88
v 228.31 254.06 -1.13
v 234.01 193.28 35.03
v 233.59 203.01 33.02
v 231.67 204.41 31.24
v 231.30 197.44 36.96
v 235.74 197.11 32.44
v 235.74 197.11 32.44
v 234.01 193.28 35.03
v 229.15 191.51 36.08
v 235.59 213.28 57.55
v 228.13 212.15 62.88
v 233.71 212.03 53.28
v 230.22 251.82 93.51
v 229.77 254.84 117.74
v 230.51 260.87 160.38
v 220.98 265.10 147.60
v 224.05 268.47 176.23
v 232.74 244.96 178.37
v 229.62 248.92 177.23
v 230.63 243.88 172.17
v 233.32 235.34 178.75
v 201.80 190.82 190.75
v 224.08 265.35 216.44
v 225.16 259.73 231.69
v 225.16 259.73 231.69
v 225.96 252.19 243.10
v 226.70 244.64 250.72
v 240.41 209.98 234.53
v 234.93 213.84 247.57
v 226.44 208.80 249.57
v 225.11 230.76 257.35
v 235.44 242.51 246.71
v 225.11 230.76 257.35
v 238.25 228.84 248.89
v 225.39 220.62 257.46
v 237.80 221.02 248.52
v 224.58 213.49 255.33
v 224.58 213.49 255.33
v 243.40 -145.23 -241.93
v 181.48 -142.36 -237.14
v 241.76 -142.41 -237.76
v 234.19 -142.20 -232.08
v 222.18 370.96 -190.25
v 222.18 370.96 -190.25
v 232.63 370.47 -184.72
v 229.06 232.54 -185.37
v 223.64 230.94 -188.37
v 218.38 231.26 -170.16
v 222.43 232.30 -174.58
v 225.33 332.27 -167.85
v 225.49 327.00 -176.65
v 228.07 325.04 -176.88
v 225.23 342.94 -164.76
v 222.74 337.30 -167.02
v 225.33 332.27 -167.85
v 227.88 217.89 -146.08
v 227.35 221.85 -141.39
v 230.05 219.77 -140.52
v 229.30 227.49 -128.39
v 231.02 218.46 -136.99
v 230.92 222.77 -131.00
v 231.78 208.69 -130.22
v 229.01 202.87 -148.35
v 227.72 198.62 -145.17
v 228.18 198.34 -121.39
v 230.97 226.86 -118.85
v 227.36 241.26 -119.03
v 231.30 235.83 -110.83
v 229.30 227.49 -128.39
v 231.30 235.83 -110.83
v 228.58 196.49 -94.32
v 221.05 253.40 -103.96
v 227.36 193.50 -77.89
v 226.99 194.12 -91.33
v 229.70 196.54 -62.47
v 227.55 191.71 -62.48
v 229.65 201.57 -40.31
v 230.99 205.40 -38.36
v 230.10 197.21 -27.69
v 229.12 191.66 -25.62
v 225.56 189.10 -60.56
v 227.84 188.74 0.99
v 232.33 189.36 24.88
v 229.15 191.51 36.08
v 225.23 190.00 34.95
v 229.09 204.95 37.34
v 226.42 194.02 39.77
v 227.05 201.49 40.18
v 226.42 194.02 39.77
v 229.09 204.95 37.34
v 224.12 204.43 37.16
v 227.05 201.49 40.18
v 225.35 255.62 62.62
v 218.69 260.50 90.33
v 218.91 261.24 105.35
v 241.92 -143.49 239.17
v 180.77 -146.57 244.76
v 241.30 -146.86 244.12
v 241.30 -146.86 244.12
v 180.77 -146.57 244.76
v 180.32 -151.20 246.77
v 244.94 -149.74 245.20
v 243.43 -155.71 245.31
v 224.58 213.49 255.33
v 213.14 368.05 -196.08
v 212.40 351.28 -192.77
v 206.99 373.08 -191.33
v 207.21 373.50 -187.21
v 228.15 351.71 -175.30
v 201.82 352.21 -175.58
v 226.16 348.23 -168.28
v 222.00 231.89 -167.18
v 219.51 345.33 -167.34
v 226.44 217.50 -166.61
v 223.29 225.41 -166.55
v 204.18 202.79 -167.57
v 222.00 231.89 -167.18
v 220.50 229.44 -166.97
v 223.29 225.41 -166.55
v 223.42 221.76 -154.55
v 227.88 217.89 -146.08
v 222.50 211.86 -158.25
v 230.22 208.86 -147.74
v 222.50 211.86 -158.25
v 223.49 203.79 -154.06
v 223.10 227.75 -147.43
v 221.17 196.02 -148.91
v 227.35 221.85 -141.39
v 223.01 241.96 -132.79
v 225.63 235.37 -133.82
v 222.01 248.13 -121.02
v 216.15 252.69 -122.55
v 215.54 256.99 -101.40
v 213.53 260.29 59.00
v 210.54 270.34 152.86
v 211.54 232.11 185.89
v 209.70 197.98 190.69
v 226.80 -145.37 208.72
v 213.08 -140.32 195.75
v 224.67 -140.55 208.72
v 226.80 -145.37 208.72
v 224.47 -151.48 208.43
v 218.86 -147.37 200.07
v 212.12 270.26 199.81
v 216.58 -137.38 206.51
v 228.39 -140.05 215.75
v 209.13 -139.89 218.52
v 225.00 -142.26 222.75
v 191.13 -147.92 227.70
v 209.56 -144.39 230.78
v 239.96 -142.93 230.85
v 240.08 -145.38 227.16
v 226.03 -142.29 235.56
v 210.51 252.43 246.48
v 184.12 -143.99 241.17
v 185.44 -160.17 243.81
v 242.47 -158.89 243.89
v 211.43 225.09 262.83
v 211.90 213.72 261.17
v 223.26 -141.51 -208.64
v 214.32 -145.69 -193.27
v 226.29 -146.79 -207.17
v 211.67 -139.62 -196.85
v 226.29 -146.79 -207.17
v 214.32 -145.69 -193.27
v 222.71 -155.94 -207.74
v 213.03 -155.92 -197.88
v 202.87 230.34 -170.16
v 205.75 366.34 -173.55
v 227.99 368.69 -173.26
v 205.75 366.34 -173.55
v 227.61 363.06 -170.98
v 218.74 200.02 -158.41
v 219.02 227.45 -153.30
v 217.33 239.16 -143.74
v 222.31 194.92 -139.13
v 214.91 187.16 -137.20
v 221.17 196.02 -148.91
v 214.58 246.76 -136.24
v 217.59 188.60 -118.38
v 221.95 194.85 -110.20
v 209.39 259.90 -85.13
v 208.83 260.99 -58.54
v 218.61 198.02 12.80
v 217.14 196.24 -7.63
v 219.41 192.37 -16.92
v 195.75 263.20 1.67
v 221.77 204.85 35.22
v 213.79 204.45 33.75
v 219.51 202.35 31.62
v 209.93 272.54 177.73
v 207.46 267.96 214.18
v 209.13 -139.89 218.52
v 217.75 -143.13 222.79
v 225.00 -142.26 222.75
v 221.88 -149.96 223.32
v 210.72 -153.49 217.98
v 226.68 -154.09 217.75
v 203.29 261.65 231.22
v 211.00 240.81 257.61
v 184.95 -145.55 -242.22
v 180.61 -142.68 -232.38
v 218.63 -144.73 -227.32
v 222.69 342.57 -196.91
v 202.33 346.98 -201.22
v 208.35 -149.36 -188.71
v 198.24 -140.19 -181.37
v 205.12 369.68 -177.61
v 200.37 356.76 -174.23
v 196.74 229.90 -188.61
v 201.86 359.69 -172.83
v 228.25 357.35 -172.02
v 203.00 343.20 -168.74
v 197.42 335.86 -172.97
v 223.65 330.55 -172.36
v 206.71 348.01 -169.67
v 220.50 229.44 -166.97
v 189.94 188.44 -168.75
v 182.23 169.39 -168.75
v 237.49 165.29 -168.06
v 213.45 189.44 -147.92
v 211.40 194.75 -157.94
v 209.03 241.98 -146.64
v 211.50 182.48 -114.15
v 204.93 256.59 -121.94
v 213.90 189.89 -104.64
v 205.45 258.97 -108.97
v 196.72 263.91 37.53
v 207.93 264.65 85.93
v 208.59 268.06 126.49
v 195.63 231.33 188.42
v 206.11 -135.58 197.95
v 207.27 -151.58 192.04
v 204.52 -135.53 208.19
v 219.63 -146.60 224.11
v 206.78 -148.13 219.78
v 221.88 -149.96 223.32
v 210.72 -153.49 217.98
v 203.29 261.65 231.22
v 188.78 -155.71 246.41
v 211.43 225.09 262.83
v 204.22 208.28 260.18
v 201.88 350.20 -200.61
v 204.33 352.38 -196.09
v 211.40 -137.42 -204.95
v 187.52 -136.03 -177.16
v 199.98 -155.20 -185.19
v 194.57 228.89 -166.80
v 194.57 228.89 -166.80
v 187.50 227.05 -166.27
v 223.29 225.41 -166.55
v 194.57 228.89 -166.80
v 204.62 251.40 -135.47
v 190.74 216.54 191.07
v 209.84 -145.94 190.80
v 202.66 -139.85 185.88
v 204.02 -139.78 216.72
v 197.84 251.80 248.48
v 240.66 -150.48 -244.82
v 181.62 -147.93 -244.64
v 210.09 -149.01 -244.32
v 203.42 -144.29 -215.02
v 200.41 -140.02 -209.68
v 210.65 -139.49 -212.94
v 197.66 -136.38 -199.81
v 211.40 -137.42 -204.95
v 193.55 370.41 -198.95
v 206.99 373.08 -191.33
v 188.15 -144.32 -168.12
v 188.15 -144.32 -168.12
v 190.47 -149.74 -172.44
v 199.29 363.74 -173.80
v 199.29 363.74 -173.80
v 193.99 350.36 -173.13
v 195.99 342.78 -171.21
v 200.78 242.97 -148.01
v 205.97 178.66 -113.69
v 194.57 264.10 -56.69
v 195.26 268.86 98.83
v 190.58 274.31 158.84
v 195.17 -135.48 185.75
v 194.57 271.25 201.15
v 204.02 -139.78 216.72
v 192.19 238.88 261.33
v 194.98 226.92 265.53
v 194.98 226.92 265.53
v 196.09 216.06 266.30
v 204.22 208.28 260.18
v 184.25 -145.54 -228.09
v 218.63 -144.73 -227.32
v 184.25 -145.54 -228.09
v 214.66 -149.34 -225.28
v 214.06 -155.12 -225.10
v 178.25 -159.87 -227.96
v 214.98 -159.42 -227.33
v 214.98 -159.42 -227.33
v 178.25 -159.87 -227.96
v 204.00 -162.91 -231.56
v 203.29 356.12 -198.79
v 198.55 354.84 -201.42
v 192.25 -135.56 -185.36
v 192.25 -135.56 -185.36
v 187.50 227.05 -166.27
v 176.69 212.72 -166.92
v 198.51 249.37 -141.08
v 194.45 252.69 -135.73
v 189.46 258.30 -123.06
v 190.30 261.93 -107.59
v 202.55 186.33 -93.00
v 193.59 173.15 -109.35
v 192.77 263.27 -87.47
v 213.19 208.99 56.08
v 184.12 206.39 69.84
v 192.53 273.33 142.80
v 186.80 275.10 175.69
v 195.81 -145.36 177.36
v 192.67 -140.35 175.45
v 170.14 174.53 189.44
v 234.66 168.90 187.91
v 184.46 -133.59 186.41
v 192.01 -140.09 207.61
v 197.42 -144.78 214.00
v 197.53 -149.91 212.12
v 190.61 -151.90 203.81
v 180.30 -146.62 227.95
v 225.65 -162.69 239.57
v 185.44 -160.17 243.81
v 187.76 -163.08 237.67
v 191.53 209.17 264.83
v 183.83 -149.59 -226.29
v 185.48 -162.65 -231.17
v 191.58 -139.67 -203.88
v 198.43 366.92 -200.37
v 199.53 363.13 -201.28
v 182.31 -135.34 -191.02
v 183.51 372.93 -189.32
v 184.20 370.39 -182.62
v 196.91 329.23 -185.44
v 198.72 330.68 -179.23
v 197.29 307.07 -179.82
v 184.94 365.03 -175.93
v 188.07 357.76 -173.31
v 198.54 307.07 -174.21
v 197.06 293.66 -178.95
v 192.34 346.83 -169.74
v 197.42 335.86 -172.97
v 196.69 317.24 -163.86
v 198.07 313.79 -168.99
v 199.22 272.73 -168.86
v 197.32 259.24 -172.68
v 199.77 275.75 -160.56
v 197.49 247.08 -168.42
v 191.76 230.91 -168.06
v 163.05 165.41 -169.02
v 237.49 165.29 -168.06
v 163.05 165.41 -169.02
v 232.97 163.65 -169.04
v 198.49 293.17 -159.92
v 199.75 240.99 -157.75
v 197.40 240.03 -164.28
v 196.81 292.22 -154.14
v 198.44 232.37 -160.19
v 198.40 270.90 -150.42
v 199.64 248.43 -149.80
v 200.83 233.75 -156.41
v 200.78 242.97 -148.01
v 196.88 262.93 -143.23
v 198.51 249.37 -141.08
v 194.45 252.69 -135.73
v 188.17 -135.55 197.80
v 188.17 -135.55 197.80
v 184.32 -145.89 202.27
v 182.83 -142.53 235.71
v 175.67 -155.24 -225.79
v 193.55 370.41 -198.95
v 183.18 373.53 -194.25
v 192.06 308.31 -189.74
v 185.94 231.77 -166.74
v 184.94 365.03 -175.93
v 197.06 293.66 -178.95
v 197.32 259.24 -172.68
v 189.57 278.50 -184.02
v 192.31 258.79 -176.95
v 191.11 246.63 -173.10
v 192.34 346.83 -169.74
v 192.71 329.51 -161.80
v 185.94 231.77 -166.74
v 191.68 294.07 -147.75
v 189.46 278.89 -140.20
v 189.46 278.89 -140.20
v 186.42 255.63 -130.62
v 194.45 252.69 -135.73
v 186.42 255.63 -130.62
v 186.42 264.52 4.13
v 171.83 268.48 48.44
v 184.48 -140.09 201.26
v 160.81 244.77 256.55
v 191.53 209.17 264.83
v 187.30 203.71 260.96
v 182.17 371.70 -199.17
v 179.29 -134.28 -177.89
v 179.29 -134.28 -177.89
v 180.76 354.67 -163.47
v 177.45 -155.24 -166.53
v 186.57 333.86 -157.53
v 189.32 232.57 -161.14
v 186.90 242.17 -171.80
v 179.84 -140.49 -162.86
v 186.57 333.86 -157.53
v 191.68 294.07 -147.75
v 180.22 276.71 -132.80
v 176.33 256.92 -127.48
v 171.35 262.88 -108.09
v 190.27 183.88 -82.26
v 202.46 190.47 -82.52
v 175.26 188.97 -61.11
v 173.39 266.23 -57.20
v 177.26 191.73 -58.67
v 171.24 266.72 13.77
v 170.95 273.40 111.51
v 183.55 -146.16 165.47
v 180.38 -139.62 164.22
v 183.55 -146.16 165.47
v 194.26 -150.94 178.79
v 176.71 -151.30 162.72
v 168.23 -133.32 167.25
v 165.21 273.31 192.06
v 158.87 270.03 210.02
v 144.25 255.41 243.09
v 179.50 -156.85 247.38
v 169.19 227.18 267.99
v 164.72 213.84 271.49
v 167.28 206.80 268.79
v 182.45 502.33 -247.65
v 181.65 511.57 -244.48
v 184.04 489.79 -236.92
v 182.46 489.98 -247.13
v 182.99 473.16 -238.64
v 182.74 494.30 -229.79
v 184.19 465.20 -226.09
v 182.77 449.18 -227.68
v 176.57 -163.18 -230.75
v 182.41 470.10 -216.79
v 183.88 444.09 -214.25
v 182.38 444.86 -207.01
v 183.47 420.74 -205.82
v 182.99 409.29 -208.72
v 182.91 412.73 -194.26
v 183.64 394.97 -199.32
v 182.33 339.66 -200.54
v 192.40 321.62 -191.52
v 182.15 300.80 -194.85
v 177.90 -139.75 -194.36
v 192.06 308.31 -189.74
v 177.48 264.04 -189.07
v 173.35 231.22 -188.02
v 184.20 370.39 -182.62
v 182.21 373.28 -176.75
v 184.94 365.03 -175.93
v 165.84 205.50 -167.08
v 182.40 230.33 -163.89
v 179.75 233.06 -167.87
v 182.40 230.33 -163.89
v 176.54 219.26 -165.20
v 176.69 212.72 -166.92
v 173.72 -150.02 -157.80
v 177.30 313.50 -143.37
v 171.75 264.93 -84.78
v 170.41 275.45 140.67
v 174.69 -141.81 157.30
v 162.51 276.16 172.53
v 176.33 -135.37 166.47
v 159.42 226.45 190.08
v 162.70 217.77 191.25
v 159.86 190.06 191.48
v 156.10 169.26 188.17
v 231.33 166.24 186.45
v 174.32 -135.76 188.16
v 174.32 -135.76 188.16
v 171.08 -139.92 190.29
v 183.23 -152.94 195.93
v 176.71 -144.38 230.54
v 158.33 262.07 229.79
v 179.54 -163.16 241.97
v 179.54 -163.16 241.97
v 152.49 215.93 272.62
v 152.49 215.93 272.62
v 171.18 203.88 265.91
v 176.49 519.21 -260.96
v 179.54 509.60 -256.73
v 177.71 509.55 -260.28
v 179.08 519.85 -245.97
v 179.54 509.60 -256.73
v 177.62 501.64 -257.03
v 177.71 509.55 -260.28
v 179.35 512.47 -234.63
v 173.71 529.20 -246.21
v 177.63 -143.23 -240.04
v 184.95 -145.55 -242.22
v 177.63 -143.23 -240.04
v 182.99 473.16 -238.64
v 182.77 449.18 -227.68
v 176.21 458.25 -241.51
v 178.42 501.17 -225.80
v 168.58 -145.06 -228.03
v 168.58 -145.06 -228.03
v 168.47 -149.74 -225.79
v 179.37 481.89 -216.48
v 179.17 409.94 -216.58
v 179.27 443.82 -230.04
v 179.17 409.94 -216.58
v 177.97 454.83 -203.83
v 179.23 390.23 -207.32
v 182.79 393.34 -203.69
v 179.74 368.02 -203.71
v 182.17 371.70 -199.17
v 178.05 415.53 -187.55
v 183.18 373.53 -194.25
v 173.35 -136.93 -188.88
v 181.63 395.93 -184.45
v 183.51 372.93 -189.32
v 167.01 -134.83 -180.20
v 177.77 377.78 -171.73
v 180.76 354.67 -163.47
v 163.62 -135.41 -153.40
v 184.48 235.65 -164.93
v 182.40 230.33 -163.89
v 179.75 233.06 -167.87
v 172.58 225.38 -162.58
v 172.33 362.01 -159.84
v 167.38 -143.73 -148.46
v 174.59 334.95 -149.96
v 167.38 -143.73 -148.46
v 175.70 290.75 -135.26
v 176.33 256.92 -127.48
v 158.92 231.76 188.56
v 171.13 -133.98 179.78
v 175.09 -160.31 243.69
v 166.11 531.01 -268.76
v 173.42 527.23 -260.49
v 178.39 485.68 -249.12
v 174.08 494.43 -258.56
v 171.66 523.62 -231.79
v 174.63 435.63 -233.36
v 167.87 -142.25 -237.03
v 171.34 501.53 -217.34
v 173.45 406.88 -223.10
v 175.54 379.49 -212.71
v 175.54 379.49 -212.71
v 171.34 501.53 -217.34
v 170.43 467.56 -201.87
v 179.37 481.89 -216.48
v 177.97 454.83 -203.83
v 176.20 359.53 -207.72
v 170.93 437.37 -189.93
v 178.05 415.53 -187.55
v 170.09 410.49 -177.94
v 170.31 390.47 -169.52
v 177.77 377.78 -171.73
v 167.38 235.07 -178.44
v 165.58 -133.51 -169.85
v 175.53 236.24 -170.45
v 179.29 -134.28 -177.89
v 165.58 -133.51 -169.85
v 162.32 -133.48 -159.33
v 162.32 -133.48 -159.33
v 176.69 212.72 -166.92
v 176.54 219.26 -165.20
v 176.91 213.93 -164.35
v 176.44 209.49 -165.93
v 158.44 -140.00 -142.25
v 158.09 285.78 -129.56
v 162.01 258.40 -121.55
v 170.87 -146.51 153.66
v 144.26 166.31 186.20
v 167.85 -142.30 235.46
v 167.20 -143.33 240.20
v 165.15 -150.85 246.45
v 167.53 -156.00 246.33
v 167.46 535.17 -260.36
v 167.09 536.20 -247.67
v 164.39 462.21 -254.74
v 163.22 440.91 -247.37
v 167.09 536.20 -247.67
v 164.34 534.76 -236.98
v 173.71 529.20 -246.21
v 161.11 -145.46 -242.32
v 164.34 534.76 -236.98
v 162.98 421.30 -240.07
v 161.11 -145.46 -242.32
v 164.47 -142.68 -232.33
v 171.66 523.62 -231.79
v 156.36 522.28 -221.61
v 163.90 368.75 -219.85
v 176.20 359.53 -207.72
v 170.12 345.58 -209.89
v 176.62 349.95 -206.45
v 167.38 235.07 -178.44
v 165.11 238.39 -179.65
v 154.34 363.23 -152.95
v 155.88 332.67 -142.48
v 158.67 269.98 -126.65
v 157.72 172.57 -66.61
v 170.42 177.79 -69.98
v 151.82 267.52 3.69
v 165.32 -139.94 149.20
v 161.39 -135.62 151.04
v 142.49 204.44 191.64
v 159.25 -140.61 179.80
v 168.00 -145.21 188.52
v 147.09 235.67 265.12
v 159.49 536.42 -271.04
v 145.63 -148.32 -244.59
v 164.34 534.76 -236.98
v 156.31 529.48 -226.86
v 161.73 402.76 -233.25
v 160.60 388.12 -228.37
v 156.32 -162.47 -231.85
v 155.52 501.54 -210.32
v 155.53 463.84 -193.56
v 156.34 427.81 -179.17
v 152.92 385.37 -160.64
v 156.78 -144.79 -138.44
v 155.67 303.63 -133.61
v 159.42 256.39 -125.42
v 162.94 266.28 -60.29
v 147.06 273.31 97.62
v 145.07 276.19 142.99
v 152.85 -133.46 150.15
v 144.56 -133.18 150.57
v 153.25 -135.87 169.03
v 153.25 -135.87 169.03
v 159.49 536.42 -271.04
v 156.12 542.76 -263.97
v 167.46 535.17 -260.36
v 156.54 543.60 -248.65
v 151.21 541.64 -236.20
v 155.79 -160.19 -228.71
v 155.79 -160.19 -228.71
v 159.01 236.20 -182.47
v 163.05 165.41 -169.02
v 98.75 163.69 -170.09
v 232.97 163.65 -169.04
v 151.58 -133.70 -163.77
v 162.32 -133.48 -159.33
v 153.99 187.35 -48.84
v 141.55 269.81 42.73
v 142.86 208.74 122.88
v 143.48 205.54 94.97
v 174.51 211.60 127.83
v 159.33 -153.89 151.14
v 156.11 -151.05 142.58
v 149.29 -146.04 171.10
v 163.41 -151.47 180.69
v 124.48 252.43 247.18
v 141.65 205.55 272.18
v 151.21 541.64 -236.20
v 173.35 231.22 -188.02
v 145.42 231.91 -187.57
v 159.01 236.20 -182.47
v 163.26 -139.13 -183.00
v 149.18 -136.41 -168.73
v 150.73 413.87 -171.59
v 103.02 187.83 -168.39
v 150.49 -132.92 -154.52
v 146.29 -141.46 -128.95
v 146.29 -141.46 -128.95
v 142.07 261.99 -107.63
v 150.73 -140.58 133.90
v 160.58 -143.68 143.01
v 139.09 224.93 270.23
v 171.18 203.88 265.91
v 124.85 196.05 267.80
v 164.05 199.49 261.77
v 148.86 546.01 -262.56
v 141.37 548.99 -248.99
v 141.07 483.48 -199.80
v 136.85 -135.61 -125.97
v 138.48 265.55 -68.89
v 166.54 169.61 -93.47
v 158.46 170.32 -75.48
v 143.32 168.75 -75.68
v 145.90 -146.43 128.99
v 160.58 -143.68 143.01
v 145.90 -146.43 128.99
v 145.02 -135.71 134.53
v 155.84 -152.11 172.60
v 145.22 -152.17 162.32
v 148.94 -141.10 170.24
v 133.81 217.81 190.54
v 103.17 -145.72 244.85
v 103.17 -145.72 244.85
v 127.95 200.86 271.66
v 149.49 533.49 -278.52
v 143.87 542.13 -276.80
v 159.49 536.42 -271.04
v 143.87 542.13 -276.80
v 135.26 546.59 -275.18
v 99.40 -142.16 -237.50
v 137.49 538.04 -227.28
v 141.62 529.05 -221.80
v 143.33 511.49 -212.88
v 142.88 451.29 -185.84
v 133.40 377.72 -156.83
v 137.76 348.18 -146.37
v 137.69 -132.82 -144.50
v 137.04 -133.11 -133.20
v 140.62 312.10 -135.07
v 137.04 -133.11 -133.20
v 140.43 288.84 -129.65
v 138.18 -150.23 -124.68
v 158.69 -150.82 -144.55
v 132.14 267.22 -11.46
v 137.58 -135.46 153.48
v 137.49 -140.48 159.57
v 138.34 232.63 185.18
v 125.95 224.08 188.57
v 158.33 262.07 229.79
v 99.89 -159.22 243.94
v 132.13 538.43 -283.19
v 127.83 551.04 -262.93
v 132.97 547.58 -236.92
v 132.97 547.58 -236.92
v 123.82 203.41 -166.96
v 126.61 -135.58 -147.05
v 129.51 -144.43 -112.06
v 144.18 187.96 -40.54
v 143.10 181.01 -52.27
v 138.79 -140.52 121.76
v 139.75 -132.83 140.98
v 135.39 -146.76 157.96
v 92.98 -145.04 -242.26
v 88.11 -155.54 -225.99
v 116.96 532.86 -223.30
v 148.54 -142.94 -171.35
v 137.07 -144.76 -161.18
v 133.09 -140.20 -157.31
v 129.71 -133.51 -143.77
v 124.45 263.61 -127.78
v 127.18 254.22 -127.93
v 131.38 -141.30 -114.16
v 137.49 -140.48 159.57
v 70.95 276.37 171.52
v 99.84 273.00 193.23
v 101.14 269.70 209.38
v 88.23 -142.20 235.65
v 119.70 493.57 -205.43
v 120.11 444.72 -183.04
v 120.18 227.74 -188.37
v 133.79 232.53 -187.18
v 116.62 316.33 -136.57
v 120.49 301.29 -132.39
v 128.10 -132.63 -134.95
v 127.18 254.22 -127.93
v 121.52 254.26 -125.09
v 159.42 256.39 -125.42
v 105.39 256.91 -116.99
v 131.38 -141.30 -114.16
v 115.29 171.94 -60.23
v 145.66 170.85 -65.40
v 107.43 268.33 17.97
v 129.21 -142.25 111.85
v 131.91 -145.94 114.76
v 124.19 -135.25 114.68
v 128.38 -132.98 132.96
v 126.76 -134.98 142.38
v 124.46 -140.86 147.20
v 87.80 -150.43 246.72
v 106.07 217.78 273.22
v 113.38 206.11 274.72
v 116.81 546.73 -281.45
v 116.77 550.46 -270.69
v 117.04 552.98 -249.47
v 115.20 342.45 -144.85
v 149.18 -136.41 -168.73
v 126.61 -135.58 -147.05
v 112.88 -135.42 -103.14
v 107.02 264.44 -60.63
v 122.24 -139.08 107.41
v 113.90 273.59 103.04
v 124.46 -140.86 147.20
v 123.55 -147.09 146.31
v 119.83 -151.18 139.37
v 87.39 208.08 191.68
v 172.57 -162.69 239.49
v 114.21 -161.52 240.06
v 115.96 -162.40 236.75
v 108.01 211.03 274.91
v 108.01 211.03 274.91
v 114.48 542.43 -228.37
v 117.67 459.41 -189.53
v 118.81 246.25 -206.38
v 133.79 232.53 -187.18
v 115.59 235.45 -199.98
v 115.68 -133.46 -132.03
v 120.57 -132.36 -122.92
v 119.03 251.81 -128.41
v 116.61 -151.58 -106.54
v 107.99 260.14 -106.83
v 97.73 260.78 -96.99
v 92.25 265.01 -32.48
v 136.25 188.31 -33.33
v 115.30 186.43 -29.83
v 128.03 181.73 -47.67
v 110.86 -132.99 111.48
v 119.67 -132.93 124.80
v 115.49 200.75 273.44
v 99.01 544.46 -286.60
v 116.81 546.73 -281.45
v 111.67 549.78 -238.67
v 118.18 413.44 -171.10
v 111.09 367.59 -153.91
v 117.87 -140.12 -143.46
v 102.85 -135.95 -126.06
v 115.14 -141.31 -99.18
v 115.14 -141.31 -99.18
v 110.46 -144.24 -94.74
v 114.61 -135.19 131.28
v 110.86 -140.40 134.29
v 87.35 232.72 266.55
v 102.52 551.47 -276.08
v 111.67 549.78 -238.67
v 119.03 251.81 -128.41
v 94.39 284.29 -130.55
v 74.82 276.01 148.93
v 107.80 -146.15 131.97
v 91.27 190.39 191.71
v 36.35 174.48 189.85
v 42.80 -146.92 227.94
v 99.02 -143.00 240.67
v 124.85 196.05 267.80
v 96.81 547.51 -284.80
v 99.27 553.50 -264.83
v 105.17 543.54 -230.64
v 83.14 511.25 -223.09
v 109.02 469.34 -195.84
v 106.94 -132.50 -118.62
v 104.32 -132.28 -106.95
v 120.57 -132.36 -122.92
v 104.32 -132.28 -106.95
v 101.49 -133.10 -98.45
v 101.64 -141.09 -87.60
v 101.64 -141.09 -87.60
v 114.37 -140.51 98.97
v 94.84 -134.97 88.81
v 100.20 -133.46 112.30
v 102.60 -151.65 122.83
v 71.39 242.68 256.85
v 9.92 -142.37 -232.38
v 98.95 451.54 -188.60
v 86.69 399.58 -169.20
v 92.02 247.98 -129.39
v 88.44 265.76 -128.77
v 86.75 -132.92 -103.69
v 92.67 253.32 -122.61
v 100.60 -150.48 -90.71
v 98.79 -133.06 99.52
v 110.86 -140.40 134.29
v 101.47 -140.52 125.92
v 35.74 169.46 188.29
v 96.81 547.51 -284.80
v 99.95 551.86 -277.71
v 77.40 554.92 -250.05
v 115.59 235.45 -199.98
v 104.21 230.20 -197.17
v 84.20 231.34 -201.61
v 98.30 239.35 -204.09
v 84.20 231.34 -201.61
v 77.62 203.97 -167.13
v 57.51 170.04 -168.88
v 2.67 165.39 -168.90
v 2.67 165.39 -168.90
v 87.13 299.48 -133.67
v 83.21 -144.42 -71.08
v 64.94 271.45 78.89
v 98.71 -140.30 85.59
v 93.59 -135.26 112.74
v 101.47 -140.52 125.92
v 33.12 166.77 186.12
v 45.38 -144.40 230.86
v 62.33 253.20 244.42
v 81.21 193.22 268.85
v 69.95 200.54 276.05
v 109.65 528.39 -286.23
v 85.65 540.52 -288.89
v 115.36 539.03 -285.93
v 84.42 546.33 -235.59
v 83.26 483.96 -209.19
v 86.04 366.15 -155.55
v 86.97 334.71 -144.24
v 92.02 247.98 -129.39
v 87.07 -135.78 -111.01
v 92.78 -132.26 -100.46
v 101.49 -133.10 -98.45
v 93.32 -135.08 -86.53
v 95.58 -140.36 120.39
v 95.58 -140.36 120.39
v 85.95 -146.39 112.24
v 20.91 -155.98 246.19
v 61.09 552.99 -272.10
v 82.41 449.98 -190.81
v 83.34 438.95 -185.50
v 86.24 -133.15 -85.29
v 86.24 -133.15 -85.29
v 80.76 -151.33 -74.06
v 74.82 262.29 -59.85
v 110.89 208.21 128.37
v 43.87 208.22 135.31
v 114.04 202.77 79.20
v 88.13 -133.09 100.11
v 88.67 -140.62 114.40
v 65.90 224.45 188.41
v 57.01 219.24 190.05
v 64.47 196.85 275.22
v 64.10 552.50 -282.79
v 81.41 523.18 -228.37
v 31.67 -160.01 -228.93
v 63.49 252.62 -117.99
v 85.30 -132.32 -91.35
v 76.41 -141.28 -65.50
v 75.08 265.44 -8.30
v 95.98 -144.95 82.76
v 81.93 -140.73 71.53
v 82.62 -132.80 90.53
v 31.64 263.73 222.04
v 56.73 227.49 269.34
v 51.17 543.70 -291.10
v 54.79 550.85 -242.80
v 54.79 550.85 -242.80
v 64.76 246.19 -128.47
v 65.84 -135.57 -89.98
v 73.09 -135.27 -68.85
v 76.41 -141.28 -65.50
v 95.98 -144.95 82.76
v 93.90 -151.32 85.29
v 79.56 -150.82 72.81
v 79.98 -151.93 102.42
v 92.76 -152.40 112.91
v 68.69 204.05 276.37
v 37.80 244.02 -132.10
v 62.41 244.44 -130.75
v 62.41 253.87 -113.65
v 59.94 -132.79 -76.30
v 74.72 -132.27 -85.49
v 62.96 -135.05 62.34
v 77.02 -133.31 80.62
v 71.14 -135.46 92.98
v 73.91 -140.29 101.19
v 88.67 -140.62 114.40
v 35.01 272.47 193.16
v 38.83 268.53 210.51
v 53.64 547.91 -289.21
v 158.33 -151.25 -245.12
v 41.37 -147.68 -244.72
v 67.38 548.08 -238.67
v 11.86 -144.96 -227.89
v 11.86 -144.96 -227.89
v 64.14 456.73 -197.90
v 53.93 193.97 -168.36
v 54.53 308.78 -139.75
v 62.41 244.44 -130.75
v 69.82 -132.66 -74.48
v 63.54 267.62 27.92
v 64.56 -133.29 80.02
v 62.59 274.97 131.64
v 31.64 263.73 222.04
v 53.64 547.91 -289.21
v 57.65 555.23 -255.11
v 50.76 347.37 -154.55
v 43.41 278.65 -132.87
v 74.95 -144.90 65.24
v 69.30 -140.70 61.12
v 67.16 -133.55 71.08
v 59.17 553.68 -276.45
v 50.01 545.92 -240.09
v 58.88 484.98 -212.35
v 49.52 460.63 -202.08
v 42.28 262.32 -130.54
v 43.75 255.93 -93.15
v 69.82 -132.66 -74.48
v 53.53 -144.33 -46.36
v 59.48 -150.82 -55.49
v 63.09 -140.35 91.33
v 73.91 -140.29 101.19
v 63.09 -140.35 91.33
v 59.46 -145.58 88.36
v 75.00 -147.18 102.25
v 51.73 208.78 191.03
v 55.59 188.20 191.14
v 29.33 217.24 274.20
v 60.18 193.34 273.37
v 43.33 554.86 -265.02
v 50.33 521.72 -231.09
v 55.74 436.90 -190.00
v 51.54 376.31 -166.52
v 45.65 329.88 -148.29
v 50.03 -134.58 -51.25
v 53.98 -141.17 -46.97
v 37.74 259.79 -57.14
v 46.65 -135.43 70.87
v 35.81 206.22 277.15
v 35.81 206.22 277.15
v 24.44 553.56 -274.93
v 68.88 -140.41 -97.65
v 52.60 -140.28 -81.57
v 65.84 -135.57 -89.98
v 49.25 -132.66 -60.67
v 49.25 -132.66 -60.67
v 53.98 -141.17 -46.97
v 55.74 -140.89 50.26
v 53.71 -133.15 64.18
v 56.78 -140.31 85.47
v 56.78 -140.31 85.47
v 12.01 -143.29 241.02
v 38.50 163.17 -169.97
v 32.93 297.70 -137.51
v 43.46 -135.49 -67.70
v 51.24 -140.14 80.58
v 30.59 554.16 -280.56
v 12.67 -150.09 -225.59
v 47.24 409.44 -181.28
v 43.46 -135.49 -67.70
v 60.37 177.74 -53.49
v 7.38 171.31 -61.13
v 37.32 -139.71 -35.50
v 22.91 262.84 -11.50
v 38.47 -135.10 43.41
v 45.85 -138.09 73.63
v 51.24 -140.14 80.58
v 43.87 -145.57 74.51
v 55.63 -150.17 82.35
v 23.83 225.90 188.49
v -25.26 239.76 259.08
v 31.92 552.20 -285.74
v -10.14 -150.90 -245.22
v 6.54 -144.92 -242.33
v 3.28 182.65 -168.82
v 29.49 241.34 -131.70
v 41.69 -140.16 40.05
v 46.81 -143.95 42.71
v 45.85 -138.09 73.63
v 37.20 -141.08 68.49
v 4.53 272.51 103.48
v 25.08 200.53 277.85
v 6.07 555.11 -255.06
v 3.76 551.91 -246.37
v 19.69 497.43 -221.67
v 23.04 446.59 -200.38
v 18.31 396.34 -181.98
v 24.88 365.49 -166.69
v 32.86 -140.48 -63.24
v 29.36 -134.63 -36.47
v 32.72 -151.22 -35.43
v 34.24 -143.73 -31.21
v 34.24 -143.73 -31.21
v -3.29 262.44 -7.42
v 36.86 -133.40 50.36
v 34.24 -135.14 58.84
v 47.29 -152.13 73.21
v 35.44 -146.89 67.57
v 33.62 -152.76 60.49
v -16.48 251.75 245.70
v 9.15 548.57 -243.34
v 17.48 525.33 -234.34
v 6.54 -144.92 -242.33
v 11.02 -142.09 -237.47
v 99.40 -142.16 -237.50
v 11.02 -142.09 -237.47
v 21.20 467.57 -208.83
v 18.02 413.47 -189.57
v 19.43 249.67 -116.58
v 17.78 254.31 -93.36
v 27.08 -134.28 -49.25
v 37.20 -141.08 68.49
v -0.81 268.59 60.99
v -37.49 186.99 191.22
v 11.25 -141.90 235.91
v 19.86 196.65 277.33
v 16.65 193.59 275.54
v 10.85 -155.37 -225.42
v 24.47 317.38 -144.86
v -5.53 244.09 -131.92
v 29.49 241.34 -131.70
v 30.80 -140.62 32.37
v 25.70 -138.73 57.98
v 25.42 -146.58 60.75
v 2.62 -150.47 246.52
v -6.12 -159.43 243.91
v -18.22 231.61 266.84
v 4.37 548.82 -289.69
v 31.92 552.20 -285.74
v 6.17 554.24 -250.70
v 16.32 251.56 -110.38
v 17.48 258.67 -60.22
v 20.83 -140.17 -52.98
v 18.33 -134.71 43.37
v 25.70 -138.73 57.98
v 22.56 -141.54 58.13
v 11.40 -143.06 231.46
v -0.79 -145.95 244.91
v -0.79 -145.95 244.91
v -14.90 206.39 277.45
v -1.47 278.79 -133.53
v 15.93 -136.79 -41.88
v 14.22 -134.72 -29.87
v 29.36 -134.63 -36.47
v 14.14 -139.52 -17.31
v 14.14 -139.52 -17.31
v 15.59 -144.06 -17.02
v 21.43 -139.37 26.61
v 18.45 -134.93 32.26
v -38.55 276.27 149.27
v 13.20 -146.60 227.18
v 3.76 551.91 -246.37
v 7.60 -159.44 -227.07
v -11.72 195.10 -168.36
v -1.17 258.41 -59.14
v 11.36 -135.24 -22.10
v 11.36 -135.24 -22.10
v 12.82 -137.23 45.09
v 15.10 -145.95 53.42
v 16.32 -150.24 52.12
v -20.65 -147.78 -244.77
v -10.52 204.60 -166.87
v -2.67 353.76 -162.53
v -3.75 322.99 -148.03
v -1.94 261.19 -130.61
v 10.90 -137.48 -38.49
v 14.14 -139.52 -17.31
v 14.12 -141.52 -15.59
v 15.59 -144.06 -17.02
v 23.47 -144.27 25.55
v 21.16 -152.09 30.54
v 13.42 -152.71 23.35
v 14.43 -147.20 19.45
v 11.45 -135.47 24.03
v 14.28 -141.99 51.94
v -2.44 311.79 -143.27
v -0.90 297.42 -138.02
v 14.09 -148.41 -14.40
v 16.15 -146.23 -1.06
v 14.44 -151.53 -3.72
v 15.06 -139.34 -4.40
v 14.82 -139.77 11.28
v 14.44 -149.04 15.08
v 13.78 -141.22 18.99
v 8.10 -135.06 34.38
v 16.32 -150.24 52.12
v 14.76 -153.20 54.16
v 16.05 -153.51 47.77
v 15.10 -145.95 53.42
v -14.90 206.39 277.45
v -28.73 551.07 -287.19
v -22.56 553.92 -275.93
v 21.94 553.53 -272.47
v -1.84 546.04 -242.30
v -2.68 518.55 -232.20
v 3.12 -139.55 -232.26
v -2.63 485.60 -218.62
v 11.52 -142.29 -216.69
v 9.92 -142.37 -232.38
v 7.49 -138.53 -212.32
v 11.86 -144.96 -227.89
v 12.83 -151.59 -210.13
v 12.67 -150.09 -225.59
v 10.85 -155.37 -225.42
v -2.17 451.22 -205.28
v 13.36 -146.57 -188.77
v -2.92 419.58 -194.05
v 9.76 -139.01 -162.91
v -3.47 398.55 -184.69
v 10.83 -155.03 -123.38
v 11.73 -141.38 -105.79
v 13.32 -146.32 -93.68
v 12.77 -151.41 -127.51
v 11.88 -155.14 -71.69
v 10.20 -138.80 -83.38
v -4.87 252.75 -100.19
v 13.87 -151.07 -74.87
v 12.55 -140.29 -61.03
v 10.01 -137.16 -59.51
v 10.20 -138.80 -83.38
v 7.26 -136.87 -74.03
v 10.01 -137.16 -59.51
v 15.38 -148.98 -48.12
v 15.00 -145.07 -49.08
v 14.59 -153.44 -43.85
v 10.38 -157.44 -57.43
v 14.35 -141.73 -46.77
v 8.54 -137.02 -41.12
v 14.35 -141.73 -46.77
v 14.59 -153.44 -43.85
v 10.60 -156.93 -32.72
v 10.38 -157.44 -57.43
v 3.04 -133.20 -23.23
v 9.08 -134.06 -11.16
v 11.43 -153.70 -18.02
v 9.08 -134.06 -11.16
v 11.71 -154.26 -5.85
v 9.28 -133.13 12.34
v 9.08 -134.06 -11.16
v 3.31 -131.70 -3.29
v 9.28 -133.13 12.34
v 10.07 -154.37 18.37
v 9.09 -134.72 18.03
v 14.43 -147.20 19.45
v 13.78 -141.22 18.99
v 9.09 -134.72 18.03
v 13.42 -152.71 23.35
v 15.00 -155.01 36.25
v 10.76 -157.23 53.84
v 8.07 -157.03 28.90
v 7.74 -136.19 44.08
v 16.05 -153.51 47.77
v 12.82 -137.23 45.09
v 11.47 -137.82 52.58
v 14.28 -141.99 51.94
v 11.47 -137.82 52.58
v 14.76 -153.20 54.16
v 12.46 -141.03 70.72
v 7.01 -136.95 77.10
v 14.34 -150.66 63.57
v 11.62 -155.44 71.01
v 11.62 -155.44 71.01
v 13.32 -146.28 103.38
v 9.86 -139.07 107.23
v 11.10 -154.85 106.51
v 11.77 -141.55 106.82
v 12.93 -151.29 108.23
v 9.46 -139.12 201.47
v 11.65 -141.80 205.89
v 13.18 -151.49 225.09
v 10.78 -155.66 196.52
v 13.20 -146.60 227.18
v 11.54 -155.51 225.71
v 11.40 -143.06 231.46
v 9.46 -139.12 201.47
v 5.39 -138.15 219.76
v 1.82 -141.52 239.82
v -50.66 552.30 -284.54
v -2.49 -140.85 -237.31
v 2.64 -137.96 -223.61
v 7.49 -138.53 -212.32
v 2.23 -135.97 -170.32
v 6.92 -137.19 -162.36
v 9.76 -139.01 -162.91
v -9.89 242.15 -128.46
v -8.96 249.07 -116.36
v -18.94 251.67 -108.90
v 6.40 -158.18 -146.42
v 10.83 -155.03 -123.38
v 6.50 -158.75 -65.31
v 1.96 -135.32 -60.45
v 7.26 -136.87 -74.03
v 1.96 -135.32 -60.45
v 10.01 -137.16 -59.51
v 8.54 -137.02 -41.12
v 1.98 -135.35 -37.03
v 7.28 -155.64 -16.80
v 3.03 -156.39 -15.85
v -1.08 -133.52 -9.01
v 3.31 -131.70 -3.29
v 1.59 -132.00 10.16
v 9.28 -133.13 12.34
v 3.35 -133.04 21.73
v 103.68 198.46 47.94
v -28.33 198.57 53.32
v -11.78 193.28 10.33
v -1.70 -137.95 45.20
v 2.29 -135.42 59.74
v 8.51 -157.00 112.06
v 6.04 -158.97 67.49
v 9.86 -139.07 107.23
v 1.96 -136.07 107.24
v 5.97 -158.59 189.68
v 6.97 -137.18 175.52
v 2.57 -136.30 188.70
v 10.78 -155.66 196.52
v -48.12 268.83 209.97
v 8.04 -158.62 227.85
v 1.15 -138.63 231.24
v -30.78 254.42 241.71
v -60.03 554.70 -264.86
v -1.99 -138.35 -222.73
v 3.12 -139.55 -232.26
v -1.99 -138.35 -222.73
v -2.71 -137.32 -176.85
v -2.71 -137.32 -176.85
v -3.07 -137.50 -40.59
v 1.96 -135.32 -60.45
v -3.07 -137.50 -40.59
v -4.61 -135.26 -38.36
v -2.00 -134.00 -20.05
v -1.08 -133.52 -9.01
v -4.22 -134.39 7.73
v 1.59 -132.00 10.16
v 1.59 -132.00 10.16
v -1.91 -135.01 16.18
v 3.35 -133.04 21.73
v -1.39 -134.93 39.09
v -2.97 -137.22 62.55
v -3.15 -137.76 191.03
v -1.77 -138.48 223.50
v -10.82 -143.26 241.23
v -47.03 553.77 -280.48
v -2.49 -140.85 -237.31
v -6.42 -141.81 -228.90
v -1.99 -138.35 -222.73
v -1.84 -158.76 -225.29
v -6.00 -155.59 -225.32
v -6.86 -159.69 -228.40
v -4.99 -138.67 -180.23
v -7.25 -141.17 -159.13
v -5.65 -138.80 -71.17
v -7.31 -141.22 -49.40
v -3.07 -137.50 -40.59
v -13.74 -133.67 -38.71
v -2.00 -134.00 -20.05
v -4.25 -135.59 -15.56
v -8.27 -141.65 -11.97
v -2.00 -134.00 -20.05
v -8.27 -141.65 -11.97
v -8.48 -141.16 14.69
v -1.91 -135.01 16.18
v -15.60 -135.72 26.55
v -9.72 -133.42 34.53
v -5.33 -138.78 73.62
v -7.95 -141.54 51.61
v -7.18 -141.31 95.20
v -7.16 -141.19 180.75
v -3.15 -137.76 191.03
v -39.30 206.58 190.96
v -75.37 166.79 186.12
v -6.43 -141.77 227.37
v -6.43 -141.77 227.37
v -10.40 -142.94 231.67
v -29.65 226.86 269.47
v -19.50 -144.93 -242.56
v -16.31 -142.10 -237.72
v -10.46 -141.82 -232.69
v -10.65 -144.85 -227.50
v -6.42 -141.81 -228.90
v -24.25 495.20 -220.73
v -10.65 -144.85 -227.50
v -8.59 -146.21 -225.24
v -17.96 456.43 -205.10
v -13.08 413.73 -190.53
v -27.55 343.26 -155.75
v -23.91 258.83 -60.25
v 10.97 178.38 -53.67
v -56.26 178.27 -53.58
v -7.31 -141.22 -49.40
v -10.67 -140.36 -49.81
v -8.40 -145.12 -13.62
v -8.39 -152.75 -23.09
v -3.46 -153.56 -18.04
v -4.25 -135.59 -15.56
v -14.33 -141.78 -16.15
v -8.27 -141.65 -11.97
v -10.95 -141.04 -2.60
v -9.90 -140.92 10.22
v -9.90 -140.92 10.22
v -10.56 -148.02 9.31
v -8.72 -147.21 16.63
v -17.71 -133.69 44.92
v -12.09 -136.01 49.35
v -7.95 -141.54 51.61
v -9.14 -149.40 52.25
v -11.38 -152.39 52.02
v -6.87 -154.06 49.33
v -57.13 220.68 190.02
v -44.25 263.39 223.19
v -12.31 -142.17 235.99
v -40.93 216.86 274.19
v -57.02 196.43 276.78
v -28.78 553.26 -273.44
v -37.57 478.67 -211.80
v -26.51 362.90 -164.93
v -44.37 241.93 -131.05
v -44.37 241.93 -131.05
v -16.09 -135.38 -47.88
v -22.59 -133.82 -38.71
v -24.37 -136.03 -32.04
v -4.25 -135.59 -15.56
v -14.33 -141.78 -16.15
v -8.27 -141.65 -11.97
v -14.33 -141.78 -16.15
v -8.40 -145.12 -13.62
v -8.48 -141.16 14.69
v -19.59 -141.76 22.72
v -20.99 -133.79 37.03
v -9.20 -144.43 52.75
v -52.47 276.48 171.25
v -44.25 263.39 223.19
v -48.87 548.24 -289.29
v -31.86 -149.88 -225.81
v -8.35 -151.71 -224.83
v -31.86 -149.88 -225.81
v -28.18 -155.70 -226.21
v -6.00 -155.59 -225.32
v -8.35 -151.71 -224.83
v -28.18 -155.70 -226.21
v -46.67 163.37 -170.10
v -35.21 317.49 -144.17
v -36.67 298.37 -137.29
v -46.28 282.03 -133.08
v -20.81 -139.97 -57.61
v -20.81 -139.97 -57.61
v -10.67 -140.36 -49.81
v -8.19 -145.03 -49.25
v -19.73 -145.28 -57.66
v -10.09 -153.46 -47.60
v -10.09 -153.46 -47.60
v -13.69 -156.65 -41.29
v -18.71 -156.80 -47.69
v -24.37 -136.03 -32.04
v -38.22 264.14 5.30
v -21.76 -142.64 61.20
v -7.95 -141.54 51.61
v -21.76 -142.64 61.20
v -41.05 272.40 99.12
v -53.03 -155.86 246.31
v -60.79 200.29 277.27
v -41.88 550.91 -243.94
v -41.88 550.91 -243.94
v -34.21 546.16 -241.60
v -38.85 526.83 -234.45
v -34.51 444.10 -197.65
v -23.98 414.23 -188.79
v -33.00 -135.22 -60.60
v -36.02 -133.11 -55.65
v -21.08 -152.62 -56.08
v -37.86 268.38 52.69
v -27.56 -136.06 59.11
v -23.73 -152.34 58.26
v -46.54 271.85 196.81
v -8.78 -146.44 227.07
v -39.46 -144.19 231.04
v -58.63 193.87 275.06
v -97.41 554.75 -249.92
v -42.70 368.84 -164.90
v -53.48 200.30 -167.41
v -72.67 165.46 -168.89
v -49.72 262.26 -129.52
v -48.12 255.84 -95.63
v -30.42 -139.30 -63.72
v -32.65 -142.05 -66.09
v -21.08 -152.62 -56.08
v -45.13 -135.63 47.20
v -32.58 -140.42 66.67
v -32.58 -140.42 66.67
v -31.83 -144.64 66.20
v -63.65 210.79 275.95
v -55.69 553.66 -276.37
v -68.27 555.17 -253.87
v -16.31 -142.10 -237.72
v -50.61 -142.46 -232.48
v -48.39 -145.04 -228.01
v -73.89 192.86 -168.32
v -47.01 249.42 -120.35
v -52.25 253.09 -113.01
v -24.59 -141.73 -25.05
v -34.56 -145.64 -34.23
v -29.67 -152.24 -36.07
v -37.64 -140.62 -36.28
v -24.59 -141.73 -25.05
v -40.43 -140.69 38.77
v -46.69 -133.24 62.67
v -41.24 -145.77 71.80
v -97.07 226.23 188.03
v -60.25 169.38 188.45
v -42.30 -146.60 227.97
v -75.07 252.99 244.98
v -44.06 -136.91 -72.47
v -44.90 -133.08 -55.93
v -24.59 -141.73 -25.05
v -37.64 -140.62 -36.28
v -34.56 -145.64 -34.23
v -46.74 -133.66 53.84
v -45.84 -135.95 70.71
v -45.88 -140.64 76.12
v -68.62 207.17 120.43
v -32.82 202.76 82.69
v 22.39 204.97 102.59
v -73.44 184.78 191.68
v -98.72 -150.54 246.65
v -59.56 524.55 -232.05
v -49.18 456.03 -199.66
v -63.67 407.61 -176.93
v -48.24 202.81 -166.78
v -50.60 349.62 -155.26
v -56.73 328.54 -146.27
v -46.00 259.79 -60.62
v -48.76 -135.80 -50.32
v -48.68 -141.95 -42.92
v -45.88 -140.64 76.12
v -87.33 -159.59 -228.87
v -58.72 507.34 -223.96
v -56.23 439.67 -190.98
v -73.86 181.10 -168.77
v -72.67 165.46 -168.89
v -57.06 -133.60 -74.64
v -58.35 -133.02 66.43
v -53.88 -151.25 75.99
v -36.10 -151.98 64.33
v -53.73 -144.79 81.50
v -85.77 173.93 189.80
v -83.37 246.37 252.88
v -65.72 547.99 -240.22
v -59.82 465.54 -202.66
v -55.21 297.65 -136.05
v -53.88 -137.79 -81.88
v -44.06 -136.91 -72.47
v -44.07 -140.76 -74.41
v -60.63 -132.32 -69.67
v -72.53 168.56 -64.50
v -50.66 552.30 -284.54
v -58.05 243.86 -130.11
v -83.53 250.18 -125.90
v -57.54 -140.79 -85.17
v -48.76 -135.80 -50.32
v -61.26 -140.79 -51.98
v -48.68 -141.95 -42.92
v -88.91 264.22 -26.51
v -57.67 -140.74 49.87
v -61.14 -134.90 60.00
v -59.24 -141.49 87.35
v -59.24 -141.49 87.35
v -107.40 -145.90 244.79
v -107.40 -145.90 244.79
v -97.73 -159.17 243.93
v -76.14 253.77 -118.52
v -47.17 -152.49 -72.52
v -60.10 -154.58 -77.92
v -59.72 -152.63 -82.09
v -45.81 -151.88 -48.04
v -59.15 -145.02 -51.47
v -63.48 -152.13 -60.11
v -75.08 -133.27 86.91
v -63.65 210.79 275.95
v -73.92 206.27 276.53
v -81.27 305.53 -136.00
v -63.92 -138.75 -90.47
v -72.25 -133.01 -86.01
v -66.62 -135.70 -63.31
v -66.62 -135.70 -63.31
v -104.12 267.76 25.76
v -72.50 -135.75 92.37
v -67.48 -140.46 93.48
v -67.78 -145.59 92.90
v -110.98 212.54 191.60
v -94.00 -142.14 235.66
v -99.03 -143.06 240.67
v -95.29 544.29 -287.18
v -86.41 523.72 -228.29
v -82.79 498.79 -216.92
v -78.24 444.30 -188.35
v -97.52 200.49 -167.29
v -89.04 284.54 -130.52
v -78.91 247.01 -128.63
v -58.05 243.86 -130.11
v -78.91 247.01 -128.63
v -87.74 259.85 -96.21
v -72.31 -146.07 -95.74
v -59.72 -152.63 -82.09
v -53.88 -137.79 -81.88
v -69.36 -136.79 -93.37
v -61.26 -140.79 -51.98
v -72.08 -141.46 -58.95
v -59.15 -145.02 -51.47
v -91.69 270.48 65.92
v -69.49 -151.48 88.52
v -67.48 -140.46 93.48
v -98.90 551.26 -272.98
v -92.02 551.81 -244.19
v -83.54 261.66 -74.30
v -89.14 263.10 -58.96
v -72.08 -141.46 -58.95
v -72.08 -141.46 -58.95
v -77.17 -144.11 -63.94
v -80.72 -140.67 105.11
v -129.00 276.80 172.71
v -95.30 169.40 187.93
v -118.77 215.08 274.80
v -99.51 551.70 -278.44
v -92.02 551.81 -244.19
v -77.65 546.89 -238.22
v -95.76 455.07 -190.92
v -87.83 449.95 -189.28
v -83.67 416.42 -176.86
v -100.23 162.76 -169.97
v -84.39 364.78 -155.48
v -85.46 249.85 -128.14
v -93.43 262.96 -127.13
v -84.80 -135.02 -102.80
v -89.53 -131.77 -95.29
v -88.98 -132.61 -89.49
v -60.63 -132.32 -69.67
v -85.09 -135.77 -77.15
v -66.62 -135.70 -63.31
v -85.09 -135.77 -77.15
v -79.89 -140.81 66.76
v -86.96 -135.70 79.48
v -80.72 -140.67 105.11
v -84.64 -144.63 108.05
v -108.52 272.98 193.45
v -81.80 194.83 272.81
v -104.02 552.83 -265.90
v -19.50 -144.93 -242.56
v -175.82 -142.28 -237.57
v -84.62 329.16 -142.91
v -89.53 -131.77 -95.29
v -72.08 -141.46 -58.95
v -84.60 -141.06 -68.86
v -77.17 -144.11 -63.94
v -91.88 -133.69 89.40
v -84.01 -151.24 101.10
v -141.35 -144.11 230.91
v -138.03 225.68 270.20
v -102.26 547.62 -283.73
v -94.67 545.38 -234.97
v -85.46 249.85 -128.14
v -92.96 257.06 -113.98
v -114.26 260.48 -108.17
v -87.68 -138.76 -110.61
v -76.96 -137.94 -100.56
v -77.54 -140.70 -101.77
v -87.68 -138.76 -110.61
v -76.96 -137.94 -100.56
v -84.60 -141.06 -68.86
v -86.59 -144.02 -70.48
v -94.12 -132.80 101.97
v -92.57 -135.75 110.23
v -117.96 275.64 131.31
v -138.27 276.69 147.41
v -98.68 185.54 192.30
v -112.28 199.05 274.42
v -100.07 512.25 -219.20
v -95.07 -140.31 117.78
v -95.07 -140.31 117.78
v -135.79 218.64 191.32
v -150.15 234.83 265.56
v -118.77 215.08 274.80
v -115.28 206.42 275.71
v -176.19 -145.03 -242.07
v -100.13 364.77 -154.18
v -106.65 329.88 -141.62
v -107.15 253.52 -126.76
v -96.61 -138.88 -118.91
v -102.02 -131.88 -109.11
v -96.20 -141.18 -78.21
v -96.20 -141.18 -78.21
v -100.61 -151.30 115.82
v -98.80 -143.85 121.77
v -119.91 225.91 188.80
v -113.27 264.20 223.28
v -153.63 244.57 256.19
v -115.56 553.39 -248.10
v -175.64 -155.57 -225.88
v -175.64 -155.57 -225.88
v -116.52 540.75 -227.25
v -118.48 487.45 -203.09
v -120.23 476.92 -197.88
v -115.88 452.72 -186.43
v -126.70 303.26 -132.88
v -123.11 282.57 -128.61
v -107.15 253.52 -126.76
v -102.93 -135.26 -120.04
v -88.98 -132.61 -89.49
v -101.95 -135.61 -92.37
v -85.09 -135.77 -77.15
v -101.95 -135.61 -92.37
v -102.41 -140.99 86.36
v -113.27 193.90 268.52
v -119.76 405.72 -168.34
v -165.83 165.14 -168.62
v -108.38 254.34 -124.61
v -133.84 256.32 -125.84
v -106.40 -138.80 -128.51
v -106.40 -138.80 -128.51
v -96.61 -138.88 -118.91
v -105.90 -145.46 -126.25
v -111.64 -132.23 -112.43
v -114.44 -141.74 -94.26
v -109.58 -135.71 100.21
v -124.73 -133.30 122.49
v -112.63 -132.91 119.17
v -110.92 -135.72 127.76
v -108.09 -140.46 130.72
v -138.17 253.36 246.15
v -115.45 549.72 -276.24
v -128.16 549.13 -269.18
v -119.23 550.03 -238.92
v -176.25 -151.73 -245.11
v -169.83 -149.98 -225.71
v -169.83 -149.98 -225.71
v -118.98 530.95 -222.28
v -119.57 -132.53 -128.83
v -114.44 -141.74 -94.26
v -107.36 -142.95 -87.81
v -95.42 -144.32 -78.36
v -108.09 -140.46 130.72
v -110.70 -144.18 133.72
v -113.27 264.20 223.28
v -196.55 -146.65 228.25
v -119.21 551.89 -262.13
v -119.23 550.03 -238.92
v -180.21 -145.25 -227.90
v -123.32 365.72 -152.87
v -115.54 -136.36 -134.99
v -139.33 264.23 -89.40
v -116.65 -150.73 133.09
v -176.69 -156.00 246.26
v -128.83 546.44 -277.69
v -162.62 -148.85 -244.59
v -165.83 165.14 -168.62
v -136.84 271.38 -126.78
v -120.52 -141.19 102.62
v -118.33 -140.63 141.97
v -118.33 -140.63 141.97
v -120.44 -144.52 143.94
v -168.48 183.45 -168.45
v -133.84 256.32 -125.84
v -135.07 -131.98 -141.71
v -123.60 -135.07 -114.62
v -131.30 265.76 -31.87
v -135.29 -135.76 124.78
v -128.98 -133.35 137.32
v -186.97 269.18 212.38
v -132.72 329.10 -140.40
v -118.58 -138.86 -140.68
v -126.74 -138.61 -148.61
v -130.81 -135.23 -147.72
v -121.56 -146.98 -141.69
v -130.81 -135.23 -147.72
v -115.54 -136.36 -134.99
v -132.93 -132.20 -133.89
v -123.60 -135.07 -114.62
v -125.32 -142.14 -104.87
v -120.64 -143.32 -100.55
v -148.33 267.63 11.77
v -129.91 269.76 49.26
v -132.67 -135.77 149.76
v -128.12 -140.54 151.34
v -175.94 -143.64 240.37
v -143.80 200.54 270.50
v -137.63 528.43 -281.24
v -146.39 530.95 -278.58
v -125.71 535.36 -283.20
v -141.84 547.54 -263.17
v -176.86 -142.60 -232.27
v -143.26 538.33 -228.33
v -135.18 528.55 -221.14
v -137.11 502.03 -208.70
v -133.84 452.50 -186.30
v -141.38 368.55 -153.69
v -125.32 -142.14 -104.87
v -128.12 -140.54 151.34
v -131.76 -144.79 155.04
v -176.16 -142.45 235.49
v -142.72 548.31 -249.06
v -142.63 545.49 -237.76
v -143.26 538.33 -228.33
v -134.57 -138.77 -156.16
v -152.75 262.85 -126.14
v -137.35 -135.69 -127.26
v -130.79 -142.45 -109.77
v -147.62 265.90 -60.58
v -138.12 -140.89 119.91
v -148.85 -133.62 145.15
v -134.54 -151.07 151.24
v -136.79 -141.56 160.65
v -189.04 272.12 197.36
v -182.00 198.81 191.50
v -140.66 214.21 274.27
v -135.64 203.21 273.47
v -143.46 545.77 -270.41
v -142.81 -136.84 -162.30
v -154.83 277.72 -127.88
v -137.35 -135.69 -127.26
v -141.98 -141.99 -122.30
v -147.47 262.59 -109.03
v -157.27 269.19 43.76
v -172.23 274.50 106.49
v -158.74 -133.02 159.93
v -136.79 -141.56 160.65
v -141.31 228.80 189.19
v -210.36 261.74 229.98
v -139.53 542.49 -277.62
v -173.76 -160.37 -228.89
v -151.64 522.98 -219.56
v -167.52 200.19 -167.10
v -151.70 -131.73 -156.23
v -135.57 169.59 -65.51
v -143.95 185.88 -46.86
v -151.96 171.63 -67.04
v -172.31 272.94 89.76
v -161.18 -133.44 168.74
v -148.86 -136.23 165.79
v -175.09 174.08 189.61
v -173.94 253.40 246.12
v -140.66 214.21 274.27
v -152.79 500.88 -208.91
v -153.59 465.06 -193.17
v -153.15 421.34 -174.77
v -153.59 369.72 -154.40
v -142.81 -136.84 -162.30
v -155.22 331.63 -141.81
v -155.59 301.01 -133.17
v -156.06 266.66 -17.44
v -136.79 -141.56 160.65
v -148.86 -136.23 165.79
v -146.28 -142.32 169.32
v -146.28 -142.32 169.32
v -151.31 -150.47 167.69
v -145.49 184.43 192.13
v -132.29 204.15 248.72
v -138.74 197.49 253.25
v -159.91 201.07 247.65
v -162.61 215.55 272.39
v -153.62 541.16 -270.36
v -155.95 542.85 -262.48
v -156.04 543.55 -249.53
v -158.83 538.13 -236.20
v -158.83 538.13 -236.20
v -154.10 531.86 -227.17
v -152.42 -138.66 -173.06
v -144.05 -139.72 -164.90
v -138.39 -146.42 -158.02
v -159.48 -135.68 -148.96
v -159.48 -135.68 -148.96
v -149.14 -142.35 -129.12
v -161.42 258.02 -126.68
v -141.81 -144.45 -122.91
v -149.87 -140.71 132.06
v -160.83 -135.66 149.59
v -160.59 227.61 191.44
v -210.36 261.74 229.98
v -177.04 -159.68 243.77
v -161.45 204.67 269.82
v -148.64 536.16 -277.21
v -162.91 534.09 -270.12
v -153.62 541.16 -270.36
v -159.44 -137.35 -178.80
v -146.81 -152.62 -162.93
v -171.10 -133.02 -168.42
v -159.43 -142.32 -139.36
v -161.42 258.02 -126.68
v -171.18 265.57 -82.71
v -162.12 188.15 -51.59
v -167.43 -135.62 182.15
v -155.71 -141.55 178.21
v -167.43 -135.62 182.15
v -159.12 -145.22 180.08
v -182.06 -150.97 246.53
v -162.61 215.55 272.39
v -161.10 505.68 -214.63
v -168.85 430.15 -185.20
v -168.57 379.65 -163.65
v -169.54 -132.36 -173.02
v -157.11 -143.94 -137.14
v -178.41 260.48 -121.83
v -170.54 263.60 -107.81
v -130.10 207.80 118.70
v -183.40 212.21 126.94
v -155.36 206.29 92.02
v -183.21 276.21 172.89
v -180.54 234.96 189.68
v -189.03 182.57 191.82
v -180.74 -146.68 244.63
v -180.74 -146.68 244.63
v -162.91 534.09 -270.12
v -166.38 537.01 -261.85
v -168.94 535.83 -249.71
v -165.64 522.00 -225.62
v -134.64 232.61 -187.86
v -189.40 231.96 -188.38
v -155.03 234.40 -185.07
v -169.23 409.97 -176.39
v -169.62 234.60 -181.28
v -206.20 162.72 -169.65
v -161.59 357.99 -152.71
v -168.23 -141.40 -148.76
v -175.45 272.00 -131.81
v -175.30 266.44 -60.16
v -174.95 266.50 -15.00
v -177.03 276.23 142.82
v -163.89 -141.80 144.13
v -165.79 -140.40 186.83
v -159.12 -145.22 180.08
v -182.57 224.71 191.58
v -167.09 166.37 185.02
v -183.08 235.71 263.71
v -158.83 538.13 -236.20
v -168.94 535.83 -249.71
v -169.16 530.54 -236.67
v -169.16 530.54 -236.67
v -170.97 503.36 -218.64
v -170.23 476.33 -205.68
v -170.17 452.86 -195.55
v -167.94 -137.24 -185.57
v -159.44 -137.35 -178.80
v -164.83 -152.04 -179.81
v -167.41 -143.90 -146.57
v -156.57 168.43 -75.81
v -171.82 168.45 -93.59
v -153.82 166.33 -87.62
v -173.89 267.23 19.98
v -172.80 268.70 45.39
v -176.11 -141.69 155.36
v -191.89 -135.59 180.54
v -173.67 -144.51 193.81
v -194.10 243.43 256.49
v -173.36 529.88 -261.30
v -176.06 522.94 -235.98
v -165.64 522.00 -225.62
v -175.37 504.52 -223.24
v -170.97 503.36 -218.64
v -167.94 -137.24 -185.57
v -174.52 -137.48 -191.20
v -173.69 377.25 -165.54
v -181.55 -135.74 -170.30
v -177.59 326.55 -147.71
v -178.69 286.24 -136.34
v -178.74 258.10 -130.49
v -178.74 258.10 -130.49
v -192.82 -134.12 187.58
v -204.09 193.93 191.61
v -177.23 -141.04 196.86
v -177.47 472.60 -210.45
v -170.23 476.33 -205.68
v -170.17 452.86 -195.55
v -181.60 431.88 -196.29
v -168.85 430.15 -185.20
v -177.93 399.16 -177.53
v -179.02 -148.79 -193.65
v -173.13 -156.19 -184.26
v -177.93 399.16 -177.53
v -181.55 -135.74 -170.30
v -167.41 -143.90 -146.57
v -175.09 -143.70 -153.37
v -165.14 -152.03 -152.48
v -175.09 -143.70 -153.37
v -183.17 -133.62 186.26
v -207.63 169.37 188.22
v -192.56 -144.75 230.46
v -186.35 215.80 268.96
v -181.86 -147.12 -245.09
v -162.62 -148.85 -244.59
v -181.86 -147.12 -245.09
v -180.44 -142.08 -239.64
v -181.22 -162.67 -229.75
v -173.70 -162.65 -232.21
v -181.62 -138.48 -196.46
v -185.32 -137.67 -198.05
v -174.52 -137.48 -191.20
v -185.32 -137.67 -198.05
v -187.72 -133.37 -186.19
v -182.89 234.31 -173.58
v -183.67 -141.98 -162.95
v -179.51 352.52 -159.56
v -186.61 326.31 -152.99
v -192.19 262.49 -107.94
v -191.62 263.66 -91.72
v -197.27 264.01 39.75
v -195.37 270.73 106.66
v -187.74 -141.52 167.22
v -189.11 -136.46 201.17
v -183.83 -142.04 235.97
v -185.05 -143.27 240.31
v -181.05 -157.62 246.88
v -180.17 204.30 264.88
v -187.43 -145.29 -242.54
v -180.21 -145.25 -227.90
v -209.38 -150.09 -226.33
v -169.83 -149.98 -225.71
v -209.38 -150.09 -226.33
v -184.27 483.30 -224.10
v -182.85 446.97 -205.22
v -185.53 -156.49 -196.41
v -182.46 401.72 -183.08
v -185.13 362.92 -170.83
v -194.63 232.59 -174.19
v -173.69 377.25 -165.54
v -184.41 354.48 -165.27
v -186.47 257.23 -133.54
v -186.47 257.23 -133.54
v -192.91 191.34 -75.33
v -189.17 177.71 -95.42
v -177.65 191.72 -58.18
v -165.87 174.23 -72.84
v -194.33 264.15 -55.92
v -197.37 221.53 163.98
v -198.12 219.70 161.91
v -166.84 218.79 164.61
v -197.35 -134.30 199.53
v -184.38 -142.47 202.19
v -184.38 -142.47 202.19
v -184.90 -150.79 197.63
v -173.67 -144.51 193.81
v -177.69 -162.70 239.57
v -181.05 -157.62 246.88
v -180.83 -162.86 241.57
v -193.54 224.84 266.13
v -186.35 215.80 268.96
v -187.50 -142.16 -236.75
v -188.43 -142.87 -231.68
v -186.84 446.42 -214.46
v -186.91 457.68 -230.88
v -187.03 443.42 -225.33
v -188.19 407.87 -201.22
v -186.58 431.21 -204.23
v -187.79 374.75 -179.31
v -189.68 372.80 -182.76
v -188.27 367.93 -178.86
v -188.56 362.31 -178.43
v -190.91 356.24 -180.75
v -193.00 352.17 -175.97
v -198.52 233.81 -169.12
v -204.36 187.48 -168.56
v -179.51 352.52 -159.56
v -194.31 334.74 -163.23
v -186.61 326.31 -152.99
v -194.83 276.18 -142.42
v -195.49 259.47 -124.39
v -194.12 263.63 3.92
v -194.61 274.07 145.61
v -189.11 -136.46 201.17
v -191.63 -145.64 208.47
v -188.16 -155.61 246.39
v -187.02 -160.31 243.21
v -187.02 -160.31 243.21
v -208.70 253.73 244.29
v -208.81 -155.94 -225.58
v -208.81 -155.94 -225.58
v -210.27 -159.88 -227.56
v -199.31 -141.71 -212.44
v -203.18 -135.91 -200.54
v -203.66 370.63 -194.37
v -202.02 373.48 -190.65
v -189.50 374.41 -191.54
v -184.13 370.70 -200.84
v -182.78 350.37 -199.77
v -197.05 350.39 -194.19
v -193.75 353.91 -191.30
v -198.75 -135.77 -187.74
v -195.90 346.91 -173.75
v -205.01 -140.17 -185.62
v -205.99 201.34 -167.07
v -219.86 165.19 -168.84
v -196.81 -143.99 -172.93
v -184.34 -144.79 -162.67
v -200.37 287.59 -150.26
v -194.83 276.18 -142.42
v -201.00 253.27 -141.48
v -202.82 -141.43 182.03
v -204.31 212.43 190.65
v -238.72 186.78 192.26
v -197.10 -151.77 208.11
v -200.09 -142.24 216.34
v -191.63 -145.64 208.47
v -210.48 -146.67 244.08
v -210.48 -146.67 244.08
v -204.29 236.58 260.72
v -205.87 -140.73 -215.41
v -189.50 374.41 -191.54
v -202.02 373.48 -190.65
v -205.38 373.62 -184.59
v -189.68 372.80 -182.76
v -199.40 371.14 -179.82
v -197.17 368.34 -177.89
v -188.27 367.93 -178.86
v -197.17 368.34 -177.89
v -197.32 362.82 -176.84
v -188.56 362.31 -178.43
v -188.27 367.93 -178.86
v -201.06 358.17 -177.53
v -190.91 356.24 -180.75
v -190.91 356.24 -180.75
v -201.31 352.70 -185.73
v -193.00 352.17 -175.97
v -221.64 231.81 -188.65
v -198.02 351.44 -179.19
v -195.90 346.91 -173.75
v -219.86 165.19 -168.84
v -201.00 253.27 -141.48
v -199.27 261.42 -101.24
v -204.71 262.93 49.68
v -204.34 234.98 188.08
v -231.93 166.21 185.95
v -204.13 -135.65 210.89
v -205.31 -139.14 218.46
v -205.31 -139.14 218.46
v -199.24 -146.31 216.26
v -210.14 -142.50 235.56
v -214.31 215.11 261.51
v -213.18 -145.10 -228.14
v -213.18 -145.10 -228.14
v -195.90 346.91 -173.75
v -204.07 346.08 -173.73
v -198.13 340.32 -172.06
v -209.27 232.56 -169.24
v -201.14 308.82 -160.40
v -205.29 278.67 -152.62
v -207.55 249.74 -146.31
v -201.00 253.27 -141.48
v -209.99 252.87 -136.37
v -211.32 259.00 -13.35
v -210.43 259.07 19.36
v -184.54 202.78 38.88
v -204.75 207.71 54.63
v -214.22 203.40 11.70
v -207.65 266.86 95.51
v -209.02 269.49 128.09
v -209.65 271.41 147.11
v -210.53 273.35 177.39
v -211.91 -140.49 191.60
v -211.32 -135.75 202.29
v -240.67 -144.43 240.77
v -242.16 -159.37 243.85
v -216.71 233.54 259.53
v -193.54 224.84 266.13
v -213.56 218.90 262.52
v -243.79 -145.01 -241.83
v -211.67 -136.81 -201.91
v -219.52 347.42 -173.75
v -208.25 -143.82 -183.59
v -219.52 347.42 -173.75
v -212.96 233.91 -166.33
v -211.77 245.13 -151.50
v -207.55 249.74 -146.31
v -209.28 255.99 -123.94
v -211.67 259.85 -54.78
v -211.65 271.18 196.82
v -213.62 267.88 214.54
v -208.24 -142.60 223.04
v -208.24 -148.18 223.03
v -199.24 -146.31 216.26
v -208.24 -148.18 223.03
v -211.16 244.65 253.19
v -216.71 233.54 259.53
v -241.78 -142.49 -237.39
v -227.09 -142.70 -232.08
v -208.57 -141.31 -219.44
v -213.59 -139.63 -214.48
v -205.01 -140.17 -185.62
v -201.58 351.61 -189.51
v -221.87 350.20 -185.09
v -201.31 352.70 -185.73
v -213.06 353.07 -181.99
v -211.49 353.52 -187.74
v -221.88 350.35 -179.74
v -201.79 326.33 -181.39
v -221.68 327.46 -174.11
v -204.77 327.81 -179.45
v -229.67 371.72 -176.33
v -217.63 366.84 -173.73
v -217.63 366.84 -173.73
v -215.78 362.91 -174.23
v -221.41 356.84 -176.08
v -220.59 332.92 -170.18
v -201.45 332.60 -172.73
v -221.65 206.13 -166.68
v -205.29 278.67 -152.62
v -207.34 284.78 -159.31
v -211.77 245.13 -151.50
v -215.30 256.90 -98.90
v -226.26 219.47 188.76
v -209.45 -143.82 188.65
v -211.91 -140.49 191.60
v -202.82 -141.43 182.03
v -217.89 -139.81 213.44
v -213.96 -140.30 222.08
v -213.96 -140.30 222.08
v -208.24 -142.60 223.04
v -217.47 -146.31 225.66
v -208.24 -148.18 223.03
v -240.12 -162.97 239.44
v -188.39 -162.39 239.31
v -243.83 -156.02 245.29
v -223.77 -157.62 -223.90
v -215.76 -153.74 -224.05
v -221.11 -142.70 -198.43
v -232.28 373.04 -183.98
v -216.67 -143.56 -193.75
v -223.07 340.23 -169.52
v -225.80 233.90 -174.27
v -238.57 173.84 -168.42
v -210.80 249.29 -164.00
v -216.09 244.53 -164.45
v -214.79 246.55 -161.81
v -213.24 253.48 -160.66
v -214.79 246.55 -161.81
v -211.77 245.13 -151.50
v -216.10 247.89 -140.29
v -216.68 252.98 -121.61
v -222.69 255.80 60.16
v -221.81 257.98 86.38
v -220.45 269.81 178.99
v -225.00 234.31 186.86
v -223.57 174.64 189.98
v -221.60 -140.02 204.95
v -213.96 -140.30 222.08
v -220.16 -141.78 223.68
v -240.33 -143.51 231.05
v -225.73 250.78 243.69
v -224.45 243.59 251.32
v -221.06 -145.26 -226.16
v -221.06 -145.26 -226.16
v -221.06 -145.26 -226.16
v -215.76 -153.74 -224.05
v -221.06 -145.26 -226.16
v -215.32 -154.22 -222.05
v -222.61 -141.38 -222.86
v -222.02 -140.35 -212.96
v -225.47 -141.61 -208.49
v -230.84 370.71 -188.33
v -231.25 373.49 -181.06
v -229.31 369.10 -173.64
v -230.49 361.66 -172.72
v -217.22 244.48 -162.55
v -217.48 235.77 -157.46
v -225.28 232.96 -162.63
v -217.48 235.77 -157.46
v -222.79 242.76 -135.77
v -216.10 247.89 -140.29
v -222.90 252.98 -74.69
v -227.44 252.21 -49.64
v -228.93 252.61 -13.43
v -228.37 252.56 32.04
v -222.80 264.26 149.11
v -214.86 223.32 163.07
v -207.54 223.91 164.91
v -221.40 220.00 164.05
v -227.54 264.45 216.58
v -227.43 257.98 233.01
v -227.43 257.98 233.01
v -244.45 -148.80 244.74
v -221.45 -144.65 -223.78
v -221.11 -142.70 -198.43
v -228.00 -144.34 -210.57
v -223.41 -154.13 -211.15
v -232.28 373.04 -183.98
v -235.75 349.11 -186.42
v -227.62 161.46 -181.73
v -229.34 161.64 -188.78
v -197.90 162.77 -188.42
v -229.31 369.10 -173.64
v -230.15 348.59 -173.06
v -229.15 331.59 -167.83
v -225.35 244.70 -168.07
v -212.96 233.91 -166.33
v -225.80 233.90 -174.27
v -239.24 188.36 -167.61
v -225.35 244.70 -168.07
v -226.09 245.07 -164.88
v -223.47 212.95 -162.20
v -226.02 215.54 -163.35
v -221.65 206.13 -166.68
v -225.28 232.96 -162.63
v -223.52 231.76 -159.83
v -222.92 231.59 -154.85
v -224.92 198.54 -116.19
v -219.63 189.48 -130.02
v -219.53 189.41 -118.21
v -218.72 198.47 -77.19
v -223.17 198.93 -96.16
v -215.29 195.53 -87.92
v -219.37 199.44 -48.26
v -217.90 200.05 -34.19
v -223.02 195.41 -42.06
v -221.60 194.97 -23.01
v -219.51 201.79 -4.05
v -221.59 198.26 -5.36
v -220.53 202.84 14.62
v -222.08 199.98 14.12
v -223.60 188.97 7.34
v -216.99 204.37 15.66
v -223.15 206.44 33.41
v -220.53 202.84 14.62
v -228.67 209.76 43.47
v -225.55 206.93 40.35
v -219.70 208.34 40.54
v -221.81 257.98 86.38
v -225.70 255.61 94.08
v -223.71 260.63 129.78
v -223.71 260.63 129.78
v -227.04 266.14 174.71
v -237.49 172.46 190.11
v -239.15 182.28 192.50
v -226.46 266.78 203.43
v -230.15 230.89 254.20
v -229.73 220.52 254.88
v -226.96 214.33 254.84
v -218.52 208.80 255.04
v -231.57 351.19 -179.23
v -229.83 231.92 -188.69
v -228.02 234.08 -179.71
v -231.74 356.41 -176.23
v -229.95 342.73 -167.72
v -229.95 342.73 -167.72
v -221.68 327.46 -174.11
v -228.84 326.04 -171.37
v -229.86 210.38 -166.41
v -235.76 205.60 -166.56
v -234.61 162.75 -168.50
v -206.20 162.72 -169.65
v -225.35 244.70 -168.07
v -225.67 246.41 -166.66
v -226.09 245.07 -164.88
v -229.64 232.26 -162.50
v -227.42 222.76 -162.94
v -227.42 222.76 -162.94
v -229.86 210.38 -166.41
v -226.02 215.54 -163.35
v -223.62 200.22 -57.62
v -219.37 199.44 -48.26
v -226.72 196.79 -51.16
v -226.72 196.79 -51.16
v -226.11 194.20 -49.88
v -224.76 189.26 -40.47
v -224.68 189.60 30.24
v -223.15 206.44 33.41
v -224.78 193.07 39.81
v -228.49 208.63 40.65
v -228.49 208.63 40.65
v -231.43 193.05 40.09
v -225.55 206.93 40.35
v -225.55 206.93 40.35
v -224.78 193.07 39.81
v -228.59 252.56 68.32
v -228.59 252.56 68.32
v -231.05 256.97 149.57
v -222.80 264.26 149.11
v -232.10 239.20 182.83
v -232.15 264.24 185.76
v -223.13 246.09 227.86
v -223.92 239.87 232.27
v -227.31 243.30 227.05
v -240.16 -146.17 227.19
v -230.15 230.89 254.20
v -228.86 327.34 -189.55
v -227.27 324.80 -183.85
v -233.78 324.11 -187.25
v -230.72 323.76 -177.90
v -232.73 233.04 -187.67
v -228.50 270.56 -174.98
v -228.02 234.08 -179.71
v -225.80 233.90 -174.27
v -227.79 308.63 -166.18
v -226.52 272.68 -167.08
v -227.76 284.19 -162.43
v -232.44 216.59 -163.70
v -229.86 210.38 -166.41
v -235.76 205.60 -166.56
v -228.54 252.67 -160.34
v -229.64 232.26 -162.50
v -231.57 230.07 -158.35
v -232.17 232.10 -109.96
v -234.16 235.85 -95.21
v -232.18 234.76 -91.90
v -222.90 252.98 -74.69
v -234.81 245.84 -60.20
v -227.44 252.21 -49.64
v -234.52 247.57 58.89
v -231.51 247.61 86.76
v -231.71 260.92 166.61
v -232.15 264.24 185.76
v -227.04 266.14 174.71
v -231.89 244.60 186.28
v -229.42 242.64 180.43
v -236.06 230.56 185.97
v -233.85 226.27 187.10
v -241.29 208.68 190.00
v -232.70 244.66 206.96
v -227.08 251.02 210.97
v -227.31 243.30 227.05
v -236.92 252.98 231.32
v -232.33 238.12 219.25
v -227.87 226.81 231.25
v -232.67 228.33 221.56
v -232.69 214.52 220.80
v -227.76 211.17 229.94
v -232.69 214.52 220.80
v -227.76 211.17 229.94
v -231.29 209.68 227.88
v -237.13 243.13 243.48
v -240.67 -144.43 240.77
v -232.59 289.79 -183.32
v -229.98 252.44 -180.64
v -232.73 233.04 -187.67
v -231.25 373.49 -181.06
v -232.20 379.76 -176.22
v -229.67 371.72 -176.33
v -232.28 373.04 -183.98
v -231.74 356.41 -176.23
v -231.57 351.19 -179.23
v -233.02 354.79 -180.98
v -230.72 323.76 -177.90
v -230.15 348.59 -173.06
v -228.84 326.04 -171.37
v -229.47 372.23 -162.98
v -229.31 369.10 -173.64
v -229.14 366.27 -161.91
v -230.49 361.66 -172.72
v -229.95 342.73 -167.72
v -229.15 331.59 -167.83
v -232.20 379.76 -176.22
v -237.15 383.54 -175.55
v -232.81 378.91 -161.09
v -232.81 378.91 -161.09
v -231.60 358.06 -155.06
v -232.93 351.69 -160.19
v -230.19 318.73 -158.41
v -232.44 216.59 -163.70
v -234.82 212.54 -162.45
v -235.76 205.60 -166.56
v -231.84 340.77 -153.97
v -232.91 368.54 -150.71
v -232.63 356.15 -148.03
v -231.70 294.79 -149.58
v -229.76 283.20 -153.30
v -230.91 260.82 -149.28
v -232.53 245.21 -146.36
v -233.83 221.84 -144.21
v -235.43 216.20 -145.08
v -232.32 335.27 -150.33
v -234.89 304.22 -146.28
v -233.59 260.59 -144.16
v -235.03 254.24 -134.20
v -232.95 234.11 -135.60
v -232.63 338.15 -134.81
v -233.13 339.83 -131.53
v -233.27 315.93 -133.52
v -233.13 339.83 -131.53
v -233.88 314.41 -131.06
v -233.27 315.93 -133.52
v -234.41 246.94 -117.40
v -232.34 225.84 -111.52
v -232.17 232.10 -109.96
v -233.01 220.50 -105.60
v -235.48 218.07 -110.62
v -234.16 235.85 -95.21
v -235.37 231.48 -81.77
v -235.37 231.48 -81.77
v -237.74 235.69 -74.50
v -236.49 236.39 -72.96
v -240.44 244.43 -37.74
v -240.44 244.43 -37.74
v -241.08 244.31 12.56
v -236.21 239.64 76.76
v -237.79 233.33 79.00
v -235.98 228.44 82.18
v -235.27 228.85 85.47
v -235.98 228.44 82.18
v -235.55 230.71 93.30
v -237.43 230.94 93.86
v -238.23 232.45 108.05
v -235.78 233.54 103.27
v -237.43 230.94 93.86
v -235.78 233.54 103.27
v -233.03 217.41 97.48
v -236.47 215.53 112.27
v -236.36 215.33 99.11
v -232.12 220.00 121.14
v -232.84 221.81 156.62
v -236.82 217.83 130.74
v -232.84 221.81 156.62
v -236.33 218.22 151.46
v -236.82 217.83 130.74
v -237.27 249.65 159.09
v -238.51 252.13 164.26
v -230.09 222.52 162.31
v -236.22 216.52 162.58
v -237.73 255.74 170.23
v -240.31 255.29 179.84
v -236.06 230.56 185.97
v -232.10 239.20 182.83
v -240.15 220.83 189.04
v -238.92 224.33 191.12
v -236.45 234.62 204.79
v -239.41 256.85 216.92
v -238.04 219.25 205.13
v -236.68 214.48 212.75
v -236.92 252.98 231.32
v -230.54 209.16 247.12
v -238.40 208.41 234.73
v -227.53 205.05 240.01
v -237.13 243.13 243.48
v -239.98 230.20 246.19
v -235.42 213.82 247.36
v -238.23 174.21 -198.16
v -235.32 196.59 -189.76
v -235.29 166.01 -190.00
v -237.97 230.16 -193.55
v -237.41 261.71 -190.30
v -232.73 233.04 -187.67
v -233.98 226.72 -188.67
v -240.18 205.41 -197.50
v -233.20 346.22 -190.25
v -243.55 346.21 -189.85
v -235.75 349.11 -186.42
v -239.32 301.28 -187.66
v -232.59 289.79 -183.32
v -238.87 378.41 -183.91
v -232.28 373.04 -183.98
v -236.30 356.44 -185.39
v -235.75 349.11 -186.42
v -239.32 301.28 -187.66
v -235.15 321.72 -184.23
v -232.59 289.79 -183.32
v -240.90 385.05 -163.56
v -243.45 384.70 -176.52
v -238.90 194.62 -164.31
v -239.24 188.36 -167.61
v -241.98 382.99 -156.99
v -237.45 205.38 -158.14
v -238.95 378.62 -151.45
v -238.36 187.59 -127.08
v -238.95 378.62 -151.45
v -239.43 370.21 -145.67
v -232.91 368.54 -150.71
v -238.95 378.62 -151.45
v -238.57 173.84 -168.42
v -235.74 355.53 -143.64
v -244.10 361.60 -141.19
v -235.74 355.53 -143.64
v -235.97 330.34 -145.91
v -238.53 342.45 -142.33
v -235.97 330.34 -145.91
v -240.41 324.14 -144.43
v -240.18 310.63 -143.91
v -234.89 304.22 -146.28
v -241.80 285.54 -141.86
v -236.31 281.56 -144.21
v -233.59 260.59 -144.16
v -236.31 281.56 -144.21
v -241.80 285.54 -141.86
v -239.83 267.64 -139.03
v -233.59 260.59 -144.16
v -237.67 200.37 -122.85
v -237.90 165.17 -113.58
v -238.42 165.24 -167.43
v -238.53 342.45 -142.33
v -235.77 345.76 -138.49
v -241.72 352.47 -140.38
v -236.13 330.19 -141.34
v -237.57 316.65 -140.63
v -235.71 314.64 -137.11
v -239.22 265.08 -135.75
v -235.03 254.24 -134.20
v -236.97 360.26 -135.95
v -233.77 351.67 -134.26
v -235.71 314.64 -137.11
v -233.88 314.41 -131.06
v -234.41 304.33 -131.85
v -237.45 298.49 -135.96
v -237.64 373.56 -131.39
v -234.33 369.43 -127.30
v -233.49 355.30 -130.18
v -234.09 343.15 -129.15
v -238.09 335.69 -125.40
v -242.82 334.83 -124.35
v -242.31 322.34 -124.27
v -237.76 316.93 -125.35
v -234.66 300.45 -126.68
v -234.41 304.33 -131.85
v -234.66 300.45 -126.68
v -234.73 291.58 -126.97
v -237.64 287.75 -132.04
v -237.26 276.64 -124.80
v -240.24 261.46 -128.63
v -238.62 259.28 -127.01
v -238.62 259.28 -127.01
v -239.59 256.95 -117.71
v -239.12 162.94 -161.26
v -239.28 389.60 -125.04
v -243.35 378.26 -131.75
v -243.65 393.02 -124.42
v -236.23 385.02 -122.88
v -234.90 367.21 -123.63
v -234.90 367.21 -123.63
v -237.40 356.15 -122.89
v -233.49 355.30 -130.18
v -240.84 352.63 -122.48
v -242.85 303.39 -121.22
v -238.42 295.27 -120.21
v -235.27 291.06 -122.04
v -234.73 291.58 -126.97
v -234.81 281.88 -120.85
v -234.81 281.88 -120.85
v -240.40 256.13 -119.56
v -235.71 383.83 -118.79
v -238.58 368.59 -118.60
v -242.38 367.49 -118.04
v -242.80 291.97 -117.34
v -235.51 264.87 -111.55
v -238.62 259.28 -127.01
v -240.40 256.13 -119.56
v -239.59 256.95 -117.71
v -240.44 406.26 -115.93
v -237.16 404.80 -111.68
v -236.13 396.75 -113.50
v -235.71 383.83 -118.79
v -239.69 379.90 -114.27
v -241.66 280.13 -111.85
v -239.53 276.39 -110.25
v -235.79 273.02 -112.88
v -235.79 273.02 -112.88
v -238.15 259.08 -116.40
v -237.13 253.74 -113.86
v -240.30 419.90 -105.32
v -236.13 396.75 -113.50
v -238.49 392.49 -110.44
v -243.43 389.24 -109.98
v -237.16 404.80 -111.68
v -237.63 412.31 -101.26
v -236.13 396.75 -113.50
v -241.30 399.23 -105.14
v -240.12 264.87 -101.32
v -237.29 253.98 -96.88
v -237.29 253.98 -96.88
v -236.08 251.00 -100.09
v -238.61 194.72 -104.31
v -237.63 412.31 -101.26
v -239.23 407.29 -101.24
v -244.08 409.33 -96.87
v -235.75 219.05 -93.06
v -237.63 426.67 -91.08
v -237.63 426.67 -91.08
v -240.10 254.94 -92.94
v -240.46 431.40 -92.89
v -240.38 418.43 -88.60
v -236.16 244.67 -88.98
v -237.76 430.72 -81.36
v -240.38 418.43 -88.60
v -237.29 253.98 -96.88
v -240.10 254.94 -92.94
v -236.16 244.67 -88.98
v -234.11 219.87 -91.15
v -235.58 224.20 -82.91
v -239.74 164.13 -50.21
v -239.54 426.85 -77.91
v -238.65 244.42 -81.84
v -244.67 252.26 -86.95
v -237.74 235.69 -74.50
v -237.74 235.69 -74.50
v -235.37 231.48 -81.77
v -238.45 190.00 -67.65
v -237.90 437.01 -70.93
v -237.90 437.01 -70.93
v -244.41 440.70 -82.73
v -240.51 438.89 -80.67
v -239.22 432.44 -68.51
v -235.89 220.07 -72.04
v -236.69 213.64 -57.36
v -238.44 165.95 -58.85
v -239.65 446.56 -61.67
v -241.97 433.03 -61.93
v -241.47 231.89 -61.97
v -237.53 442.77 -57.54
v -237.53 442.77 -57.54
v -238.99 440.28 -48.27
v -235.19 214.34 -57.71
v -238.45 186.64 -39.60
v -239.24 454.17 -29.62
v -237.71 445.39 -41.01
v -239.24 454.17 -29.62
v -244.30 452.37 -56.35
v -236.11 212.15 -41.65
v -237.94 449.67 -33.37
v -245.06 458.56 -27.46
v -242.12 458.08 -14.61
v -238.80 445.63 -22.58
v -241.51 442.17 -26.06
v -236.52 209.52 -4.05
v -238.92 187.13 1.20
v -239.12 165.90 26.83
v -240.19 164.43 43.53
v -237.73 450.01 25.61
v -239.25 455.28 12.58
v -236.69 206.71 -1.80
v -239.25 455.28 12.58
v -238.84 444.88 18.44
v -236.52 205.84 16.54
v -235.33 208.07 18.64
v -237.09 215.07 43.15
v -236.52 205.84 16.54
v -238.84 188.92 41.67
v -244.47 457.58 21.64
v -240.56 453.79 33.76
v -237.48 445.89 34.59
v -241.08 244.31 12.56
v -240.54 242.47 33.06
v -228.37 252.56 32.04
v -235.88 212.83 29.13
v -237.09 215.07 43.15
v -237.73 450.01 25.61
v -239.14 439.86 37.48
v -239.95 450.77 44.68
v -239.95 450.77 44.68
v -238.12 445.50 50.23
v -237.48 441.70 50.82
v -239.31 434.77 54.01
v -238.87 190.96 67.48
v -238.12 445.50 50.23
v -239.95 450.77 44.68
v -242.91 448.33 56.86
v -236.29 216.61 43.13
v -237.06 218.68 62.07
v -240.29 442.42 69.44
v -237.21 436.06 65.25
v -237.06 218.68 62.07
v -240.29 442.42 69.44
v -237.63 435.45 74.22
v -239.04 424.10 77.93
v -238.72 169.17 98.94
v -240.30 165.10 82.42
v -240.42 438.42 77.99
v -237.63 435.45 74.22
v -236.54 220.43 64.04
v -238.16 212.62 83.74
v -237.37 427.74 80.24
v -240.59 433.06 87.68
v -237.79 233.33 79.00
v -241.08 234.29 67.37
v -240.19 233.35 86.00
v -235.72 223.14 83.21
v -237.36 425.90 89.62
v -237.36 425.90 89.62
v -236.53 218.68 85.19
v -237.94 415.22 94.70
v -240.26 409.58 93.12
v -239.55 256.77 86.43
v -243.32 257.36 84.07
v -240.85 264.82 91.72
v -236.36 215.33 99.11
v -240.75 424.06 98.76
v -238.57 208.65 115.43
v -237.66 409.28 105.43
v -237.66 409.28 105.43
v -238.68 402.31 101.45
v -238.56 263.85 99.82
v -239.19 254.75 89.32
v -242.29 232.77 105.63
v -240.07 410.12 109.60
v -238.15 275.09 105.09
v -239.22 278.61 103.74
v -238.23 232.45 108.05
v -237.44 390.69 112.94
v -238.72 277.36 111.70
v -242.83 268.07 108.50
v -238.56 263.85 99.82
v -239.05 169.30 140.41
v -240.05 165.24 135.84
v -238.67 389.80 108.17
v -237.99 292.31 115.30
v -238.72 277.36 111.70
v -238.77 387.67 118.38
v -238.77 387.67 118.38
v -245.26 400.23 117.88
v -237.06 373.56 118.64
v -238.54 374.37 114.73
v -238.91 303.89 116.99
v -242.24 232.23 116.98
v -236.47 215.53 112.27
v -238.36 357.21 119.21
v -238.76 287.82 119.43
v -240.82 233.65 130.91
v -238.44 368.86 125.46
v -236.82 356.43 125.69
v -237.70 343.50 122.81
v -238.06 317.37 122.58
v -238.30 302.38 123.87
v -238.30 302.38 123.87
v -245.15 293.83 127.51
v -238.76 287.82 119.43
v -238.11 214.55 130.87
v -246.11 346.59 135.52
v -238.88 344.87 130.88
v -237.30 333.36 128.59
v -238.13 330.68 130.88
v -239.64 314.22 129.77
v -242.26 235.14 133.96
v -240.35 240.23 144.77
v -243.29 238.98 143.93
v -239.56 167.15 158.14
v -239.99 243.65 156.32
v -238.25 212.84 158.76
v -239.40 201.01 159.94
v -237.76 375.98 155.82
v -235.76 365.56 157.74
v -237.25 368.81 150.46
v -237.88 314.44 156.48
v -238.35 374.27 163.22
v -237.31 366.12 165.34
v -236.79 344.99 163.88
v -237.37 310.30 160.97
v -237.90 309.68 166.12
v -237.27 249.65 159.09
v -242.13 248.57 157.51
v -238.51 252.13 164.26
v -238.74 200.86 163.19
v -240.15 220.83 189.04
v -239.42 222.66 196.33
v -240.30 215.86 201.97
v -243.36 183.08 -200.86
v -238.23 174.21 -198.16
v -241.86 145.25 -203.65
v -240.18 205.41 -197.50
v -245.24 264.88 -193.49
v -241.49 266.16 -192.19
v -237.97 230.16 -193.55
v -243.23 224.97 -196.58
v -242.23 369.31 -188.64
v -236.30 356.44 -185.39
v -248.06 378.77 -184.10
v -246.50 378.07 -150.11
v -246.50 378.07 -150.11
v -241.72 352.47 -140.38
v -246.37 353.09 -140.49
v -241.48 315.34 -142.06
v -246.64 314.51 -141.45
v -247.76 286.80 -142.13
v -248.09 280.78 -141.36
v -239.83 267.64 -139.03
v -241.74 261.93 -138.61
v -241.74 261.93 -138.61
v -250.31 254.73 -142.52
v -242.39 250.76 -139.02
v -246.37 353.09 -140.49
v -245.45 353.30 -138.88
v -241.72 352.47 -140.38
v -242.83 231.56 -136.70
v -242.82 334.83 -124.35
v -245.85 334.19 -126.74
v -242.31 322.34 -124.27
v -245.73 319.61 -125.91
v -240.68 290.71 -135.04
v -237.64 287.75 -132.04
v -243.07 276.65 -130.86
v -244.66 226.95 -130.82
v -242.63 230.75 -125.16
v -240.84 352.63 -122.48
v -244.84 353.27 -123.17
v -237.26 276.64 -124.80
v -242.93 268.46 -125.97
v -248.24 365.06 -121.44
v -242.38 367.49 -118.04
v -245.54 380.48 -114.51
v -242.80 291.97 -117.34
v -247.20 280.29 -112.93
v -241.66 280.13 -111.85
v -247.61 269.18 -104.73
v -246.12 409.82 -115.15
v -248.31 422.21 -105.86
v -245.52 402.02 -103.37
v -247.61 269.18 -104.73
v -246.83 263.99 -99.54
v -240.12 264.87 -101.32
v -239.53 276.39 -110.25
v -239.53 276.39 -110.25
v -247.61 269.18 -104.73
v -246.83 263.99 -99.54
v -246.18 430.37 -97.76
v -248.56 256.77 -91.95
v -240.46 431.40 -92.89
v -246.18 430.37 -97.76
v -244.41 440.70 -82.73
v -240.38 418.43 -88.60
v -241.97 425.66 -77.00
v -245.77 424.17 -78.43
v -249.44 245.97 -75.40
v -244.13 241.08 -71.20
v -245.96 230.78 -59.74
v -245.96 230.78 -59.74
v -246.05 447.64 -69.95
v -244.21 227.49 -48.56
v -247.70 456.69 -41.01
v -245.64 223.25 -23.23
v -244.97 222.50 -30.94
v -247.04 222.14 -22.84
v -242.84 241.94 -27.46
v -245.58 234.64 -21.43
v -244.08 240.95 9.36
v -246.22 459.37 4.81
v -245.88 220.72 -5.19
v -246.40 222.49 24.29
v -244.57 222.58 25.67
v -243.23 442.40 0.93
v -241.62 441.15 25.50
v -242.54 438.97 31.45
v -240.56 453.79 33.76
v -244.47 457.58 21.64
v -246.25 453.29 44.38
v -243.95 227.22 48.01
v -246.38 448.28 58.59
v -244.44 425.88 66.03
v -244.71 430.06 56.05
v -246.12 230.78 60.59
v -241.95 232.54 66.58
v -243.50 229.39 51.15
v -243.95 227.22 48.01
v -241.95 232.54 66.58
v -248.73 443.44 70.31
v -241.89 421.70 77.02
v -248.24 439.43 79.41
v -242.29 248.63 77.77
v -241.56 241.81 76.85
v -242.68 244.61 73.17
v -241.95 232.54 66.58
v -241.95 232.54 66.58
v -241.56 241.81 76.85
v -241.08 234.29 67.37
v -247.08 250.70 77.99
v -241.56 241.81 76.85
v -242.38 240.19 89.28
v -240.19 233.35 86.00
v -241.08 234.29 67.37
v -244.00 416.12 83.46
v -248.45 431.89 91.28
v -243.32 257.36 84.07
v -247.59 266.06 92.81
v -240.85 264.82 91.72
v -239.19 254.75 89.32
v -242.65 247.26 91.31
v -248.62 423.03 101.83
v -245.36 253.94 100.88
v -242.29 232.77 105.63
v -243.62 235.78 102.81
v -245.73 414.12 109.53
v -241.28 396.41 102.11
v -241.17 385.96 107.62
v -244.68 389.86 104.76
v -242.14 287.51 106.59
v -243.65 276.25 99.28
v -244.92 259.61 104.11
v -246.16 264.66 106.79
v -243.86 234.36 123.84
v -243.28 276.77 115.13
v -245.25 271.94 112.64
v -243.28 276.77 115.13
v -247.87 277.72 116.45
v -245.25 271.94 112.64
v -242.24 232.23 116.98
v -245.40 391.86 121.52
v -247.01 282.79 123.05
v -247.87 277.72 116.45
v -238.76 287.82 119.43
v -238.44 368.86 125.46
v -247.70 382.19 126.01
v -247.23 373.91 129.51
v -238.36 357.21 119.21
v -240.86 323.92 120.12
v -241.48 342.25 119.81
v -247.56 358.17 135.07
v -245.24 306.15 133.34
v -245.24 306.15 133.34
v -243.86 234.36 123.84
v -238.13 330.68 130.88
v -246.11 346.59 135.52
v -249.15 319.64 137.14
v -243.31 365.55 145.00
v -247.62 376.25 145.34
v -237.25 368.81 150.46
v -243.29 238.98 143.93
v -243.33 243.22 151.70
v -239.99 243.65 156.32
v -243.62 378.88 149.75
v -244.88 382.43 156.08
v -237.76 375.98 155.82
v -241.00 326.54 149.77
v -240.12 284.73 154.69
v -243.44 379.98 164.30
v -238.35 374.27 163.22
v -237.75 278.51 163.33
v -242.83 258.24 154.64
v -239.79 188.84 165.48
v -240.58 166.91 168.15
v -239.56 167.15 158.14
v -240.58 166.91 168.15
v -241.97 165.69 161.51
v -243.44 379.98 164.30
v -244.10 371.52 171.32
v -238.35 374.27 163.22
v -237.31 366.12 165.34
v -238.51 341.23 168.44
v -237.98 270.64 169.23
v -237.73 255.74 170.23
v -242.58 340.40 173.46
v -238.51 341.23 168.44
v -248.13 351.31 175.52
v -242.80 315.07 174.41
v -237.90 309.68 166.12
v -237.98 270.64 169.23
v -242.22 270.45 177.76
v -247.49 295.39 179.41
v -237.73 255.74 170.23
v -240.31 255.29 179.84
v -246.48 253.44 185.05
v -244.36 249.38 186.29
v -247.99 226.21 192.31
v -249.58 196.05 196.08
v -242.88 177.40 196.57
v -239.41 256.85 216.92
v -247.80 244.07 220.58
v -243.72 245.12 232.40
v -236.92 252.98 231.32
v -243.72 245.12 232.40
v -243.72 245.12 232.40
v -239.98 230.20 246.19
v -237.13 243.13 243.48
v -251.27 384.27 -165.20
v -249.25 369.36 -146.33
v -249.32 359.87 -142.24
v -250.12 341.54 -142.25
v -247.46 331.23 -140.24
v -250.48 317.79 -142.84
v -253.37 305.26 -143.63
v -248.09 280.78 -141.36
v -248.88 233.12 -142.79
v -250.04 226.65 -141.40
v -250.18 222.76 -135.62
v -248.00 349.33 -127.60
v -249.00 347.01 -132.97
v -248.71 339.38 -130.72
v -248.48 319.18 -131.20
v -248.10 315.77 -127.59
v -242.85 303.39 -121.22
v -248.75 290.41 -119.65
v -249.77 222.05 -118.77
v -251.93 398.05 -113.51
v -249.01 376.07 -119.21
v -245.54 380.48 -114.51
v -247.20 280.29 -112.93
v -250.19 281.04 -119.14
v -247.61 269.18 -104.73
v -246.12 409.82 -115.15
v -249.91 413.67 -111.76
v -248.31 422.21 -105.86
v -249.61 400.89 -106.73
v -248.31 422.21 -105.86
v -251.66 429.00 -98.15
v -244.08 409.33 -96.87
v -251.59 410.68 -99.05
v -245.52 402.02 -103.37
v -252.26 414.62 -95.57
v -252.18 433.69 -92.83
v -246.71 418.99 -86.78
v -252.37 419.39 -91.48
v -248.56 256.77 -91.95
v -252.27 249.99 -85.27
v -244.67 252.26 -86.95
v -252.13 442.05 -79.13
v -249.70 426.02 -79.32
v -252.33 247.49 -79.28
v -249.44 245.97 -75.40
v -246.05 447.64 -69.95
v -249.27 240.38 -64.18
v -252.16 451.89 -56.87
v -244.30 452.37 -56.35
v -246.22 434.34 -57.17
v -250.73 437.15 -56.86
v -247.99 430.56 -67.82
v -247.48 229.73 -51.41
v -244.21 227.49 -48.56
v -247.70 456.69 -41.01
v -253.01 230.34 -40.15
v -244.49 224.57 -42.22
v -253.64 227.09 -25.40
v -244.97 222.50 -30.94
v -250.03 458.44 -22.66
v -247.04 222.14 -22.84
v -254.67 224.16 -8.79
v -246.22 459.37 4.81
v -250.03 458.44 -22.66
v -248.81 457.87 18.40
v -248.81 457.87 18.40
v -248.81 457.87 18.40
v -249.67 455.49 23.89
v -244.47 457.58 21.64
v -254.34 228.13 22.36
v -247.52 227.68 43.06
v -249.29 452.93 44.16
v -246.25 453.29 44.38
v -249.19 447.83 56.88
v -246.38 448.28 58.59
v -248.73 443.44 70.31
v -248.31 236.82 59.73
v -247.23 240.80 68.18
v -246.12 230.78 60.59
v -247.23 240.80 68.18
v -250.30 245.50 71.78
v -247.08 250.70 77.99
v -250.88 258.76 89.20
v -248.77 279.24 102.92
v -243.65 276.25 99.28
v -249.95 268.26 105.99
v -251.48 265.46 103.64
v -246.16 264.66 106.79
v -245.73 414.12 109.53
v -248.62 423.03 101.83
v -249.68 412.54 110.33
v -251.50 288.34 111.52
v -245.45 288.17 106.64
v -247.20 264.04 109.40
v -246.35 253.33 111.74
v -246.16 264.66 106.79
v -251.48 265.46 103.64
v -247.20 264.04 109.40
v -245.26 400.23 117.88
v -251.64 400.61 114.22
v -247.20 264.04 109.40
v -250.90 269.67 110.56
v -247.24 271.57 117.06
v -248.89 393.74 120.71
v -245.40 391.86 121.52
v -247.70 382.19 126.01
v -247.87 277.72 116.45
v -247.01 282.79 123.05
v -247.24 271.57 117.06
v -245.74 254.27 141.16
v -246.50 289.69 128.77
v -247.56 358.17 135.07
v -247.56 358.17 135.07
v -247.23 373.91 129.51
v -251.25 356.81 136.11
v -247.14 300.24 136.99
v -246.11 346.59 135.52
v -249.15 319.64 137.14
v -249.25 307.29 138.73
v -246.80 287.57 139.20
v -246.22 275.37 147.80
v -243.29 238.98 143.93
v -243.33 243.22 151.70
v -253.47 382.78 152.10
v -248.65 325.09 145.20
v -241.00 326.54 149.77
v -244.76 284.06 149.66
v -242.83 258.24 154.64
v -242.13 248.57 157.51
v -254.16 383.81 160.75
v -253.30 378.97 169.25
v -253.30 378.97 169.25
v -251.37 368.88 174.24
v -249.71 308.95 178.83
v -245.30 265.32 181.79
v -252.64 270.70 184.21
v -247.01 239.18 189.15
v -254.06 170.39 201.41
v -245.48 -537.83 296.23
v -248.31 -515.45 296.72
v -249.94 -539.96 301.49
v -252.77 383.01 -175.65
v -256.51 379.15 -159.90
v -255.22 371.34 -153.20
v -249.25 369.36 -146.33
v -246.50 378.07 -150.11
v -253.80 367.16 -151.77
v -253.85 341.03 -146.44
v -253.37 305.26 -143.63
v -250.48 317.79 -142.84
v -250.12 341.54 -142.25
v -253.51 284.84 -146.36
v -249.86 404.72 -116.99
v -253.08 403.19 -113.73
v -252.34 409.81 -109.94
v -251.67 252.88 -95.53
v -252.43 447.64 -66.05
v -253.91 242.30 -67.66
v -249.27 240.38 -64.18
v -254.64 238.72 -58.70
v -251.23 238.78 -58.67
v -251.23 238.78 -58.67
v -252.22 234.97 -50.24
v -256.72 234.40 -50.43
v -252.22 234.97 -50.24
v -252.16 451.89 -56.87
v -254.78 453.30 -38.64
v -247.70 456.69 -41.01
v -253.01 230.34 -40.15
v -254.89 453.69 -29.14
v -254.16 455.21 -11.77
v -251.36 455.78 12.80
v -253.62 454.40 15.12
v -254.67 224.16 -8.79
v -256.82 225.80 6.43
v -254.34 228.13 22.36
v -251.36 455.78 12.80
v -253.62 454.40 15.12
v -252.00 452.31 16.73
v -253.05 232.52 37.22
v -252.66 238.67 49.82
v -252.72 241.64 58.75
v -250.30 245.50 71.78
v -254.32 245.73 69.16
v -251.51 438.40 66.27
v -253.42 439.02 71.95
v -251.51 436.64 77.11
v -255.37 250.93 78.91
v -247.08 250.70 77.99
v -255.37 250.93 78.91
v -250.92 264.74 96.34
v -255.08 262.65 102.85
v -251.48 265.46 103.64
v -251.48 265.46 103.64
v -254.60 267.66 108.31
v -250.90 269.67 110.56
v -252.18 275.22 110.08
v -251.24 386.88 119.11
v -253.13 381.40 122.98
v -247.70 382.19 126.01
v -251.50 373.79 125.81
v -252.16 306.93 137.44
v -249.25 307.29 138.73
v -250.72 303.27 142.53
v -250.72 303.27 142.53
v -250.92 302.95 145.68
v -251.22 288.88 145.90
v -251.75 324.48 145.17
v -248.65 325.09 145.20
v -250.92 302.95 145.68
v -256.25 370.65 173.48
v -254.78 312.25 179.32
v -255.58 248.74 188.55
v -258.46 233.45 191.66
v -255.60 205.84 196.32
v -254.17 -454.24 291.88
v -254.36 -425.75 287.60
v -257.22 -453.02 292.99
v -247.56 -486.69 291.55
v -256.11 -479.22 296.20
v -248.31 -515.45 296.72
v -254.00 -518.26 300.20
v -249.94 -539.96 301.49
v -259.75 377.54 -176.21
v -260.56 378.18 -170.49
v -254.33 183.15 -170.02
v -254.58 211.03 -167.54
v -262.71 188.70 -173.51
v -255.12 176.66 -171.47
v -253.78 243.74 -163.74
v -262.56 221.55 -170.30
v -256.51 379.15 -159.90
v -255.45 284.41 -159.08
v -257.47 311.35 -158.98
v -262.45 272.65 -164.75
v -261.51 374.53 -162.33
v -262.72 363.70 -160.11
v -256.61 331.94 -155.63
v -262.60 333.05 -160.11
v -256.27 317.96 -156.35
v -256.61 331.94 -155.63
v -257.47 311.35 -158.98
v -253.99 382.78 -120.50
v -254.15 374.25 -118.30
v -254.29 370.43 -124.93
v -257.02 387.01 -122.08
v -255.11 362.99 -123.72
v -258.98 363.18 -119.03
v -253.71 394.46 -118.80
v -257.30 400.64 -116.89
v -252.35 397.41 -115.31
v -254.77 377.70 -115.86
v -251.93 398.05 -113.51
v -253.66 396.87 -108.54
v -253.66 396.87 -108.54
v -259.66 386.52 -110.28
v -254.77 377.70 -115.86
v -253.78 408.74 -109.66
v -252.36 403.60 -108.05
v -253.08 403.19 -113.73
v -253.23 415.78 -103.35
v -252.35 410.56 -103.67
v -253.78 408.74 -109.66
v -258.80 413.48 -108.55
v -258.20 420.89 -102.09
v -258.20 420.89 -102.09
v -253.74 403.55 -102.82
v -256.39 405.57 -99.98
v -256.97 395.72 -107.03
v -253.74 403.55 -102.82
v -251.59 410.68 -99.05
v -251.59 410.68 -99.05
v -252.26 414.62 -95.57
v -255.16 416.29 -88.85
v -251.59 410.68 -99.05
v -254.26 424.49 -97.33
v -255.72 428.17 -91.84
v -253.62 427.16 -88.64
v -252.37 419.39 -91.48
v -254.89 432.65 -85.98
v -253.62 427.16 -88.64
v -253.41 421.90 -83.87
v -254.89 432.65 -85.98
v -259.11 436.24 -80.07
v -255.12 436.86 -77.97
v -252.94 429.88 -80.76
v -253.53 427.04 -74.30
v -252.56 434.19 -71.21
v -253.79 431.75 -64.75
v -255.73 244.34 -80.13
v -256.81 238.15 -62.53
v -255.16 440.50 -71.23
v -260.46 443.34 -61.00
v -255.17 445.15 -60.82
v -252.64 438.60 -55.83
v -255.92 449.18 -49.04
v -253.87 436.16 -51.73
v -252.25 443.16 -41.86
v -253.89 439.87 -34.41
v -257.88 229.31 -40.94
v -260.36 452.07 -32.09
v -251.87 447.39 -22.36
v -257.57 226.24 -24.04
v -253.64 227.09 -25.40
v -253.63 442.29 -22.63
v -260.25 454.95 -13.01
v -254.67 224.16 -8.79
v -259.07 224.00 -10.83
v -252.15 445.44 10.87
v -254.08 442.95 3.34
v -260.25 454.95 -13.01
v -257.77 455.86 13.08
v -254.16 455.21 -11.77
v -251.43 448.39 9.53
v -259.07 224.00 -10.83
v -253.62 454.40 15.12
v -260.55 227.53 23.39
v -254.19 185.05 -20.13
v -254.69 164.15 -53.73
v -254.59 202.41 32.92
v -253.16 441.10 27.87
v -251.28 444.57 34.87
v -253.62 454.40 15.12
v -256.08 452.94 35.42
v -251.99 450.27 36.65
v -252.00 452.31 16.73
v -257.77 455.86 13.08
v -251.64 441.23 41.19
v -254.05 439.31 30.61
v -257.12 230.52 25.59
v -257.12 230.52 25.59
v -259.87 231.23 34.07
v -253.05 232.52 37.22
v -254.57 449.08 49.21
v -251.86 447.26 40.02
v -252.92 436.74 48.86
v -251.83 445.15 50.95
v -256.08 452.94 35.42
v -260.06 448.74 47.83
v -254.57 449.08 49.21
v -257.95 234.32 40.07
v -252.66 238.67 49.82
v -257.84 238.42 50.30
v -255.46 444.53 60.10
v -251.88 441.25 62.46
v -252.92 436.74 48.86
v -251.28 435.98 62.74
v -253.39 434.06 53.04
v -257.67 241.82 59.04
v -252.72 241.64 58.75
v -250.88 432.82 64.17
v -256.98 439.83 72.14
v -250.92 429.85 72.22
v -253.26 429.45 64.95
v -257.37 245.67 70.21
v -254.32 245.73 69.16
v -251.10 426.44 79.74
v -253.55 423.81 75.66
v -255.37 250.93 78.91
v -258.56 431.03 87.31
v -251.71 429.69 88.03
v -251.09 420.28 86.33
v -254.89 256.76 92.48
v -258.81 422.14 98.43
v -251.77 421.93 97.41
v -250.73 412.61 94.02
v -252.36 410.77 94.77
v -252.60 415.05 89.72
v -250.69 407.92 99.02
v -252.27 406.11 98.30
v -258.44 413.50 106.26
v -251.96 410.54 107.59
v -250.84 401.53 103.00
v -250.84 401.53 103.00
v -250.90 395.49 108.54
v -252.94 393.95 105.29
v -257.95 403.58 114.07
v -251.96 410.54 107.59
v -257.95 403.58 114.07
v -251.64 400.61 114.22
v -255.11 395.49 118.73
v -251.37 395.70 114.60
v -251.03 387.64 114.76
v -253.71 385.72 109.90
v -253.07 378.71 114.53
v -251.24 386.88 119.11
v -251.03 387.64 114.76
v -256.56 387.00 122.85
v -253.13 381.40 122.98
v -251.25 378.81 116.81
v -251.47 368.75 121.01
v -254.47 363.81 118.57
v -259.11 376.53 127.49
v -250.90 356.05 123.87
v -255.32 352.45 120.58
v -260.26 371.13 128.64
v -254.42 362.14 131.38
v -251.17 352.88 125.78
v -253.03 328.09 126.05
v -253.43 288.04 137.34
v -256.07 292.64 128.35
v -255.85 285.39 121.03
v -254.32 319.29 133.05
v -259.78 309.59 130.30
v -254.85 302.01 133.22
v -254.16 383.81 160.75
v -259.96 377.58 166.98
v -259.66 351.20 175.26
v -259.35 315.17 178.72
v -259.45 274.45 183.75
v -260.28 249.06 188.21
v -260.11 226.25 192.47
v -259.16 198.84 196.40
v -259.90 167.06 200.41
v -254.26 -395.61 283.47
v -257.87 -427.40 288.79
v -258.94 -509.55 300.67
v -261.07 -536.14 304.23
v -264.13 183.38 -176.31
v -262.59 157.26 -178.15
v -264.26 268.82 -168.05
v -263.83 251.72 -168.64
v -259.34 252.38 -165.54
v -263.38 314.30 -163.59
v -259.55 343.70 -136.07
v -263.69 346.67 -135.55
v -258.28 346.96 -133.90
v -257.08 335.37 -132.55
v -259.62 326.11 -136.87
v -261.42 303.02 -132.29
v -261.48 306.21 -136.06
v -258.74 362.41 -129.96
v -256.38 352.69 -128.90
v -257.76 339.86 -128.46
v -257.76 339.86 -128.46
v -260.53 327.15 -127.62
v -257.08 335.37 -132.55
v -264.10 328.87 -126.16
v -265.37 318.74 -126.17
v -260.53 327.15 -127.62
v -261.42 303.02 -132.29
v -262.08 312.03 -127.61
v -262.08 312.03 -127.61
v -261.85 304.04 -128.48
v -259.48 373.26 -126.95
v -256.57 357.44 -124.54
v -259.85 349.58 -123.07
v -261.39 331.53 -125.59
v -263.70 349.49 -123.21
v -261.39 331.53 -125.59
v -259.85 349.58 -123.07
v -260.53 327.15 -127.62
v -264.11 364.15 -119.09
v -258.98 363.18 -119.03
v -260.96 376.90 -114.13
v -261.17 402.25 -103.16
v -264.10 398.72 -107.51
v -256.97 395.72 -107.03
v -264.10 398.72 -107.51
v -258.20 420.89 -102.09
v -259.85 426.56 -94.61
v -254.26 424.49 -97.33
v -255.72 428.17 -91.84
v -259.82 430.71 -89.37
v -262.84 432.84 -82.15
v -256.43 423.26 -79.33
v -263.39 425.34 -82.00
v -260.63 419.33 -85.96
v -260.23 439.59 -71.71
v -260.11 447.62 -50.52
v -257.23 440.21 -33.49
v -262.02 442.40 -41.37
v -260.28 437.26 -50.78
v -262.16 215.75 -40.19
v -262.67 214.11 -19.64
v -262.67 214.11 -19.64
v -259.90 211.02 -21.41
v -259.91 213.77 -20.19
v -260.25 454.95 -13.01
v -261.13 454.85 8.23
v -257.77 455.86 13.08
v -260.84 222.12 -11.47
v -260.58 223.17 7.95
v -260.77 452.43 32.25
v -259.87 231.23 34.07
v -261.04 230.66 45.98
v -257.95 234.32 40.07
v -260.72 443.42 59.82
v -255.46 444.53 60.10
v -260.23 437.30 75.19
v -256.98 439.83 72.14
v -258.56 431.03 87.31
v -258.44 413.50 106.26
v -261.00 406.02 110.88
v -260.21 395.23 118.24
v -262.32 388.18 120.18
v -260.73 382.26 124.18
v -257.44 318.73 122.82
v -259.15 333.05 120.98
v -260.83 308.88 120.34
v -260.26 371.13 128.64
v -260.39 359.63 131.03
v -254.05 317.61 127.35
v -256.52 305.36 123.90
v -262.83 299.92 125.43
v -258.35 298.44 126.65
v -254.45 356.78 133.17
v -261.81 340.43 132.75
v -253.21 338.64 134.98
v -265.59 312.58 129.39
v -261.07 378.04 151.67
v -261.72 379.12 160.59
v -254.16 383.81 160.75
v -253.47 382.78 152.10
v -259.96 377.58 166.98
v -262.51 368.17 170.44
v -265.26 315.11 174.35
v -266.06 246.30 184.15
v -266.46 198.37 191.96
v -257.41 -327.19 274.86
v -269.07 -344.94 274.16
v -256.49 -365.40 279.34
v -267.39 -366.25 277.51
v -268.07 -401.11 282.83
v -267.11 -456.11 291.97
v -266.85 -482.77 295.93
v -264.72 -515.21 300.76
v -266.19 296.92 -135.00
v -264.78 292.94 -132.35
v -264.10 328.87 -126.16
v -267.76 328.25 -127.91
v -265.37 318.74 -126.17
v -269.18 316.87 -127.23
v -262.80 293.55 -127.65
v -264.78 292.94 -132.35
v -266.33 280.32 -127.09
v -266.05 350.55 -124.79
v -266.05 350.55 -124.79
v -265.51 302.85 -122.90
v -265.51 302.85 -122.90
v -270.75 301.00 -122.41
v -265.51 302.85 -122.90
v -265.24 292.48 -120.50
v -264.22 280.90 -121.14
v -265.51 302.85 -122.90
v -269.75 292.61 -118.72
v -265.24 292.48 -120.50
v -264.62 270.84 -117.32
v -265.35 382.33 -114.95
v -265.90 276.12 -113.79
v -269.77 283.66 -114.72
v -265.90 276.12 -113.79
v -265.42 392.41 -112.98
v -264.55 264.44 -109.27
v -265.81 263.51 -116.13
v -264.20 256.13 -107.59
v -263.31 404.48 -111.91
v -262.97 418.65 -101.79
v -258.80 413.48 -108.55
v -264.45 254.97 -100.75
v -263.80 415.78 -95.05
v -259.41 412.48 -93.33
v -263.85 244.38 -91.14
v -264.01 243.69 -96.60
v -262.97 418.65 -101.79
v -263.53 424.93 -92.49
v -264.45 254.97 -100.75
v -270.66 252.13 -91.62
v -263.85 244.38 -91.14
v -264.04 236.25 -87.28
v -264.93 231.57 -78.77
v -268.90 234.14 -73.93
v -264.93 231.57 -78.77
v -263.49 226.49 -68.45
v -267.60 225.88 -60.19
v -264.74 222.43 -62.02
v -263.39 437.47 -64.97
v -263.05 440.77 -56.26
v -265.53 219.64 -55.56
v -267.44 220.76 -49.20
v -262.30 216.49 -44.71
v -264.64 215.97 -52.26
v -265.53 219.64 -55.56
v -262.30 216.49 -44.71
v -264.68 212.70 -46.32
v -262.16 215.75 -40.19
v -261.00 211.97 -38.66
v -271.87 217.76 -29.86
v -259.90 211.02 -21.41
v -262.86 207.05 -21.74
v -266.07 207.38 -32.15
v -261.49 210.93 -1.76
v -261.49 210.93 -1.76
v -263.31 213.67 -2.93
v -265.21 207.18 21.82
v -262.68 210.37 20.88
v -262.68 210.37 20.88
v -263.23 214.18 18.62
v -263.30 214.58 27.69
v -271.64 218.28 22.95
v -272.49 220.79 30.54
v -263.30 214.58 27.69
v -263.74 216.46 35.63
v -264.91 213.99 40.61
v -262.68 210.37 20.88
v -265.84 218.79 46.92
v -264.91 213.99 40.61
v -265.84 218.79 46.92
v -268.39 213.29 43.55
v -258.44 413.50 106.26
v -262.51 417.51 97.93
v -263.08 401.52 111.70
v -261.00 406.02 110.88
v -260.21 395.23 118.24
v -264.05 285.88 110.79
v -265.07 296.32 113.84
v -262.16 290.65 116.40
v -263.14 281.47 113.95
v -262.32 388.18 120.18
v -263.82 377.78 118.74
v -264.29 366.07 126.25
v -260.39 302.72 121.39
v -265.21 316.56 118.93
v -262.23 297.95 123.15
v -267.79 296.87 124.73
v -269.42 285.62 120.22
v -262.23 297.95 123.15
v -271.68 298.92 124.39
v -267.79 296.87 124.73
v -261.81 340.43 132.75
v -265.68 333.62 129.88
v -265.59 312.58 129.39
v -265.67 373.92 156.10
v -265.57 372.38 164.12
v -266.28 144.65 199.26
v -268.86 -312.61 269.59
v -269.29 -433.49 287.99
v -270.11 -485.89 295.25
v -269.57 -522.68 299.65
v -270.13 -539.80 301.60
v -271.07 317.63 -132.43
v -275.62 295.16 -126.85
v -269.18 316.87 -127.23
v -269.19 294.24 -133.72
v -266.33 280.32 -127.09
v -271.66 282.46 -128.55
v -267.42 270.38 -121.74
v -271.38 273.15 -123.89
v -269.75 292.61 -118.72
v -274.80 293.09 -121.47
v -269.77 283.66 -114.72
v -274.26 282.61 -114.66
v -270.99 275.66 -109.28
v -270.99 275.66 -109.28
v -265.81 263.51 -116.13
v -266.16 252.73 -107.93
v -271.86 257.66 -113.04
v -270.46 263.59 -100.90
v -274.44 271.02 -106.64
v -269.55 243.87 -84.17
v -275.48 238.57 -76.04
v -268.90 234.14 -73.93
v -264.69 229.41 -72.44
v -264.93 231.57 -78.77
v -264.69 229.41 -72.44
v -269.32 223.46 -71.45
v -273.24 228.28 -58.52
v -268.88 218.28 -61.41
v -275.57 223.94 -45.66
v -273.84 217.31 -14.36
v -274.88 217.26 6.82
v -263.74 216.46 35.63
v -267.83 222.91 43.62
v -267.83 222.91 43.62
v -272.65 224.30 41.12
v -272.88 228.61 50.58
v -268.69 217.41 51.91
v -268.09 228.34 56.72
v -266.50 223.91 55.01
v -268.69 217.41 51.91
v -268.99 223.12 61.47
v -275.06 233.10 58.99
v -267.42 233.96 67.55
v -266.63 228.10 64.40
v -273.56 226.36 68.11
v -265.81 234.06 72.00
v -268.49 231.63 74.31
v -267.10 243.59 77.73
v -264.43 244.09 82.20
v -267.52 239.40 82.54
v -271.98 234.18 78.79
v -268.04 249.63 82.72
v -271.52 244.29 90.85
v -264.11 252.73 90.37
v -264.16 248.59 87.13
v -270.40 257.11 87.70
v -267.80 246.34 90.82
v -268.37 264.91 95.37
v -265.41 265.58 99.61
v -265.27 262.32 99.96
v -267.75 253.98 97.69
v -271.85 255.53 100.68
v -266.17 277.72 105.80
v -270.50 279.39 104.13
v -263.77 273.86 108.27
v -265.41 265.58 99.61
v -263.77 273.86 108.27
v -269.25 263.69 106.65
v -269.25 263.69 106.65
v -270.70 290.65 109.87
v -270.70 290.65 109.87
v -264.05 285.88 110.79
v -264.09 279.39 109.76
v -267.25 273.77 112.39
v -271.77 270.36 111.24
v -264.09 279.39 109.76
v -267.25 273.77 112.39
v -264.09 279.39 109.76
v -263.14 281.47 113.95
v -272.90 277.36 115.34
v -274.36 293.86 121.61
v -269.42 285.62 120.22
v -267.85 313.36 127.20
v -269.79 314.43 123.53
v -271.68 298.92 124.39
v -273.54 -343.88 270.76
v -271.20 -373.52 276.94
v -272.92 -415.18 282.78
v -273.70 -460.29 288.87
v -277.43 274.86 -113.88
v -274.44 271.02 -106.64
v -277.19 257.83 -98.08
v -277.73 244.83 -85.15
v -275.48 238.57 -76.04
v -275.47 232.56 -66.12
v -278.29 228.25 -58.56
v -276.55 219.63 -31.04
v -278.50 215.65 -3.06
v -278.23 219.20 26.63
v -279.25 223.49 41.54
v -279.00 227.22 49.98
v -275.06 233.10 58.99
v -272.88 228.61 50.58
v -272.52 238.16 67.94
v -275.06 233.10 58.99
v -276.95 236.40 65.33
v -272.52 238.16 67.94
v -277.82 243.14 74.75
v -271.98 234.18 78.79
v -278.71 235.22 77.46
v -273.56 226.36 68.11
v -272.43 246.27 77.43
v -277.86 251.89 84.37
v -272.43 246.27 77.43
v -270.40 257.11 87.70
v -275.73 264.44 95.34
v -271.52 244.29 90.85
v -274.92 242.72 88.85
v -278.61 255.79 98.31
v -271.85 255.53 100.68
v -269.25 263.69 106.65
v -275.17 263.37 106.23
v -275.71 278.56 105.62
v -274.17 297.73 116.71
v -270.70 290.65 109.87
v -271.77 270.36 111.24
v -278.63 270.52 107.59
v -275.53 280.92 115.73
v -272.90 277.36 115.34
v -274.17 297.73 116.71
v -274.36 293.86 121.61
v -274.34 -302.97 263.12
v -276.25 -350.99 267.68
v -274.75 -499.83 292.07
v -277.18 -514.59 286.89
v -274.47 -539.39 294.83
v -277.19 257.83 -98.08
v -279.18 234.02 -71.92
v -275.47 232.56 -66.12
v -278.29 228.25 -58.56
v -278.29 228.25 -58.56
v -279.60 222.63 -47.67
v -275.57 223.94 -45.66
v -276.55 219.63 -31.04
v -280.13 217.46 -32.79
v -278.50 215.65 -3.06
v -280.06 213.63 -2.59
v -280.65 218.15 32.42
v -278.23 219.20 26.63
v -279.00 227.22 49.98
v -279.70 234.59 65.35
v -275.06 233.10 58.99
v -276.95 236.40 65.33
v -277.82 243.14 74.75
v -278.48 223.55 61.02
v -279.98 242.69 83.24
v -277.86 251.89 84.37
v -278.79 264.15 98.29
v -275.73 264.44 95.34
v -278.21 -418.36 277.07
v -278.66 -470.62 281.20
v -277.29 -460.82 283.94
v -284.18 -142.40 225.05
v -289.20 -137.66 233.76
v -280.88 -136.89 231.38
v -281.69 -136.71 237.23
v -286.68 -154.46 243.42
v -283.59 -160.80 237.36
v -279.72 -154.77 243.94
v -282.40 -142.28 242.73
v -286.81 -150.44 244.43
v -271.50 -150.79 243.73
v -286.68 -154.46 243.42
v -279.72 -154.77 243.94
v -287.73 -162.06 232.29
v -278.69 -163.90 233.50
v -289.20 -137.66 233.76
v -295.26 -144.40 232.91
v -288.24 -147.01 -242.47
v -295.85 -149.58 -235.53
v -292.51 -141.54 -233.59
v -292.51 -141.54 -233.59
v -296.29 -148.48 -232.48
v -286.44 -143.21 -226.27
v -289.34 -151.76 -225.56
v -289.34 -151.76 -225.56
v -296.29 -148.48 -232.48
v -290.60 -158.54 -232.78
v -296.59 -151.54 232.27
v -286.81 -150.44 244.43
v -296.59 -151.54 232.27
v 291.96 -151.21 226.27
v 296.51 -149.58 232.53
v 291.41 -157.80 233.13
v 291.41 -157.80 233.13
v 296.51 -149.58 232.53
v 285.30 -153.77 243.93
v 275.42 207.72 -25.18
v 274.76 207.91 23.40
v 279.46 216.24 44.83
v 280.01 224.36 60.52
v 274.44 218.37 55.02
v 278.47 228.48 69.14
v 274.70 269.64 -119.30
v 275.61 258.30 -109.05
v 271.80 252.54 -106.54
v 273.89 246.21 -98.75
v 272.77 204.37 -5.95
v 271.87 205.06 11.94
v 280.15 214.00 34.93
v 271.01 221.91 60.15
v 272.77 226.78 68.21
v 275.91 237.41 82.22
v 271.23 234.58 78.03
v 270.94 268.85 96.85
v 271.84 240.93 86.06
v 274.65 248.33 94.19
v 273.12 277.62 102.64
v 276.15 277.31 103.83
v 273.12 277.62 102.64
v 267.95 278.55 -125.94
v 274.70 269.64 -119.30
v 268.61 269.00 -120.02
v 268.61 269.00 -120.02
v 267.75 253.41 -107.28
v 268.38 243.25 -96.81
v 273.77 237.87 -89.11
v 269.25 234.67 -84.95
v 273.72 231.23 -79.65
v 269.25 234.67 -84.95
v 273.72 231.23 -79.65
v 267.17 233.26 -79.11
v 265.54 228.80 -75.97
v 274.64 222.44 -65.55
v 268.34 220.79 -63.44
v 274.71 217.61 -55.76
v 268.73 214.28 -50.33
v 274.05 211.72 -41.96
v 268.73 208.85 -37.12
v 275.42 207.72 -25.18
v 267.58 204.73 -17.91
v 272.77 204.37 -5.95
v 267.58 204.73 -17.91
v 272.77 204.37 -5.95
v 266.59 203.69 -2.52
v 268.78 205.30 12.37
v 271.87 205.06 11.94
v 266.82 213.52 42.65
v 275.45 229.02 49.23
v 269.37 217.24 50.70
v 271.01 221.91 60.15
v 269.83 277.95 103.41
v 269.97 287.18 108.32
v 269.97 287.18 108.32
v 269.18 297.50 113.56
v 265.89 333.06 -135.79
v 264.42 326.47 -137.36
v 264.10 300.62 -132.38
v 265.91 287.91 -129.79
v 265.91 287.91 -129.79
v 267.95 278.55 -125.94
v 265.43 278.42 -123.83
v 268.61 269.00 -120.02
v 264.79 271.27 -117.32
v 265.22 263.80 -114.63
v 269.57 284.17 -114.36
v 265.22 263.80 -114.63
v 265.75 276.57 -114.22
v 270.58 274.36 -107.34
v 264.36 256.34 -107.58
v 270.69 256.96 -93.89
v 264.01 247.96 -99.12
v 264.19 240.05 -90.55
v 264.20 240.61 -85.21
v 269.75 241.98 -79.44
v 264.19 240.05 -90.55
v 265.29 236.09 -82.39
v 264.19 240.05 -90.55
v 265.54 228.80 -75.97
v 271.42 235.32 -69.62
v 265.78 234.47 -76.90
v 264.43 223.09 -65.79
v 264.41 218.37 -56.99
v 263.76 214.35 -48.45
v 263.55 211.37 -39.43
v 264.80 208.34 -34.59
v 264.80 208.34 -34.59
v 264.32 206.90 -18.98
v 267.59 209.22 31.36
v 264.86 211.57 31.82
v 266.82 213.52 42.65
v 265.71 249.01 87.01
v 264.90 252.88 93.47
v 265.71 249.01 87.01
v 266.12 250.64 91.11
v 265.86 255.94 95.75
v 269.54 250.66 95.49
v 265.90 257.89 98.33
v 265.90 257.89 98.33
v 261.47 392.11 107.28
v 259.44 401.15 99.96
v 262.67 406.65 98.43
v 261.47 392.11 107.28
v 267.49 263.79 104.87
v 266.01 269.76 104.63
v 264.57 281.91 111.99
v 265.13 295.10 115.26
v 266.02 307.36 116.81
v 265.13 295.10 115.26
v 269.18 297.50 113.56
v 263.52 354.09 119.39
v 265.82 335.71 120.36
v 262.78 317.82 119.60
v 264.95 283.69 117.94
v 266.10 325.99 155.22
v 260.16 174.54 -199.87
v 262.53 350.94 -135.53
v 265.89 333.06 -135.79
v 259.69 338.47 -138.12
v 257.39 326.42 -136.26
v 259.69 338.47 -138.12
v 261.65 312.30 -136.30
v 261.65 312.30 -136.30
v 264.10 300.62 -132.38
v 261.05 308.42 -132.67
v 260.06 379.00 -125.98
v 256.58 391.44 -122.06
v 260.95 388.19 -120.80
v 263.67 287.25 -123.35
v 259.52 404.07 -115.32
v 264.53 278.90 -119.01
v 264.36 256.34 -107.58
v 264.01 247.96 -99.12
v 256.26 418.75 -85.60
v 256.45 423.32 -78.86
v 256.45 423.32 -78.86
v 260.73 427.27 -74.27
v 255.85 427.11 -72.04
v 264.14 229.82 -70.92
v 260.81 432.27 -64.78
v 263.76 226.19 -63.87
v 264.43 223.09 -65.79
v 255.85 427.11 -72.04
v 257.24 431.71 -62.81
v 264.41 218.37 -56.99
v 257.24 431.71 -62.81
v 260.94 437.01 -51.77
v 256.79 436.45 -50.31
v 263.47 220.70 -52.29
v 263.76 214.35 -48.45
v 263.46 218.75 -44.38
v 263.76 214.35 -48.45
v 261.56 215.63 -43.21
v 263.55 211.37 -39.43
v 260.84 442.13 -31.63
v 256.79 436.45 -50.31
v 260.84 442.13 -31.63
v 256.39 440.29 -32.14
v 261.86 211.33 -31.01
v 264.80 208.34 -34.59
v 257.34 442.60 -16.50
v 264.32 206.90 -18.98
v 260.54 443.99 4.79
v 254.37 443.27 -5.98
v 258.14 442.23 16.11
v 261.74 442.17 28.91
v 260.33 440.02 30.10
v 259.19 436.26 47.08
v 260.71 432.71 59.60
v 256.01 431.11 59.88
v 260.71 432.71 59.60
v 260.96 427.38 70.20
v 257.26 425.14 72.99
v 257.26 425.14 72.99
v 260.70 422.65 77.91
v 257.14 418.84 83.03
v 264.32 245.51 82.99
v 264.32 245.51 82.99
v 264.41 242.28 82.59
v 257.53 243.85 84.24
v 256.55 246.73 81.80
v 257.53 243.85 84.24
v 264.41 242.28 82.59
v 257.50 390.39 107.19
v 262.35 380.23 113.67
v 258.03 377.14 113.28
v 260.69 364.35 116.85
v 260.69 364.35 116.85
v 263.52 354.09 119.39
v 257.99 349.64 119.96
v 263.33 291.63 118.22
v 263.33 291.63 118.22
v 264.57 281.91 111.99
v 262.78 317.82 119.60
v 266.02 307.36 116.81
v 259.54 308.12 124.68
v 259.20 317.29 123.03
v 261.55 306.66 123.15
v 265.13 295.10 115.26
v 263.84 293.79 122.57
v 263.84 293.79 122.57
v 261.55 306.66 123.15
v 260.99 323.50 132.58
v 258.41 314.99 128.69
v 260.99 323.50 132.58
v 255.48 185.38 -201.08
v 254.85 143.42 -205.88
v 257.39 326.42 -136.26
v 255.49 379.02 -126.34
v 253.94 367.63 -128.58
v 253.32 385.21 -123.54
v 256.58 391.44 -122.06
v 259.89 420.54 -102.72
v 255.85 427.11 -72.04
v 257.24 431.71 -62.81
v 256.39 440.29 -32.14
v 257.34 442.60 -16.50
v 253.66 441.70 -30.54
v 253.66 441.70 -30.54
v 252.72 212.20 -9.58
v 259.21 216.16 2.29
v 255.05 214.75 8.86
v 252.66 443.28 14.63
v 258.50 218.25 21.37
v 253.88 217.57 22.63
v 253.12 439.89 31.90
v 258.62 222.53 34.11
v 254.61 221.90 37.15
v 258.18 227.40 45.33
v 253.63 435.15 50.98
v 252.37 225.52 47.97
v 256.09 232.77 58.06
v 256.01 431.11 59.88
v 257.26 425.14 72.99
v 252.92 425.86 74.15
v 256.01 431.11 59.88
v 254.73 436.09 76.60
v 253.40 420.11 82.04
v 255.06 431.23 85.66
v 257.26 425.14 72.99
v 257.14 418.84 83.03
v 259.31 413.19 90.08
v 259.44 401.15 99.96
v 257.50 390.39 107.19
v 253.25 397.90 102.96
v 257.50 390.39 107.19
v 253.20 390.33 108.51
v 258.03 377.14 113.28
v 252.71 382.94 111.89
v 252.78 373.35 115.85
v 260.69 364.35 116.85
v 253.10 363.77 119.66
v 253.10 363.77 119.66
v 253.10 363.77 119.66
v 257.99 349.64 119.96
v 254.78 349.82 122.66
v 255.45 323.03 126.63
v 258.41 314.99 128.69
v 255.45 323.03 126.63
v 255.10 382.24 151.89
v 252.12 326.59 144.05
v 252.07 314.67 145.51
v 249.92 267.14 149.83
v 253.13 204.26 162.75
v 254.50 187.49 166.36
v 256.08 167.90 170.04
v 250.75 147.12 -206.18
v 247.65 268.25 -193.30
v 248.51 327.15 -190.93
v 248.51 327.15 -190.93
v 254.54 322.13 -187.45
v 247.85 321.46 -189.00
v 247.07 303.65 -189.79
v 247.96 368.27 -188.56
v 258.32 379.44 -175.35
v 253.09 340.33 -133.34
v 252.64 352.16 -131.25
v 252.64 352.16 -131.25
v 253.09 340.33 -133.34
v 252.61 345.43 -130.25
v 252.60 362.43 -128.03
v 251.11 163.13 -168.01
v 254.27 163.52 -169.99
v 253.71 163.21 -95.65
v 251.27 382.31 -125.43
v 250.57 375.25 -124.88
v 252.60 362.43 -128.03
v 249.64 393.75 -120.68
v 249.51 388.21 -116.29
v 256.26 418.75 -85.60
v 256.45 423.32 -78.86
v 251.09 430.66 -71.83
v 251.62 434.88 -62.76
v 251.87 439.00 -49.23
v 250.39 219.17 -54.90
v 251.87 439.00 -49.23
v 251.77 444.02 -26.73
v 253.66 441.70 -30.54
v 254.37 443.27 -5.98
v 252.00 444.91 -6.24
v 252.66 443.28 14.63
v 249.88 214.21 9.51
v 249.17 217.42 14.97
v 246.64 221.32 24.42
v 249.77 221.87 36.23
v 246.38 223.66 44.13
v 250.21 230.71 57.64
v 254.95 236.80 66.34
v 254.14 240.54 73.74
v 255.26 243.69 79.03
v 251.37 348.17 122.92
v 252.92 346.43 125.31
v 251.55 305.72 127.28
v 256.62 375.60 145.30
v 257.54 367.65 143.63
v 251.33 367.00 142.19
v 249.52 377.49 145.23
v 252.12 326.59 144.05
v 256.62 375.60 145.30
v 249.52 377.49 145.23
v 250.39 292.88 147.23
v 246.12 185.47 -201.84
v 245.75 145.29 -205.69
v 243.53 374.00 -187.09
v 249.03 371.76 -132.45
v 250.57 375.25 -124.88
v 248.29 374.96 -121.26
v 250.57 375.25 -124.88
v 250.13 375.80 -120.23
v 249.75 386.42 -119.95
v 244.24 413.72 -92.11
v 250.99 420.38 -87.34
v 244.73 421.83 -81.59
v 251.62 434.88 -62.76
v 238.87 164.09 -27.42
v 254.01 163.81 -46.12
v 245.97 436.13 -49.12
v 246.14 440.00 -25.93
v 246.63 440.23 5.33
v 244.96 439.46 14.29
v 247.56 225.92 16.52
v 247.18 229.18 17.22
v 252.15 230.62 20.57
v 247.56 225.92 16.52
v 244.96 439.46 14.29
v 245.55 435.03 37.00
v 246.71 431.61 49.64
v 245.05 227.42 50.20
v 243.07 230.46 53.24
v 245.42 237.24 75.15
v 249.38 261.35 94.47
v 244.84 261.04 104.82
v 245.41 381.74 108.03
v 248.99 383.71 107.07
v 248.63 363.89 115.55
v 244.29 366.18 114.42
v 244.84 261.04 104.82
v 244.07 368.51 144.45
v 246.70 329.48 145.11
v 252.07 314.67 145.51
v 244.12 304.92 149.20
v 250.39 292.88 147.23
v 249.92 267.14 149.83
v 248.52 251.41 151.21
v 242.96 250.81 153.16
v 250.15 217.78 197.63
v 249.75 216.00 219.24
v 244.93 211.69 222.82
v 242.41 162.82 -202.14
v 238.24 196.90 -197.48
v 241.62 263.44 -192.57
v 240.73 333.66 -192.25
v 240.73 333.66 -192.25
v 238.39 327.78 -190.56
v 241.06 322.64 -187.78
v 241.06 322.64 -187.78
v 240.13 297.39 -188.92
v 242.52 365.17 -188.48
v 237.15 353.65 -186.67
v 245.30 373.21 -137.05
v 245.81 366.10 -140.11
v 242.60 366.00 -138.20
v 246.65 302.86 -141.76
v 246.54 303.24 -138.56
v 242.70 303.44 -139.97
v 243.46 302.61 -141.78
v 241.59 294.99 -136.84
v 242.70 303.44 -139.97
v 245.16 381.38 -132.22
v 242.37 283.01 -131.34
v 237.97 163.32 -164.38
v 242.57 391.58 -125.00
v 243.21 259.90 -118.76
v 245.03 256.67 -114.93
v 240.90 257.30 -116.34
v 237.79 163.35 -88.38
v 249.10 243.71 -66.72
v 244.62 426.45 -73.49
v 246.50 431.76 -63.03
v 242.23 432.29 -62.50
v 242.62 236.91 -63.73
v 243.63 234.75 -60.33
v 245.97 436.13 -49.12
v 244.50 226.67 -47.10
v 246.14 440.00 -25.93
v 241.97 437.36 -47.94
v 242.26 440.65 -29.38
v 244.78 222.40 -20.45
v 244.51 223.35 -29.21
v 246.35 226.58 -19.27
v 246.68 223.69 -6.80
v 239.23 164.37 73.18
v 244.78 222.40 -20.45
v 246.63 440.23 5.33
v 242.45 442.08 -9.57
v 244.71 222.47 6.58
v 254.00 163.89 46.48
v 244.37 222.07 17.61
v 244.37 222.07 17.61
v 239.95 437.38 40.64
v 244.96 439.46 14.29
v 245.55 435.03 37.00
v 246.71 431.61 49.64
v 242.38 431.53 52.40
v 248.74 427.07 60.08
v 242.92 424.24 67.26
v 249.03 423.05 67.90
v 248.99 417.42 76.99
v 243.93 415.99 80.25
v 256.19 164.51 97.94
v 240.66 246.14 88.49
v 240.66 246.14 88.49
v 245.23 246.35 88.79
v 244.77 242.96 89.40
v 244.39 409.09 88.48
v 248.98 405.34 91.73
v 243.44 397.68 98.78
v 248.76 393.77 100.45
v 240.19 284.91 105.75
v 242.28 293.98 110.74
v 240.53 380.41 111.24
v 244.29 366.18 114.42
v 239.96 312.37 117.51
v 239.96 312.37 117.51
v 240.48 331.23 120.04
v 238.96 164.69 138.51
v 255.63 164.55 169.80
v 242.02 164.81 159.26
v 243.95 378.84 149.32
v 236.43 368.90 151.28
v 237.49 364.61 149.81
v 241.85 326.26 148.52
v 240.97 305.96 152.02
v 241.82 275.18 153.52
v 248.52 251.41 151.21
v 241.92 272.45 177.68
v 243.38 217.02 192.40
v 241.89 210.94 221.58
v 237.16 160.50 -197.99
v 235.99 229.30 -192.37
v 238.29 212.15 -195.17
v 234.28 267.98 -188.15
v 242.70 303.44 -139.97
v 240.38 312.49 -143.97
v 243.46 302.61 -141.78
v 237.28 306.96 -137.59
v 241.59 294.99 -136.84
v 234.46 369.26 -129.76
v 241.26 376.62 -133.57
v 237.12 296.23 -133.22
v 238.19 285.79 -130.15
v 242.37 283.01 -131.34
v 239.68 391.58 -123.90
v 242.57 391.58 -125.00
v 243.79 273.25 -125.69
v 237.79 274.24 -122.31
v 241.02 404.15 -117.07
v 243.26 265.23 -122.14
v 238.31 259.89 -114.78
v 243.26 265.23 -122.14
v 240.26 424.21 -100.44
v 243.92 405.30 -100.25
v 244.24 413.72 -92.11
v 239.68 416.44 -91.55
v 239.68 416.44 -91.55
v 243.87 417.83 -86.56
v 245.01 256.43 -90.09
v 238.73 248.13 -86.41
v 244.73 421.83 -81.59
v 239.27 425.69 -80.37
v 235.59 239.47 -82.94
v 239.91 432.12 -66.66
v 239.61 437.91 -52.57
v 244.96 439.46 14.29
v 238.81 443.23 22.71
v 239.67 453.11 35.64
v 238.73 450.96 5.62
v 239.95 437.38 40.64
v 240.03 449.30 46.79
v 240.03 449.30 46.79
v 239.44 432.14 56.15
v 239.83 444.37 61.13
v 239.28 426.10 69.69
v 236.12 246.59 70.64
v 238.32 250.34 72.07
v 240.10 416.37 84.47
v 236.46 244.72 76.35
v 237.92 248.16 86.29
v 240.02 407.18 94.43
v 240.27 425.34 94.77
v 240.27 425.34 94.77
v 240.02 407.18 94.43
v 242.49 250.57 94.23
v 237.92 248.16 86.29
v 240.66 246.14 88.49
v 241.54 246.70 92.93
v 238.32 254.42 95.71
v 240.48 415.87 104.66
v 240.18 392.54 104.74
v 240.48 415.87 104.66
v 238.32 254.42 95.71
v 241.92 261.13 104.12
v 238.43 263.63 103.66
v 241.06 403.90 112.38
v 238.94 296.64 113.03
v 238.71 270.39 110.38
v 241.06 403.90 112.38
v 242.23 388.61 118.36
v 242.23 388.61 118.36
v 239.83 368.25 116.69
v 243.64 397.06 120.27
v 243.75 347.50 118.40
v 239.61 351.55 120.12
v 239.61 351.55 120.12
v 244.52 383.71 125.25
v 239.07 349.29 126.83
v 239.77 249.10 144.68
v 238.31 376.71 155.74
v 236.43 368.90 151.28
v 236.81 331.88 154.02
v 238.95 166.72 167.84
v 237.68 314.85 156.89
v 236.81 331.88 154.02
v 240.97 305.96 152.02
v 238.96 280.85 157.02
v 238.96 280.85 157.02
v 239.14 250.06 158.70
v 238.27 374.41 162.61
v 237.70 268.16 162.12
v 239.14 250.06 158.70
v 237.15 253.55 163.45
v 238.68 188.76 166.10
v 237.76 188.12 158.80
v 239.11 172.58 167.81
v 238.95 166.72 167.84
v 243.30 379.40 164.90
v 238.27 374.41 162.61
v 243.22 368.87 170.94
v 237.73 365.87 165.66
v 238.37 299.77 167.91
v 238.01 269.11 169.71
v 241.54 334.43 172.54
v 241.60 295.99 174.57
v 237.63 256.70 172.88
v 241.92 272.45 177.68
v 240.64 255.45 180.63
v 239.19 220.17 187.34
v 238.88 206.03 189.36
v 239.19 220.17 187.34
v 243.38 217.02 192.40
v 239.37 224.69 191.70
v 240.41 215.47 201.25
v 238.36 188.12 191.46
v 240.41 215.47 201.25
v 238.55 148.79 198.53
v 236.75 214.66 212.67
v 236.21 212.15 220.20
v 238.24 196.90 -197.48
v 237.16 160.50 -197.99
v 234.49 181.86 -188.93
v 232.02 229.28 -188.77
v 234.49 181.86 -188.93
v 238.29 212.15 -195.17
v 235.99 229.30 -192.37
v 234.24 163.74 -189.30
v 234.09 323.95 -183.67
v 234.09 323.95 -183.67
v 229.91 371.95 -181.00
v 236.20 201.48 -166.70
v 236.82 172.53 -167.61
v 237.97 163.32 -164.38
v 237.62 192.61 -164.75
v 234.85 206.92 -163.63
v 236.06 209.19 -151.24
v 230.47 213.56 -153.14
v 236.96 165.41 -143.57
v 235.20 342.30 -144.90
v 235.20 342.30 -144.90
v 236.99 197.90 -131.19
v 235.57 341.05 -142.34
v 237.78 350.86 -141.84
v 234.27 211.00 -142.22
v 234.99 210.88 -131.59
v 233.69 350.24 -136.08
v 232.96 343.31 -135.46
v 233.93 333.30 -136.77
v 232.96 343.31 -135.46
v 233.93 333.30 -136.77
v 234.36 334.97 -132.05
v 235.08 317.04 -136.18
v 237.28 306.96 -137.59
v 233.72 211.71 -130.64
v 235.08 317.04 -136.18
v 234.76 316.35 -130.85
v 237.28 306.96 -137.59
v 234.40 305.78 -131.22
v 237.12 296.23 -133.22
v 238.20 343.28 -126.85
v 234.85 301.67 -126.75
v 234.67 290.17 -125.29
v 234.67 290.17 -125.29
v 237.12 296.23 -133.22
v 238.19 285.79 -130.15
v 239.68 391.58 -123.90
v 235.85 383.71 -122.25
v 235.13 290.62 -122.48
v 238.19 285.79 -130.15
v 235.60 280.12 -120.89
v 237.79 274.24 -122.31
v 236.89 165.07 -89.36
v 236.35 392.76 -117.41
v 235.86 385.09 -118.01
v 240.12 289.60 -116.53
v 236.16 275.18 -114.33
v 233.92 212.70 -116.43
v 241.02 404.15 -117.07
v 240.23 280.16 -111.63
v 238.31 259.89 -114.78
v 236.26 261.83 -108.27
v 237.56 253.80 -114.12
v 235.13 215.46 -100.86
v 237.08 200.33 -111.03
v 240.57 417.66 -106.81
v 237.54 411.51 -106.05
v 237.44 405.78 -106.85
v 237.82 253.80 -96.10
v 237.79 163.35 -88.38
v 240.26 424.21 -100.44
v 237.20 427.46 -87.64
v 239.99 436.74 -83.77
v 239.27 425.69 -80.37
v 237.20 427.46 -87.64
v 239.68 416.44 -91.55
v 237.69 184.63 -55.90
v 237.77 437.43 -72.97
v 237.77 437.43 -72.97
v 235.73 211.13 -68.46
v 237.88 434.86 -70.75
v 239.94 443.06 -71.79
v 237.88 434.86 -70.75
v 239.81 447.64 -59.63
v 238.87 164.09 -27.42
v 239.81 447.64 -59.63
v 238.28 442.67 -54.00
v 239.61 437.91 -52.57
v 239.90 452.06 -48.67
v 235.03 207.79 -37.19
v 235.68 210.68 -57.86
v 235.92 205.35 -35.06
v 235.03 207.79 -37.19
v 238.37 449.75 -26.75
v 239.09 443.08 -30.18
v 238.49 165.58 11.74
v 239.55 457.63 -5.83
v 236.18 198.14 5.55
v 235.52 203.41 -8.09
v 238.12 181.02 -8.12
v 232.17 203.09 -2.33
v 236.33 191.99 19.01
v 235.28 197.91 7.58
v 237.87 182.37 22.08
v 239.23 164.37 73.18
v 236.09 195.26 27.11
v 239.95 437.38 40.64
v 236.63 192.17 52.23
v 237.12 183.69 88.60
v 239.44 432.14 56.15
v 235.80 209.08 39.27
v 237.94 166.13 85.70
v 235.59 213.28 57.55
v 239.28 426.10 69.69
v 233.99 214.34 71.33
v 235.18 212.19 73.56
v 236.46 244.72 76.35
v 240.10 416.37 84.47
v 239.89 259.00 81.02
v 239.30 254.51 75.61
v 235.64 254.41 84.05
v 237.92 248.16 86.29
v 235.53 259.93 89.07
v 240.02 407.18 94.43
v 238.70 265.99 90.67
v 236.14 264.16 92.96
v 238.85 274.02 98.54
v 235.99 263.76 96.98
v 240.18 392.54 104.74
v 235.02 215.32 93.60
v 238.96 164.69 138.51
v 236.19 287.62 112.89
v 240.19 284.91 105.75
v 235.83 274.48 105.63
v 240.03 376.67 119.37
v 240.53 380.41 111.24
v 235.74 280.05 111.36
v 238.04 169.10 150.46
v 239.83 368.25 116.69
v 238.94 296.64 113.03
v 232.98 218.21 98.58
v 235.46 217.83 105.40
v 233.48 219.81 138.49
v 239.96 312.37 117.51
v 237.06 302.53 118.43
v 236.33 293.90 117.90
v 239.61 351.55 120.12
v 238.53 340.29 123.91
v 240.48 331.23 120.04
v 237.04 307.89 122.85
v 236.90 213.15 159.87
v 235.46 217.83 105.40
v 236.13 218.67 156.97
v 236.13 218.67 156.97
v 238.31 376.71 155.74
v 236.43 368.90 151.28
v 235.50 367.67 158.05
v 235.79 216.57 162.85
v 236.79 202.27 164.19
v 238.68 188.76 166.10
v 239.11 172.58 167.81
v 233.43 166.19 169.76
v 236.79 202.27 164.19
v 236.77 240.34 191.82
v 235.69 236.20 182.24
v 237.12 239.32 201.64
v 237.63 222.55 209.31
v 236.53 233.35 211.83
v 232.20 239.59 223.62
v 236.75 214.66 212.67
v 227.80 209.24 231.23
v 232.51 208.02 232.35
v 226.04 205.78 240.93
v 225.45 362.00 -193.90
v 222.21 329.11 -191.46
v 232.02 229.28 -188.77
v 228.07 325.04 -176.88
v 227.69 297.32 -177.60
v 228.50 267.40 -181.83
v 229.06 232.54 -185.37
v 228.50 267.40 -181.83
v 229.06 232.54 -185.37
v 222.43 232.30 -174.58
v 232.79 378.72 -179.00
v 229.94 376.88 -171.39
v 229.94 376.88 -171.39
v 232.79 378.72 -179.00
v 229.91 371.95 -181.00
v 227.99 368.69 -173.26
v 229.60 374.68 -161.31
v 228.25 357.35 -172.02
v 228.91 359.64 -165.95
v 229.60 374.68 -161.31
v 230.66 354.03 -153.73
v 228.85 205.25 -166.78
v 236.20 201.48 -166.70
v 234.85 206.92 -163.63
v 229.15 368.16 -157.54
v 231.74 330.32 -150.96
v 228.22 337.10 -156.87
v 227.21 314.54 -157.82
v 229.41 210.82 -163.91
v 229.44 346.19 -157.53
v 229.59 213.90 -146.39
v 230.43 240.82 -139.45
v 231.33 215.05 -139.30
v 230.92 222.77 -131.00
v 231.02 218.46 -136.99
v 230.05 219.77 -140.52
v 233.72 211.71 -130.64
v 233.61 359.35 -129.51
v 230.97 226.86 -118.85
v 231.30 235.83 -110.83
v 230.97 244.47 -101.61
v 232.59 240.91 -106.69
v 231.30 235.83 -110.83
v 235.52 203.41 -8.09
v 232.15 189.19 7.16
v 227.84 188.74 0.99
v 231.67 204.41 31.24
v 234.01 193.28 35.03
v 231.67 204.41 31.24
v 234.11 206.08 36.54
v 229.09 204.95 37.34
v 235.80 209.08 39.27
v 229.09 204.95 37.34
v 227.18 209.13 48.37
v 233.99 214.34 71.33
v 232.57 216.56 75.58
v 232.57 216.56 75.58
v 232.98 218.21 98.58
v 228.55 217.03 92.66
v 221.69 219.39 141.50
v 228.18 221.41 158.87
v 235.79 216.57 162.85
v 232.74 244.96 178.37
v 230.63 243.88 172.17
v 233.32 235.34 178.75
v 233.02 245.73 209.35
v 236.77 240.34 191.82
v 233.02 245.73 209.35
v 232.67 228.49 224.90
v 232.48 215.49 222.07
v 236.21 212.15 220.20
v 227.80 209.24 231.23
v 233.89 -162.00 -239.75
v 240.43 -162.76 -237.96
v 187.09 -163.31 -237.13
v 240.40 -162.68 -233.02
v 217.63 339.94 -197.90
v 217.63 339.94 -197.90
v 221.14 353.17 -192.36
v 234.24 163.74 -189.30
v 215.61 163.90 -188.76
v 223.45 326.45 -184.30
v 228.07 325.04 -176.88
v 225.49 327.00 -176.65
v 227.69 297.32 -177.60
v 224.58 269.67 -174.14
v 223.65 330.55 -172.36
v 225.82 315.37 -170.85
v 227.69 297.32 -177.60
v 225.82 315.37 -170.85
v 227.61 363.06 -170.98
v 222.74 337.30 -167.02
v 224.05 287.50 -162.51
v 224.05 287.50 -162.51
v 225.23 342.94 -164.76
v 225.23 342.94 -164.76
v 225.33 332.27 -167.85
v 225.86 330.11 -162.62
v 225.86 330.11 -162.62
v 229.41 210.82 -163.91
v 226.44 217.50 -166.61
v 229.44 346.19 -157.53
v 228.22 337.10 -156.87
v 223.29 225.41 -166.55
v 226.48 225.80 -155.89
v 224.25 257.73 -155.78
v 228.41 220.51 -151.70
v 230.47 213.56 -153.14
v 229.59 213.90 -146.39
v 227.88 217.89 -146.08
v 229.59 213.90 -146.39
v 227.72 198.62 -145.17
v 228.18 198.34 -121.39
v 228.58 196.49 -94.32
v 223.20 194.47 -96.51
v 226.99 194.12 -91.33
v 227.36 193.50 -77.89
v 223.61 190.68 -66.11
v 227.55 191.71 -62.48
v 223.61 190.68 -66.11
v 222.11 188.79 -35.58
v 225.56 189.10 -60.56
v 222.48 189.46 -0.05
v 224.12 204.43 37.16
v 222.68 213.27 76.36
v 214.12 217.15 130.88
v 222.59 222.33 161.42
v 235.79 216.57 162.85
v 215.62 195.49 165.59
v 214.23 169.17 168.75
v 228.11 249.76 210.72
v 223.97 254.02 192.46
v 226.88 244.53 227.26
v 221.70 248.83 223.63
v 226.88 244.53 227.26
v 227.58 240.00 231.93
v 225.76 232.24 234.45
v 227.94 214.13 227.83
v 222.01 213.45 232.16
v 222.14 237.08 236.08
v 216.72 334.24 -195.89
v 214.26 358.37 -196.82
v 197.94 204.06 -188.63
v 222.06 256.30 -164.07
v 222.00 231.89 -167.18
v 220.46 215.98 -158.72
v 214.02 192.69 -81.87
v 223.61 190.68 -66.11
v 219.99 191.11 -53.89
v 221.71 193.85 30.40
v 221.77 204.85 35.22
v 219.51 202.35 31.62
v 221.77 204.85 35.22
v 226.42 194.02 39.77
v 211.46 213.10 96.93
v 213.45 218.81 163.45
v 222.59 222.33 161.42
v 221.34 254.26 173.88
v 218.86 -147.37 200.07
v 217.85 254.64 210.33
v 228.66 -152.71 214.49
v 211.15 -154.31 200.91
v 226.68 -154.09 217.75
v 221.70 248.83 223.63
v 226.88 244.53 227.26
v 218.77 242.03 234.41
v 191.13 -147.92 227.70
v 240.08 -145.38 227.16
v 222.82 -150.28 226.39
v 236.63 -155.41 225.82
v 239.89 -158.63 227.19
v 187.07 -158.72 228.02
v 227.58 240.00 231.93
v 222.14 237.08 236.08
v 214.32 205.81 238.71
v 187.07 -158.72 228.02
v 239.89 -158.63 227.19
v 230.16 -162.68 231.75
v 242.47 -158.89 243.89
v 196.74 229.90 -188.61
v 223.64 230.94 -188.37
v 210.86 328.77 -188.58
v 212.38 327.99 -180.05
v 223.65 330.55 -172.36
v 220.46 215.98 -158.72
v 222.50 211.86 -158.25
v 218.74 200.02 -158.41
v 210.35 202.02 -160.89
v 210.10 226.32 -157.43
v 218.74 200.02 -158.41
v 213.46 192.02 -96.11
v 215.87 192.95 -63.19
v 219.99 191.11 -53.89
v 215.20 194.69 -23.89
v 215.20 194.69 -23.89
v 217.14 196.24 -7.63
v 218.61 198.02 12.80
v 214.35 201.43 20.03
v 217.85 200.83 20.90
v 217.85 200.83 20.90
v 214.88 221.92 161.09
v 210.16 -155.07 211.31
v 222.01 213.45 232.16
v 212.05 208.67 237.19
v 213.60 213.47 236.04
v 225.76 232.24 234.45
v 213.24 231.46 239.94
v 205.55 204.44 253.96
v 243.40 -145.23 -241.93
v 184.83 -162.34 -240.17
v 215.60 -157.43 -218.89
v 217.20 -159.63 -210.65
v 202.80 -156.58 -209.51
v 207.57 -159.11 -205.28
v 200.56 332.63 -194.03
v 202.37 329.32 -183.67
v 200.26 227.07 -159.17
v 210.35 202.02 -160.89
v 209.08 193.19 -68.12
v 208.08 195.54 -30.17
v 208.85 198.81 3.27
v 214.88 221.92 161.09
v 233.43 166.19 169.76
v 233.47 164.87 173.10
v 185.92 165.35 173.54
v 209.48 257.80 200.24
v 209.84 -145.94 190.80
v 206.34 253.52 218.15
v 217.85 254.64 210.33
v 207.28 249.19 226.48
v 209.53 234.80 240.60
v 237.73 -163.36 236.81
v 200.57 203.78 244.43
v 211.90 213.72 261.17
v 184.67 -158.48 -244.01
v 236.35 -156.73 -244.42
v 233.89 -162.00 -239.75
v 184.83 -162.34 -240.17
v 211.53 -151.45 -219.49
v 215.60 -157.43 -218.89
v 202.61 -151.65 -213.48
v 198.02 343.95 -201.34
v 198.02 343.95 -201.34
v 217.20 -159.63 -210.65
v 198.72 330.68 -179.23
v 200.26 227.07 -159.17
v 200.83 233.75 -156.41
v 203.98 180.54 -127.13
v 192.76 203.27 39.41
v 202.59 220.77 164.85
v 202.15 221.12 161.89
v 202.59 220.77 164.85
v 196.37 258.07 208.07
v 194.30 -155.36 188.46
v 194.30 -155.36 188.46
v 196.26 -155.71 198.62
v 196.37 258.07 208.07
v 187.70 241.87 237.71
v 194.97 -162.20 232.36
v 188.97 -155.66 -244.83
v 203.42 -144.29 -215.02
v 202.80 -156.58 -209.51
v 197.15 337.63 -197.79
v 196.02 331.68 -188.76
v 197.42 335.86 -172.97
v 191.06 203.17 -163.55
v 197.14 182.73 -137.57
v 188.19 192.86 -60.51
v 185.74 211.60 118.02
v 157.16 169.10 169.09
v 186.81 263.20 181.41
v 195.21 237.39 241.20
v 193.39 213.88 240.43
v 187.11 229.61 244.97
v 192.79 201.93 254.13
v 193.05 -150.65 -205.95
v 192.36 -155.87 -201.12
v 193.24 -157.85 -196.15
v 187.13 -157.48 -181.13
v 178.59 166.03 -189.11
v 187.13 -157.48 -181.13
v 196.91 329.23 -185.44
v 198.44 232.37 -160.19
v 200.83 233.75 -156.41
v 200.26 227.07 -159.17
v 191.06 203.17 -163.55
v 182.84 192.73 -157.20
v 186.84 195.37 -26.05
v 185.83 199.56 15.24
v 191.43 217.49 149.67
v 175.50 199.40 166.46
v 195.81 -145.36 177.36
v 190.61 -151.90 203.81
v 180.30 -146.62 227.95
v 209.56 -144.39 230.78
v 196.19 206.44 240.57
v 189.77 359.17 -206.49
v 192.48 352.13 -206.00
v 192.48 352.13 -206.00
v 192.21 343.34 -201.49
v 191.93 334.54 -192.61
v 197.49 247.08 -168.42
v 197.40 240.03 -164.28
v 194.70 229.82 -160.28
v 186.99 226.51 -159.74
v 179.40 197.59 -161.84
v 181.16 222.19 166.32
v 183.68 354.55 -209.22
v 183.68 354.55 -209.22
v 185.20 350.02 -207.36
v 191.58 -139.67 -203.88
v 184.49 -146.31 -199.90
v 183.37 360.94 -207.97
v 184.70 342.72 -200.39
v 192.36 -155.87 -201.12
v 191.93 334.54 -192.61
v 196.91 329.23 -185.44
v 181.65 -157.31 -186.33
v 186.99 226.51 -159.74
v 177.53 177.31 -125.93
v 176.67 189.30 166.88
v 189.42 263.57 171.04
v 220.21 164.78 183.77
v 174.84 -154.55 166.97
v 183.16 -155.38 188.41
v 183.23 -152.94 195.93
v 165.40 252.04 222.48
v 178.03 -155.53 226.51
v 188.52 208.88 241.08
v 177.78 -162.69 232.30
v 184.23 202.51 244.79
v 166.40 198.77 253.77
v 182.17 371.70 -199.17
v 176.62 349.95 -206.45
v 177.90 -139.75 -194.36
v 178.97 -150.75 -193.69
v 184.70 342.72 -200.39
v 175.99 -155.45 -187.28
v 79.33 163.46 -188.16
v 231.90 163.59 -186.59
v 169.24 183.36 -141.21
v 180.47 171.03 -105.53
v 175.14 172.90 -90.77
v 173.93 220.32 162.12
v 181.51 221.83 163.22
v 181.16 222.19 166.32
v 173.89 234.21 244.83
v 165.07 223.54 246.53
v 182.46 489.98 -247.13
v 177.75 -154.44 -246.24
v 178.39 -162.01 -243.03
v 178.39 -162.01 -243.03
v 178.16 -164.32 -237.06
v 176.20 359.53 -207.72
v 176.62 349.95 -206.45
v 179.74 368.02 -203.71
v 175.99 -155.45 -187.28
v 176.44 209.49 -165.93
v 169.64 205.73 -166.21
v 180.59 227.84 -161.33
v 182.40 230.33 -163.89
v 184.48 235.65 -164.93
v 180.59 227.84 -161.33
v 166.12 202.50 57.96
v 163.13 206.16 88.68
v 160.97 -155.47 159.88
v 118.77 165.29 184.13
v 231.33 166.24 186.45
v 160.53 260.70 200.62
v 174.55 -150.24 226.68
v 152.53 243.10 236.65
v 178.27 -163.49 235.46
v 163.39 204.14 244.96
v 172.05 229.16 246.53
v 170.96 293.91 -200.64
v 165.97 -144.34 -185.36
v 170.56 258.82 -191.07
v 169.30 248.31 -187.43
v 169.11 242.28 -183.03
v 182.40 230.33 -163.89
v 180.59 227.84 -161.33
v 172.58 225.38 -162.58
v 172.58 225.38 -162.58
v 180.59 227.84 -161.33
v 150.50 191.43 -28.94
v 174.69 -141.81 157.30
v 160.97 -155.47 159.88
v 169.62 -155.11 177.50
v 173.57 -151.50 190.00
v 173.57 -151.50 190.00
v 166.11 531.01 -268.76
v 176.49 519.21 -260.96
v 169.52 520.56 -268.63
v 170.77 -158.91 -243.88
v 170.77 -158.91 -243.88
v 166.83 -162.60 -238.80
v 168.74 316.07 -205.66
v 170.07 272.52 -195.35
v 163.72 -149.79 -181.61
v 177.45 -155.24 -166.53
v 158.77 -155.84 -155.43
v 176.69 212.72 -166.92
v 165.84 205.50 -167.08
v 155.47 195.37 3.88
v 154.18 210.30 166.38
v 76.44 166.63 170.00
v 76.44 166.63 170.00
v 155.25 264.70 171.18
v 144.26 166.31 186.20
v 150.68 262.37 193.48
v 175.09 -160.31 243.69
v 161.81 528.48 -273.01
v 164.92 512.66 -270.67
v 159.14 -156.38 -244.81
v 165.09 337.20 -210.92
v 147.74 221.38 -188.40
v 163.26 -139.13 -183.00
v 173.35 -136.93 -188.88
v 215.61 163.90 -188.76
v 151.04 -154.84 -165.18
v 146.40 196.94 -162.62
v 148.47 191.94 -157.22
v 163.88 -154.75 -155.13
v 163.88 -154.75 -155.13
v 154.75 171.24 -105.32
v 159.94 190.98 -43.76
v 79.67 165.81 172.92
v 159.62 -155.37 166.35
v 163.41 -151.47 180.69
v 158.30 258.67 209.54
v 159.40 209.66 244.69
v 154.45 200.41 247.91
v 159.49 536.42 -271.04
v 161.48 493.17 -267.17
v 160.92 376.16 -223.92
v 162.02 354.23 -215.97
v 154.98 266.70 -194.89
v 170.07 272.52 -195.35
v 170.56 258.82 -191.07
v 159.01 236.20 -182.47
v 153.07 -155.94 -162.16
v 134.02 191.42 -15.07
v 146.14 211.35 138.14
v 138.43 215.78 156.01
v 132.58 219.17 165.39
v 160.53 260.70 200.62
v 156.01 509.14 -273.37
v 164.92 512.66 -270.67
v 161.48 493.17 -267.17
v 168.74 316.07 -205.66
v 170.96 293.91 -200.64
v 151.78 300.05 -202.97
v 151.43 282.95 -199.16
v 152.51 246.36 -189.72
v 169.30 248.31 -187.43
v 169.11 242.28 -183.03
v 152.23 237.56 -183.71
v 152.23 237.56 -183.71
v 148.31 -150.82 -168.02
v 151.04 -154.84 -165.18
v 155.84 -152.11 172.60
v 115.42 -160.05 231.12
v 149.49 533.49 -278.52
v 153.04 494.85 -268.55
v 154.80 455.10 -253.57
v 164.39 462.21 -254.74
v 163.22 440.91 -247.37
v 148.97 426.57 -243.76
v 162.98 421.30 -240.07
v 161.73 402.76 -233.25
v 149.04 401.52 -234.83
v 111.37 -159.70 -241.84
v 160.60 388.12 -228.37
v 147.46 370.38 -222.45
v 160.92 376.16 -223.92
v 162.02 354.23 -215.97
v 151.01 344.75 -214.50
v 165.09 337.20 -210.92
v 149.97 315.04 -207.56
v 77.66 166.12 -189.02
v 123.82 203.41 -166.96
v 144.64 -153.77 -135.72
v 144.64 -153.77 -135.72
v 129.76 178.18 -127.63
v 150.14 -155.00 158.88
v 134.98 220.26 164.89
v 134.98 220.26 164.89
v 114.21 -158.30 228.48
v 114.21 -158.30 228.48
v 141.18 234.50 244.84
v 128.60 226.77 248.58
v 146.81 198.04 251.57
v 145.75 530.70 -279.12
v 161.81 528.48 -273.01
v 147.03 521.82 -278.43
v 148.65 472.72 -261.29
v 111.37 -159.70 -241.84
v 144.33 380.43 -226.82
v 148.92 264.41 -196.08
v 146.57 247.46 -192.23
v 152.23 237.56 -183.71
v 136.51 -155.27 -133.12
v 142.13 168.57 -89.82
v 141.09 198.65 40.58
v 141.19 -151.21 127.82
v 142.85 -155.12 139.21
v 143.71 -155.21 151.70
v 145.22 -152.17 162.32
v 136.67 263.45 186.81
v 147.98 262.05 203.17
v 147.98 262.05 203.17
v 147.75 260.41 207.45
v 138.87 222.37 248.06
v 130.90 195.23 259.66
v 126.18 194.50 263.76
v 137.18 508.09 -277.80
v 143.92 454.58 -256.41
v 144.37 346.14 -217.48
v 116.76 185.16 -146.11
v 121.65 189.89 166.45
v 116.58 -155.55 227.17
v 128.47 208.63 248.29
v 99.89 -159.22 243.94
v 138.90 397.27 -235.94
v 128.99 -151.35 -149.53
v 125.71 -155.61 -131.08
v 67.72 182.36 -140.51
v 142.85 -155.12 139.21
v 131.16 -155.01 140.81
v 118.76 211.60 145.67
v 129.95 203.69 249.04
v 125.08 525.21 -283.83
v 132.24 484.73 -271.05
v 123.52 441.39 -259.60
v 92.98 -145.04 -242.26
v 90.64 -162.01 -238.16
v 127.44 384.77 -236.28
v 91.91 -162.57 -234.09
v 118.41 367.36 -237.30
v 120.38 334.72 -228.48
v 120.55 272.81 -213.68
v 78.61 224.34 -188.27
v 118.35 190.67 -157.59
v 129.11 -155.08 -142.17
v 113.43 168.37 -64.91
v 119.79 193.98 9.10
v 131.91 -145.94 114.76
v 132.16 -154.46 126.04
v 102.91 244.05 233.94
v 128.34 200.09 251.33
v 128.90 197.24 253.83
v 120.03 507.09 -281.35
v 119.98 253.10 -208.28
v 116.74 194.30 -162.80
v 129.11 -155.08 -142.17
v 127.15 -151.22 114.19
v 121.46 -155.56 126.91
v 105.39 208.74 165.74
v 72.89 262.31 195.48
v 110.66 403.06 -248.88
v 121.88 -145.07 -147.14
v 136.51 -155.27 -133.12
v 100.62 167.99 -74.07
v 116.18 178.75 -52.13
v 119.83 -151.18 139.37
v 120.27 312.61 -223.06
v 133.79 232.53 -187.18
v 120.18 227.74 -188.37
v 118.42 -151.34 -139.54
v 118.57 -154.06 -135.11
v 103.53 171.78 -104.64
v 102.71 216.32 162.64
v 92.03 252.15 221.18
v 93.46 227.04 249.21
v 114.03 462.50 -269.40
v 113.33 384.78 -241.64
v 95.99 -155.13 -97.44
v 107.51 -153.96 -102.87
v 107.51 -153.96 -102.87
v 103.57 191.32 -4.64
v 114.68 -144.47 98.57
v 114.68 -144.47 98.57
v 114.48 -150.85 101.93
v 109.78 -155.03 106.55
v 109.78 -155.03 106.55
v 107.37 -154.41 121.03
v 132.58 219.17 165.39
v 92.09 169.24 168.57
v 84.33 234.58 243.98
v 108.12 507.27 -282.96
v 112.33 489.81 -277.05
v 110.66 438.37 -262.74
v 102.85 -135.95 -126.06
v 104.32 -155.69 109.52
v 68.93 165.30 182.29
v 42.80 -146.92 227.94
v 87.07 202.41 250.24
v 92.06 193.30 258.68
v 99.20 305.78 -220.65
v 96.59 268.99 -212.22
v 77.62 203.97 -167.13
v 94.06 203.93 -166.27
v 108.81 -139.84 -134.73
v 105.18 -145.03 -131.32
v 66.91 178.59 -129.18
v 89.94 -155.12 -103.49
v 118.57 -154.06 -135.11
v 105.06 -150.90 93.81
v 102.60 -151.65 122.83
v 101.96 216.38 164.29
v 101.96 216.38 164.29
v 75.36 264.73 172.98
v 89.04 -150.65 -112.23
v 98.09 179.90 -49.33
v 101.72 184.08 -35.91
v 100.57 -154.67 97.89
v 78.61 224.34 -188.27
v 91.95 194.64 -162.69
v 84.13 190.34 -157.06
v 92.46 -140.30 -119.54
v 86.19 -153.67 -105.06
v 86.19 -153.67 -105.06
v 60.06 168.80 -88.78
v 87.57 194.14 14.02
v 100.57 -154.67 97.89
v 60.76 215.16 162.64
v 76.41 189.58 166.42
v 33.12 166.77 186.12
v 63.24 191.53 264.67
v 81.21 193.22 268.85
v 82.32 528.67 -288.78
v 71.47 480.99 -276.88
v 94.27 439.65 -263.85
v 83.07 410.88 -252.06
v 56.90 375.07 -237.92
v 27.51 -157.89 -244.23
v 91.00 -145.22 -117.67
v 92.08 -155.56 96.06
v 92.47 -154.78 106.84
v 92.76 -152.40 112.91
v 79.29 -162.20 235.63
v 70.40 508.24 -286.23
v 16.20 -155.68 -245.00
v 51.08 335.82 -227.12
v 37.57 198.02 -188.58
v 79.33 163.46 -188.16
v 87.07 -135.78 -111.01
v 66.84 171.83 -104.06
v 68.07 168.37 -65.10
v 62.47 188.40 -17.26
v 41.64 211.43 150.87
v 57.90 196.39 252.38
v 31.67 -160.01 -228.93
v 61.77 214.51 164.84
v 61.77 214.51 164.84
v 65.57 205.30 166.23
v 19.35 -150.63 226.66
v 78.06 -162.27 238.50
v 39.33 227.14 248.94
v 68.70 463.46 -271.41
v 54.75 196.05 -164.47
v 77.47 -142.71 -105.94
v 71.60 -154.33 -72.04
v 71.60 -154.33 -72.04
v 68.46 201.69 73.43
v 72.85 -154.22 74.02
v 92.08 -155.56 96.06
v 81.97 -155.09 96.21
v 79.98 -151.93 102.42
v 60.00 170.39 167.52
v 15.36 260.34 207.20
v 16.89 -155.86 226.91
v 55.55 205.42 250.08
v 70.18 438.93 -264.17
v 50.00 231.23 -202.96
v 47.83 163.11 -185.80
v 57.41 -155.34 -69.38
v 42.15 182.13 -42.59
v 74.95 -144.90 65.24
v 40.81 533.51 -291.68
v 42.54 528.93 -291.15
v 33.87 241.69 -205.85
v 53.30 185.81 -148.29
v 62.96 -151.25 -86.97
v -23.05 190.92 -3.69
v 59.36 -155.26 68.90
v 59.36 -155.26 68.90
v 56.17 242.60 235.63
v 51.31 383.37 -240.08
v 44.86 221.01 -188.63
v 53.40 203.60 -166.61
v 52.05 -154.40 -70.31
v 52.05 -154.40 -70.31
v 68.38 -151.43 64.35
v 63.73 -151.57 88.38
v 34.42 257.25 211.99
v 18.81 -162.66 -233.53
v 44.52 279.25 -214.39
v 44.57 315.28 -222.08
v 59.89 -145.14 -88.10
v 11.62 180.44 -49.83
v 59.90 -145.51 53.43
v 59.87 -154.83 76.62
v 63.73 -151.57 88.38
v 42.86 174.71 166.35
v 31.30 -162.62 238.98
v 56.09 191.13 268.81
v 60.18 193.34 273.37
v 45.78 223.31 -191.71
v 53.60 192.80 -162.77
v 51.26 -153.87 -53.86
v 59.90 -145.51 53.43
v 50.65 -154.45 56.37
v 46.02 265.27 170.87
v 35.90 223.65 249.89
v 42.07 406.11 -249.72
v 27.51 -157.89 -244.23
v -0.18 -159.90 -241.97
v 44.86 221.01 -188.63
v 51.84 -151.35 51.42
v 25.81 187.79 165.89
v 18.95 244.42 232.48
v 31.31 197.88 251.70
v 40.64 192.67 256.34
v 43.55 -151.36 -69.02
v 39.12 -155.41 -50.43
v 47.29 -152.13 73.21
v 7.63 508.41 -287.53
v 33.63 473.35 -274.94
v 45.07 -144.56 -74.45
v 6.56 168.36 -73.08
v 51.26 -153.87 -53.86
v 41.52 -155.07 59.16
v 32.12 214.78 165.20
v 32.12 214.78 165.20
v 28.45 211.32 166.39
v 23.07 206.84 166.87
v 44.11 191.07 271.07
v 1.32 460.57 -270.97
v 6.54 -144.92 -242.33
v -66.07 165.85 -189.04
v 8.79 184.12 -142.93
v 0.46 172.93 -101.03
v 6.64 168.45 -64.71
v 46.81 -143.95 42.71
v 38.47 -150.58 40.63
v 16.48 262.33 194.22
v 13.90 -160.45 231.04
v 15.65 438.35 -263.96
v 15.32 179.42 -128.32
v 32.28 -154.29 -40.28
v 32.28 -154.29 -40.28
v 30.90 -154.88 44.20
v 30.90 -154.88 44.20
v 33.62 -152.76 60.49
v 21.35 215.47 162.58
v 19.45 190.08 267.62
v -9.76 383.68 -240.34
v -15.22 349.93 -230.88
v 17.93 190.24 -156.54
v 31.71 -144.46 -63.01
v 29.57 -151.91 -57.24
v 29.60 -155.30 -49.33
v 29.57 -151.91 -57.24
v 33.52 -155.16 52.57
v 17.55 236.24 241.70
v 16.65 193.59 275.54
v -14.05 319.19 -223.08
v 50.00 231.23 -202.96
v -17.67 225.23 -197.16
v 23.50 265.09 170.97
v 7.56 -162.25 235.30
v -6.12 -159.43 243.91
v 1.84 543.89 -291.68
v -3.29 -162.01 -238.41
v -1.67 169.34 -87.26
v 20.83 -140.17 -52.98
v 23.47 -144.27 25.55
v -3.65 208.45 131.60
v -57.29 165.56 180.93
v 8.04 -158.62 227.85
v 8.04 -158.62 227.85
v -0.76 195.12 254.41
v -7.56 271.80 -212.85
v 12.16 232.27 -203.46
v -10.52 204.60 -166.87
v 7.72 194.21 -163.23
v 20.75 -146.68 -53.65
v 20.50 -153.29 -47.95
v 14.54 -154.94 -31.11
v -32.54 169.12 168.42
v -55.64 257.47 211.18
v 13.20 -146.60 227.18
v 7.60 -159.44 -227.07
v -52.65 163.25 -188.19
v -52.65 163.25 -188.19
v 20.50 -153.29 -47.95
v 15.38 -148.98 -48.12
v 14.76 -152.52 -23.60
v 14.76 -152.52 -23.60
v -37.04 187.85 -18.90
v 15.00 -155.01 36.25
v 16.05 -153.51 47.77
v -47.08 300.81 -218.97
v 14.35 -141.73 -46.77
v 15.00 -145.07 -49.08
v 14.59 -153.44 -43.85
v 11.43 -153.70 -18.02
v 23.47 -144.27 25.55
v 14.28 -141.99 51.94
v -7.09 211.50 146.07
v 7.36 -162.06 239.09
v -14.73 215.43 165.41
v -14.73 215.43 165.41
v -14.10 265.47 170.96
v 13.18 -151.49 225.09
v 11.54 -155.51 225.71
v -36.15 241.94 236.15
v -36.09 221.76 250.78
v -23.23 199.67 252.04
v -51.99 402.85 -247.95
v 2.76 -162.51 -231.42
v 7.60 -159.44 -227.07
v 10.85 -155.37 -225.42
v 6.75 -158.48 -216.66
v -28.96 220.92 -188.79
v 11.43 -153.70 -18.02
v 11.71 -154.26 -5.85
v 6.71 -156.33 -3.65
v 10.07 -154.37 18.37
v 13.42 -152.71 23.35
v 8.07 -157.03 28.90
v 11.10 -154.85 106.51
v 11.54 -155.51 225.71
v 2.46 -160.24 228.28
v -17.95 190.72 271.72
v -46.51 533.51 -291.80
v -29.00 525.75 -290.95
v -28.73 551.07 -287.19
v -26.24 469.14 -273.59
v -69.83 374.45 -237.59
v 3.02 -159.63 -224.82
v 3.02 -159.63 -224.82
v 2.71 -158.98 -159.28
v -22.84 180.50 -132.45
v 2.37 -159.62 -70.18
v 0.91 -158.52 -37.98
v -0.22 -156.29 16.55
v 2.34 -158.40 34.46
v 1.50 -159.99 76.09
v 2.64 -159.31 132.01
v -17.32 216.95 164.25
v 2.50 -159.32 194.73
v -50.73 165.79 184.04
v -166.52 262.05 203.01
v -166.52 262.05 203.01
v 2.46 -160.24 228.28
v -1.84 -158.76 -225.29
v -1.23 -158.32 -144.47
v -1.23 -158.76 -71.21
v -0.97 -156.80 -26.76
v -0.97 -156.80 -26.76
v 3.03 -156.39 -15.85
v -3.46 -153.56 -18.04
v -4.48 -155.05 -2.64
v -1.70 -156.69 26.63
v -5.33 -157.13 35.37
v -2.80 -156.85 40.52
v -1.65 -158.38 124.67
v -62.51 166.63 169.89
v -62.51 166.63 169.89
v -1.60 -158.45 196.34
v -2.76 -159.00 227.61
v -15.74 -162.26 239.53
v -41.17 236.55 241.81
v -37.70 205.01 251.44
v -14.75 -162.35 -233.60
v -2.71 -137.32 -176.85
v -44.71 231.24 -202.89
v -44.71 231.24 -202.89
v -28.96 220.92 -188.79
v -1.84 -158.76 -225.29
v -1.23 -158.32 -144.47
v -6.00 -155.59 -225.32
v -5.97 -155.21 -122.34
v -6.12 -155.73 -70.56
v -1.23 -158.76 -71.21
v -5.65 -138.80 -71.17
v -5.96 -154.33 -44.90
v 0.91 -158.52 -37.98
v -3.78 -156.29 -36.04
v -5.30 -153.54 20.54
v -5.89 -156.37 69.34
v -6.87 -154.06 49.33
v -2.80 -156.85 40.52
v -2.97 -137.22 62.55
v -5.89 -156.37 69.34
v -6.04 -155.35 104.40
v -6.21 -155.30 201.97
v -75.37 166.79 186.12
v -6.54 -156.26 225.97
v -13.59 -162.33 234.84
v -19.50 -144.93 -242.56
v -2.49 -140.85 -237.31
v -9.29 -146.59 -187.38
v -8.35 -151.71 -224.83
v -8.39 -151.51 -117.21
v -6.00 -155.59 -225.32
v -54.01 196.32 -164.88
v -47.39 193.60 -163.22
v -20.98 190.99 -158.57
v -5.97 -155.21 -122.34
v -9.05 -146.31 -74.01
v -8.68 -151.24 -74.50
v -6.12 -155.73 -70.56
v -8.19 -145.03 -49.25
v -7.97 -149.83 -48.32
v -5.96 -154.33 -44.90
v -7.31 -141.22 -49.40
v -7.97 -149.83 -48.32
v -5.96 -154.33 -44.90
v -11.35 -147.23 -3.25
v -8.48 -141.16 14.69
v -14.45 -155.63 32.71
v -11.38 -152.39 52.02
v -19.79 -155.99 50.04
v -2.80 -156.85 40.52
v -9.14 -149.40 52.25
v -9.20 -144.43 52.75
v -9.14 -149.40 52.25
v -8.64 -151.29 91.10
v -8.64 -151.29 91.10
v -8.93 -146.13 92.03
v -5.89 -156.37 69.34
v -6.04 -155.35 104.40
v -9.16 -146.18 159.07
v -8.57 -151.65 225.08
v -40.44 190.17 166.30
v -39.81 174.60 167.11
v -6.21 -155.30 201.97
v -8.78 -146.44 227.07
v -6.54 -156.26 225.97
v -10.40 -142.94 231.67
v -2.76 -159.00 227.61
v -18.82 -161.14 231.85
v -39.72 190.42 266.77
v -37.84 508.62 -287.53
v -40.12 183.78 -142.75
v -55.78 180.45 -49.96
v -16.57 -154.98 -33.14
v -10.95 -141.04 -2.60
v -19.59 -141.76 22.72
v -26.27 -152.00 33.65
v -24.78 -155.66 40.25
v -19.79 -155.99 50.04
v -75.34 165.94 172.74
v -46.18 262.35 194.32
v -47.37 537.84 -291.29
v -8.78 -146.44 227.07
v -8.57 -151.65 225.08
v -30.06 -150.34 226.56
v -6.54 -156.26 225.97
v -49.51 192.73 256.92
v -46.27 543.97 -291.13
v -62.88 -162.29 -237.60
v -75.59 207.10 -188.48
v -31.28 -155.07 -44.72
v -34.44 -144.16 34.72
v -25.85 -156.20 46.93
v -6.54 -156.26 225.97
v -40.13 -158.78 228.49
v -73.54 227.45 248.81
v -58.63 193.87 275.06
v -61.46 438.63 -263.72
v -65.60 -162.18 -233.24
v -48.24 202.81 -166.78
v -67.43 167.84 -76.01
v -30.42 -139.30 -63.72
v -31.57 -152.75 -61.81
v -31.57 -152.75 -61.81
v -38.48 209.53 167.07
v -36.30 -155.69 226.83
v -36.30 -155.69 226.83
v -36.62 -154.50 57.67
v -61.37 208.62 131.33
v -42.30 -146.60 227.97
v -61.17 197.48 252.33
v -69.84 247.97 -206.99
v -56.06 172.38 -104.15
v -39.83 -154.88 -61.95
v -40.78 -154.40 -51.33
v -40.43 -140.69 38.77
v -89.68 194.51 15.45
v -44.49 -151.09 46.08
v -42.66 -153.86 52.67
v -36.62 -154.50 57.67
v -57.52 211.26 144.09
v -54.30 191.20 271.06
v -65.74 -159.91 -241.81
v -75.58 168.06 -88.46
v -47.17 -152.49 -72.52
v -48.68 -141.95 -42.92
v -56.59 217.07 164.35
v -56.59 217.07 164.35
v -17.32 216.95 164.25
v -49.62 265.63 170.65
v -62.55 526.65 -290.20
v -65.38 383.95 -239.95
v -87.79 350.96 -231.32
v -51.00 -154.99 -65.15
v -56.21 -143.61 49.22
v -53.76 -153.36 68.64
v -66.15 509.39 -286.97
v -64.19 492.82 -281.58
v -65.28 223.55 -188.54
v -66.83 194.12 -163.00
v -57.67 -140.74 49.87
v -53.76 -153.36 68.64
v -65.39 187.45 165.68
v -110.16 178.52 -124.80
v -92.90 198.06 43.76
v -62.04 -151.13 58.72
v -66.99 207.14 165.42
v -83.70 169.42 167.76
v -104.10 258.31 210.32
v -97.73 -159.17 243.93
v -64.28 464.34 -271.63
v -144.11 -154.22 -245.16
v -102.99 320.64 -223.68
v -53.48 200.30 -167.41
v -95.59 184.30 -140.43
v -64.19 -154.04 -65.93
v -98.68 187.95 -21.78
v -123.15 204.67 89.30
v -87.69 264.69 172.97
v -92.26 234.01 244.85
v -95.77 -162.58 237.82
v -92.33 209.50 248.70
v -78.67 191.87 267.07
v -88.95 541.87 -288.67
v -138.10 -156.64 -244.34
v -65.74 -159.91 -241.81
v -72.49 231.58 -201.57
v -75.56 -155.15 -79.35
v -48.68 -141.95 -42.92
v -70.24 -153.68 74.74
v -88.19 243.51 234.82
v -113.61 416.79 -253.35
v -65.28 223.55 -188.54
v -75.34 -152.22 -94.79
v -69.36 -136.79 -93.37
v -75.34 -152.22 -94.79
v -71.41 -142.14 59.43
v -90.72 215.88 159.43
v -86.15 193.23 258.84
v -92.71 278.55 -213.58
v -82.15 229.60 -198.27
v -87.43 162.65 -185.78
v -95.15 200.11 -165.73
v -75.38 -152.57 -69.97
v -71.41 -142.14 59.43
v -81.40 -151.51 75.52
v -82.51 -153.57 92.91
v -82.51 -153.57 92.91
v -108.96 262.28 194.90
v -165.02 260.43 207.86
v -81.80 194.83 272.81
v -89.73 240.07 -204.27
v -72.49 231.58 -201.57
v -163.41 165.36 -188.95
v -99.96 171.53 -102.69
v -83.46 -154.70 -95.61
v -109.26 192.93 1.48
v -81.57 -144.79 69.01
v -126.73 202.28 69.42
v -83.23 -153.56 84.06
v -88.06 217.93 163.90
v -95.78 -160.56 231.41
v -85.88 202.68 250.23
v -108.09 538.94 -286.41
v -105.37 531.10 -286.89
v -116.76 527.12 -285.50
v -102.26 547.62 -283.73
v -106.84 487.95 -276.82
v -95.53 194.38 -160.09
v -91.92 -152.27 -108.71
v -105.56 167.08 -86.84
v -86.59 -144.02 -70.48
v -98.68 178.63 -50.87
v -88.06 217.93 163.90
v -89.37 228.10 248.02
v -103.86 197.88 252.86
v -110.93 245.97 -205.51
v -110.27 227.67 -188.89
v -120.07 228.28 -188.54
v -97.52 200.49 -167.29
v -90.22 -145.47 -111.28
v -91.92 -152.27 -108.71
v -86.05 -152.59 -78.55
v -105.38 169.12 -63.83
v -100.45 167.42 -75.28
v -108.11 182.21 -42.83
v -79.89 -140.81 66.76
v -104.69 205.54 164.46
v -110.66 -161.95 -237.47
v -99.37 -154.84 -98.61
v -93.18 -142.53 77.71
v -104.40 -144.09 88.55
v -101.68 186.19 165.00
v -97.43 174.50 166.32
v -113.27 193.90 268.52
v -116.48 509.00 -282.59
v -113.58 436.59 -261.22
v -115.52 394.06 -243.93
v -118.97 381.98 -240.05
v -176.19 -145.03 -242.07
v -135.92 -159.85 -241.83
v -135.92 -159.85 -241.83
v -111.10 -162.21 -234.02
v -100.62 229.89 -196.47
v -97.40 -154.71 -108.11
v -95.42 -144.32 -78.36
v -103.60 -151.47 94.99
v -100.27 -153.78 100.13
v -112.31 -153.56 117.47
v -128.00 211.13 139.89
v -130.22 -155.39 226.68
v -130.22 -155.39 226.68
v -107.66 234.94 -200.12
v -107.66 234.94 -200.12
v -104.92 -151.94 -95.30
v -93.18 -142.53 77.71
v -112.31 -153.56 117.47
v -116.66 465.00 -269.38
v -190.56 162.54 -185.87
v -111.28 -152.16 -127.35
v -111.28 -152.16 -127.35
v -107.36 -142.95 -87.81
v -167.09 166.37 185.02
v -129.25 264.60 172.93
v -132.85 210.44 247.55
v -124.35 194.07 259.57
v -120.97 355.29 -232.92
v -117.38 287.60 -215.86
v -120.07 228.28 -188.54
v -145.91 214.45 -188.34
v -114.68 -154.82 -123.49
v -119.62 179.20 -50.09
v -132.11 198.15 35.29
v -102.41 -140.99 86.36
v -110.80 -153.27 107.38
v -168.73 165.61 180.68
v -30.06 -150.34 226.56
v -126.06 251.04 223.67
v -143.28 244.28 235.53
v -133.92 -162.37 234.11
v -159.65 235.41 245.04
v -132.02 228.67 247.77
v -127.04 540.93 -282.93
v -135.53 195.20 -161.28
v -156.06 185.26 -141.80
v -116.95 -154.58 -115.05
v -143.71 167.22 -77.11
v -117.63 188.92 -22.47
v -121.73 192.46 -6.74
v -120.71 218.08 164.28
v -177.72 173.40 166.68
v -172.26 -150.23 226.75
v -172.26 -150.23 226.75
v -172.29 -158.90 227.97
v -128.83 546.44 -277.69
v -121.16 328.39 -226.25
v -120.18 314.05 -222.53
v -123.99 -151.84 -113.84
v -120.64 -143.32 -100.55
v -120.52 -141.19 102.62
v -129.24 -144.50 111.68
v -119.81 -153.29 117.03
v -120.71 218.08 164.28
v -176.72 263.83 183.44
v -149.30 240.50 240.33
v -121.29 498.56 -278.43
v -141.02 248.39 -192.51
v -122.81 238.16 -195.95
v -126.84 232.54 -189.37
v -126.84 232.54 -189.37
v -123.77 -152.89 -139.77
v -123.77 -152.89 -139.77
v -130.09 185.18 -40.90
v -125.71 -151.39 115.06
v -128.04 -153.42 126.14
v -135.46 195.03 265.46
v -139.53 542.49 -277.62
v -134.35 484.32 -270.24
v -141.13 430.79 -248.33
v -132.25 275.00 -205.74
v -132.85 -154.80 -142.39
v -135.29 -154.43 -132.89
v -140.16 -153.02 150.70
v -150.80 216.22 158.84
v -127.63 219.01 164.71
v -134.98 508.83 -278.48
v -139.07 451.88 -257.16
v -132.76 396.00 -237.26
v -126.65 384.96 -236.91
v -137.70 235.46 -187.74
v -149.66 199.69 -165.98
v -134.11 -152.54 -150.89
v -130.79 -142.45 -109.77
v -163.65 170.39 -104.91
v -134.60 182.84 -47.63
v -137.83 -153.33 137.06
v -140.16 -153.02 150.70
v -144.02 328.47 -213.72
v -134.64 232.61 -187.86
v -120.07 228.28 -188.54
v -134.11 -152.54 -150.89
v -168.06 178.43 -126.92
v -130.79 -142.45 -109.77
v -141.62 191.47 -25.53
v -133.97 218.11 163.39
v -127.63 219.01 164.71
v -135.46 195.03 265.46
v -141.78 410.93 -240.12
v -141.81 380.24 -228.18
v -140.28 354.81 -221.61
v -145.73 288.08 -203.14
v -134.64 232.61 -187.86
v -197.90 162.77 -188.42
v -147.58 -154.66 -159.22
v -141.81 -144.45 -122.91
v -151.67 190.73 -37.63
v -138.12 -140.89 119.91
v -142.96 -151.20 132.50
v -148.28 -153.64 150.07
v -156.92 252.59 222.35
v -154.63 228.69 247.18
v -147.74 525.01 -278.42
v -147.56 476.69 -263.72
v -173.76 -162.58 -239.29
v -167.52 200.19 -167.10
v -146.81 -152.62 -162.93
v -147.88 -151.74 -136.86
v -135.51 -142.48 -115.14
v -148.26 -145.23 131.17
v -164.28 217.73 165.51
v -159.38 187.37 165.65
v -187.76 169.25 167.48
v -180.04 -162.21 232.21
v -158.24 199.02 265.42
v -162.89 506.11 -270.25
v -149.32 349.70 -217.14
v -148.38 245.46 -189.05
v -154.24 236.60 -184.27
v -154.95 -155.70 -157.86
v -158.08 -154.79 -153.92
v -158.35 195.41 -8.37
v -149.87 -140.71 132.06
v -164.28 217.73 165.51
v -162.45 197.57 257.90
v -163.22 367.60 -220.48
v -162.63 356.25 -216.24
v -151.31 306.63 -205.94
v -151.59 275.44 -197.72
v -162.44 212.16 136.96
v -236.02 165.37 172.90
v -163.39 208.84 244.08
v -163.35 204.82 245.10
v -177.04 -159.68 243.77
v -166.81 198.83 252.44
v -158.17 521.22 -274.14
v -164.80 419.73 -238.52
v -155.03 234.40 -185.07
v -156.93 -155.70 -166.67
v -169.51 194.19 -158.16
v -157.11 -143.94 -137.14
v -164.97 200.98 42.19
v -169.87 -151.01 156.21
v -162.46 -152.80 155.06
v -165.47 -153.52 169.87
v -170.95 262.21 196.46
v -166.78 527.14 -270.21
v -162.34 526.26 -270.92
v -165.79 467.68 -256.28
v -165.45 449.13 -249.41
v -165.69 433.50 -243.58
v -164.24 402.73 -232.43
v -168.02 341.02 -210.49
v -171.20 269.85 -192.27
v -189.40 231.96 -188.38
v -156.93 -155.70 -166.67
v -180.87 195.46 -31.69
v -160.27 -143.46 140.77
v -187.81 264.48 175.31
v -181.05 -163.17 235.22
v -201.89 244.25 236.10
v -158.24 199.02 265.42
v -166.02 513.14 -270.24
v -170.24 314.47 -204.00
v -170.78 297.11 -199.71
v -168.04 242.61 -184.59
v -169.62 234.60 -181.28
v -166.74 191.40 -48.78
v -163.89 -141.80 144.13
v -184.94 216.25 150.92
v -170.84 -150.99 184.99
v -165.47 -153.52 169.87
v -193.02 -155.21 226.83
v -193.02 -155.21 226.83
v -171.26 230.55 245.19
v -172.78 513.21 -263.77
v -170.60 499.51 -262.56
v -173.76 -162.58 -239.29
v -169.68 236.36 -180.47
v -173.13 -156.19 -184.26
v -169.87 -155.79 -165.37
v -183.08 170.76 -106.05
v -170.97 -143.60 150.36
v -237.32 166.35 169.75
v -237.32 166.35 169.75
v -184.41 239.70 240.89
v -180.75 201.95 244.62
v -181.17 199.66 256.61
v -176.51 -157.49 -244.84
v -174.80 375.66 -212.27
v -172.01 261.98 -189.36
v -185.88 -158.39 -189.71
v -185.14 207.31 76.63
v -176.11 -141.69 155.36
v -179.53 -152.68 171.08
v -178.77 231.27 243.90
v -173.36 529.88 -261.30
v -177.31 522.59 -260.95
v -177.40 516.44 -262.65
v -175.57 495.16 -255.58
v -179.10 507.79 -258.63
v -166.38 537.01 -261.85
v -173.36 529.88 -261.30
v -177.05 481.13 -248.30
v -177.25 470.81 -243.82
v -177.14 460.51 -239.68
v -177.05 451.37 -235.55
v -177.02 424.98 -224.62
v -177.49 441.48 -230.52
v -178.06 411.49 -219.08
v -176.30 347.43 -204.78
v -221.64 231.81 -188.65
v -182.89 234.31 -173.58
v -179.02 -151.73 -164.19
v -188.22 193.87 -58.14
v -191.10 221.37 166.38
v -199.80 195.83 165.11
v -170.95 262.21 196.46
v -175.91 260.04 206.98
v -183.58 494.38 -251.36
v -180.08 522.33 -249.11
v -184.74 483.42 -246.16
v -181.78 -154.62 -247.28
v -180.94 -158.36 -246.73
v -184.39 466.65 -239.11
v -180.37 -162.55 -242.85
v -184.33 454.49 -233.80
v -180.37 -162.55 -242.85
v -180.20 -164.64 -236.89
v -184.93 444.63 -228.67
v -177.56 430.57 -226.26
v -184.45 413.21 -216.55
v -178.72 395.29 -211.47
v -179.19 381.94 -208.08
v -180.58 361.21 -203.64
v -179.94 354.31 -201.34
v -178.94 327.48 -199.74
v -184.43 303.09 -191.71
v -187.34 260.97 -180.13
v -185.40 243.32 -175.93
v -184.11 -155.80 -175.70
v -193.65 182.84 -135.47
v -192.43 172.73 -110.46
v -185.93 -144.42 165.50
v -191.10 221.37 166.38
v -190.00 213.90 165.23
v -184.53 -153.25 185.61
v -201.45 252.53 223.11
v -192.49 209.21 240.71
v -193.73 201.04 250.86
v -181.17 199.66 256.61
v -182.29 508.47 -255.69
v -177.31 522.59 -260.95
v -182.50 515.32 -249.18
v -182.29 508.47 -255.69
v -183.52 503.63 -234.46
v -184.31 428.60 -222.99
v -187.66 394.17 -206.96
v -188.19 382.71 -201.00
v -185.91 367.05 -201.71
v -184.43 354.38 -197.55
v -188.54 345.60 -199.15
v -186.99 335.33 -196.92
v -187.16 282.31 -185.61
v -211.28 200.91 -188.59
v -185.53 -156.49 -196.41
v -184.34 -144.79 -162.67
v -207.37 195.00 -159.06
v -211.94 216.76 136.04
v -193.59 -150.62 179.33
v -184.53 -153.25 185.61
v -202.63 258.10 210.71
v -185.25 499.66 -247.75
v -183.58 494.38 -251.36
v -184.74 483.42 -246.16
v -189.07 -149.09 -245.36
v -189.15 -155.46 -245.66
v -189.13 -158.38 -244.68
v -185.30 497.54 -235.53
v -186.62 476.05 -239.66
v -186.62 476.05 -239.66
v -186.81 473.09 -228.51
v -186.91 457.68 -230.88
v -187.03 443.42 -225.33
v -185.84 460.83 -216.57
v -187.58 430.26 -213.63
v -187.49 414.96 -214.82
v -187.49 414.96 -214.82
v -192.07 -144.44 -205.89
v -194.30 -154.63 -206.90
v -186.63 415.65 -195.60
v -189.30 362.11 -200.09
v -190.07 338.51 -197.51
v -193.74 308.89 -189.69
v -187.60 395.99 -187.81
v -193.29 -158.42 -193.73
v -198.90 -151.15 -181.44
v -205.70 200.61 -165.56
v -205.99 201.34 -167.07
v -206.88 196.86 -55.56
v -211.39 199.13 -23.27
v -187.74 -141.52 167.22
v -192.84 -152.57 184.47
v -195.27 260.83 200.50
v -195.27 260.83 200.50
v -196.21 -162.53 233.05
v -197.28 236.22 240.90
v -203.94 202.99 243.91
v -196.36 205.59 260.84
v -198.22 -162.19 -240.81
v -198.22 -162.19 -240.81
v -200.04 -163.26 -237.16
v -198.87 -162.73 -231.41
v -188.77 394.40 -202.58
v -187.66 394.17 -206.96
v -199.31 -141.71 -212.44
v -188.19 382.71 -201.00
v -200.58 -157.22 -211.78
v -204.09 367.81 -195.95
v -199.64 358.91 -195.45
v -200.58 -157.22 -211.78
v -189.83 385.46 -191.04
v -189.50 374.41 -191.54
v -194.68 331.83 -192.28
v -194.68 331.83 -192.28
v -186.99 335.33 -196.92
v -193.74 308.89 -189.69
v -197.37 291.80 -184.72
v -211.91 164.76 -189.27
v -200.20 253.12 -174.19
v -200.80 -156.23 -191.33
v -198.52 233.81 -169.12
v -200.79 194.24 -73.35
v -205.28 -149.53 227.11
v -205.28 -149.53 227.11
v -240.03 -159.15 227.53
v -196.09 205.93 240.88
v -187.43 -145.29 -242.54
v -208.30 -154.70 -219.31
v -202.50 338.92 -197.41
v -201.58 351.61 -189.51
v -197.65 329.26 -188.12
v -197.37 291.80 -184.72
v -201.39 273.42 -178.38
v -200.20 253.12 -174.19
v -196.81 -143.99 -172.93
v -198.13 340.32 -172.06
v -214.54 169.36 168.01
v -198.03 -142.68 176.85
v -231.93 166.21 185.95
v -202.99 -152.93 195.49
v -204.64 -153.46 206.58
v -207.09 -158.29 -215.43
v -205.24 363.92 -195.94
v -207.39 343.74 -196.89
v -201.13 332.14 -193.57
v -201.13 332.14 -193.57
v -190.07 338.51 -197.51
v -194.68 331.83 -192.28
v -211.49 353.52 -187.74
v -193.75 353.91 -191.30
v -193.75 353.91 -191.30
v -197.65 329.26 -188.12
v -203.31 327.67 -183.97
v -201.79 326.33 -181.39
v -201.79 326.33 -181.39
v -201.59 304.27 -181.69
v -200.67 285.91 -181.52
v -208.25 -143.82 -183.59
v -207.80 238.74 -165.76
v -204.75 244.31 -168.51
v -207.80 238.74 -165.76
v -201.45 332.60 -172.73
v -212.08 187.52 -141.35
v -200.50 175.29 -114.17
v -206.75 189.51 -93.43
v -210.79 214.66 111.72
v -207.54 223.91 164.91
v -208.25 262.37 177.45
v -208.71 -150.89 194.14
v -210.76 259.02 202.11
v -204.64 -153.46 206.58
v -214.19 239.73 237.00
v -212.49 233.08 238.17
v -215.09 210.11 236.27
v -214.80 205.35 238.75
v -217.07 205.08 250.43
v -217.07 205.08 250.43
v -243.79 -145.01 -241.83
v -208.57 -141.31 -219.44
v -207.09 -158.29 -215.43
v -204.77 327.81 -179.45
v -201.45 332.60 -172.73
v -201.79 326.33 -181.39
v -203.69 323.81 -175.99
v -203.69 323.81 -175.99
v -205.78 310.86 -171.76
v -208.20 290.71 -170.14
v -206.33 268.32 -173.55
v -205.78 310.86 -171.76
v -201.14 308.82 -160.40
v -213.53 194.11 -156.02
v -211.54 182.62 -127.51
v -215.37 193.20 -97.82
v -214.45 220.60 157.42
v -210.76 259.02 202.11
v -209.27 -152.53 217.59
v -238.03 -164.02 -237.12
v -218.03 -157.20 -216.33
v -215.62 -156.86 -210.83
v -221.54 337.14 -196.02
v -222.01 331.10 -193.86
v -214.65 329.83 -192.54
v -222.01 331.10 -193.86
v -214.98 -152.10 -198.99
v -201.79 326.33 -181.39
v -233.18 161.31 -174.35
v -208.20 290.71 -170.14
v -209.12 286.77 -166.38
v -211.40 268.97 -164.01
v -211.40 268.97 -164.01
v -210.80 249.29 -164.00
v -212.19 181.90 -118.17
v -227.71 189.99 165.34
v -214.43 252.16 221.33
v -239.34 -162.91 231.60
v -242.16 -159.37 243.85
v -243.96 -157.40 -244.65
v -245.54 -150.05 -244.88
v -215.76 -153.74 -224.05
v -221.45 -144.65 -223.78
v -215.32 -154.22 -222.05
v -208.30 -154.70 -219.31
v -215.32 -154.22 -222.05
v -219.73 358.30 -191.32
v -226.28 343.62 -194.14
v -223.05 353.11 -182.70
v -216.09 244.53 -164.45
v -210.80 249.29 -164.00
v -213.24 253.48 -160.66
v -214.79 246.55 -161.81
v -221.65 206.13 -166.68
v -218.68 205.71 -163.91
v -218.20 198.50 -158.15
v -219.27 191.88 -144.12
v -219.16 194.79 -103.28
v -226.74 213.67 67.28
v -214.86 223.32 163.07
v -228.75 165.08 180.29
v -219.29 258.33 179.91
v -222.92 -151.30 213.76
v -222.54 253.56 210.94
v -219.29 -152.42 218.39
v -219.29 -152.42 218.39
v -220.76 234.02 235.69
v -239.36 -163.67 235.79
v -222.61 -141.38 -222.86
v -223.77 -157.62 -223.90
v -215.76 -153.74 -224.05
v -222.98 -155.71 -220.85
v -216.67 -143.56 -193.75
v -229.67 368.02 -190.16
v -229.24 363.21 -190.71
v -221.11 -142.70 -198.43
v -221.68 327.46 -174.11
v -217.90 200.05 -34.19
v -219.51 201.79 -4.05
v -228.76 218.33 96.36
v -228.56 221.09 138.29
v -224.69 224.16 159.27
v -239.79 188.84 165.48
v -222.54 253.56 210.94
v -224.14 -147.33 208.63
v -239.96 -154.97 225.65
v -239.96 -154.97 225.65
v -223.20 207.40 234.38
v -241.11 -162.89 -240.26
v -241.11 -162.89 -240.26
v -229.83 231.92 -188.69
v -233.46 185.63 -189.15
v -229.34 161.64 -188.78
v -228.03 355.07 -185.60
v -223.05 353.11 -182.70
v -218.68 205.71 -163.91
v -227.15 208.82 -155.11
v -227.15 208.82 -155.11
v -228.16 203.34 -146.18
v -227.47 201.01 -138.96
v -216.68 252.98 -121.61
v -221.24 253.16 -99.24
v -223.02 195.41 -42.06
v -229.52 217.59 87.73
v -228.74 220.35 119.73
v -230.09 222.52 162.31
v -230.09 222.52 162.31
v -227.08 251.02 210.97
v -225.80 -143.04 208.67
v -225.80 -143.04 208.67
v -227.08 251.02 210.97
v -196.55 -146.65 228.25
v -240.30 -150.14 225.59
v -223.92 239.87 232.27
v -220.76 234.02 235.69
v -234.35 207.82 231.43
v -238.24 -163.26 -230.98
v -233.08 -152.93 -221.09
v -221.11 -142.70 -198.43
v -225.47 -141.61 -208.49
v -228.00 -144.34 -210.57
v -235.20 341.05 -192.77
v -237.66 330.83 -192.70
v -232.92 358.55 -187.73
v -235.29 166.01 -190.00
v -230.72 323.76 -177.90
v -234.61 162.75 -168.50
v -227.34 220.54 -157.43
v -228.95 234.05 -130.19
v -228.43 244.09 -104.22
v -228.17 202.25 -72.92
v -221.24 253.16 -99.24
v -227.48 248.07 -87.68
v -227.81 201.69 -55.69
v -227.58 191.88 -41.95
v -227.67 188.81 -9.91
v -224.76 189.26 -40.47
v -223.60 188.97 7.34
v -230.01 189.40 29.53
v -224.68 189.60 30.24
v -224.78 193.07 39.81
v -231.43 193.05 40.09
v -231.62 215.43 69.27
v -228.83 223.72 158.47
v -236.22 216.52 162.58
v -234.49 204.09 164.13
v -240.30 -150.14 225.59
v -230.54 209.16 247.12
v -237.66 330.83 -192.70
v -233.98 226.72 -188.67
v -232.73 233.04 -187.67
v -228.03 355.07 -185.60
v -233.02 354.79 -180.98
v -233.02 354.79 -180.98
v -229.94 210.65 -145.54
v -230.38 221.92 -139.28
v -228.16 203.34 -146.18
v -231.33 219.02 -130.11
v -230.98 228.35 -127.61
v -231.16 209.04 -113.52
v -230.38 205.20 -103.07
v -227.47 201.01 -138.96
v -232.17 232.10 -109.96
v -230.70 237.63 -108.25
v -232.34 225.84 -111.52
v -228.17 202.25 -72.92
v -233.01 220.50 -105.60
v -231.97 218.70 -103.09
v -232.18 234.76 -91.90
v -234.11 219.87 -91.15
v -230.80 241.77 -88.65
v -231.88 212.40 -78.68
v -231.89 244.73 -78.87
v -232.19 212.22 -63.72
v -227.81 201.69 -55.69
v -232.71 209.77 -40.31
v -229.74 197.89 -45.08
v -226.72 196.79 -51.16
v -226.11 194.20 -49.88
v -231.43 207.38 -31.41
v -227.58 191.88 -41.95
v -231.81 193.34 -32.29
v -231.81 193.34 -32.29
v -227.58 191.88 -41.95
v -233.21 209.19 -28.26
v -230.37 190.86 -24.65
v -232.26 189.17 2.95
v -232.67 191.12 27.37
v -231.59 208.83 35.04
v -232.48 212.50 47.35
v -228.49 208.63 40.65
v -231.59 208.83 35.04
v -233.11 195.51 35.70
v -231.43 193.05 40.09
v -233.30 219.45 84.12
v -231.77 252.24 121.74
v -235.32 196.59 -189.76
v -235.73 366.17 -187.22
v -235.15 321.72 -184.23
v -235.15 321.72 -184.23
v -233.27 315.93 -133.52
v -235.37 231.48 -81.77
v -236.49 236.39 -72.96
v -235.58 224.20 -82.91
v -235.89 220.07 -72.04
v -235.19 214.34 -57.71
v -236.11 212.15 -41.65
v -236.52 209.52 -4.05
v -232.26 189.17 2.95
v -236.52 209.52 -4.05
v -234.67 206.22 -0.30
v -236.69 206.71 -1.80
v -236.52 205.84 16.54
v -235.33 208.07 18.64
v -234.67 206.22 -0.30
v -232.67 191.12 27.37
v -233.58 205.54 22.89
v -235.88 212.83 29.13
v -236.29 216.61 43.13
v -232.48 212.50 47.35
v -236.54 220.43 64.04
v -236.54 220.43 64.04
v -236.54 220.43 64.04
v -237.23 243.48 65.75
v -235.72 223.14 83.21
v -233.72 242.59 86.03
v -235.27 228.85 85.47
v -235.72 223.14 83.21
v -233.30 219.45 84.12
v -236.53 218.68 85.19
v -236.53 218.68 85.19
v -234.67 242.08 103.74
v -235.55 230.71 93.30
v -236.22 244.68 119.63
v -238.74 200.86 163.19
v -236.68 214.48 212.75
v -241.75 212.22 216.86
v -248.65 341.37 -190.45
v -246.40 324.17 -190.35
v -237.41 261.71 -190.30
v -238.87 378.41 -183.91
v -233.78 324.11 -187.25
v -244.78 321.12 -188.63
v -246.40 324.17 -190.35
v -238.53 342.45 -142.33
v -236.13 330.19 -141.34
v -241.48 315.34 -142.06
v -237.57 316.65 -140.63
v -241.09 364.40 -136.34
v -235.71 314.64 -137.11
v -241.38 313.71 -140.37
v -237.45 298.49 -135.96
v -238.15 259.08 -116.40
v -242.98 263.73 -122.25
v -239.59 256.95 -117.71
v -241.97 425.66 -77.00
v -241.47 231.89 -61.97
v -241.49 438.76 -45.49
v -242.54 236.15 -43.46
v -244.44 439.18 -38.95
v -242.15 434.70 47.29
v -241.67 238.41 42.28
v -241.08 234.29 67.37
v -243.49 401.77 97.30
v -241.28 396.41 102.11
v -241.17 385.96 107.62
v -242.50 370.69 113.56
v -243.47 298.51 111.74
v -242.59 356.93 117.18
v -241.13 308.66 116.39
v -241.48 342.25 119.81
v -240.86 323.92 120.12
v -240.82 233.65 130.91
v -240.35 240.23 144.77
v -239.99 243.65 156.32
v -240.05 165.24 135.84
v -240.58 166.91 168.15
v -242.35 254.52 204.21
v -243.02 221.35 194.15
v -243.02 221.35 194.15
v -240.30 215.86 201.97
v -244.88 214.78 202.19
v -245.01 211.87 222.09
v -238.40 208.41 234.73
v -230.54 209.16 247.12
v -235.42 213.82 247.36
v -244.67 215.77 234.90
v -239.25 223.19 246.99
v -247.00 190.67 -201.37
v -245.83 145.27 -205.75
v -250.77 227.50 -197.04
v -246.43 300.91 -189.85
v -248.06 378.77 -184.10
v -241.09 364.40 -136.34
v -241.72 352.47 -140.38
v -245.45 353.30 -138.88
v -244.40 364.88 -136.07
v -246.64 314.51 -141.45
v -241.48 315.34 -142.06
v -241.38 313.71 -140.37
v -246.64 314.51 -141.45
v -241.38 313.71 -140.37
v -246.36 314.92 -138.07
v -246.36 314.92 -138.07
v -245.65 295.98 -136.69
v -239.22 265.08 -135.75
v -239.83 267.64 -139.03
v -243.35 378.26 -131.75
v -247.94 286.34 -133.00
v -240.24 261.46 -128.63
v -254.03 162.71 -168.11
v -239.12 162.94 -161.26
v -253.41 163.49 -75.58
v -241.68 252.59 -122.44
v -240.40 256.13 -119.56
v -242.81 255.65 -117.77
v -242.81 255.65 -117.77
v -242.81 255.65 -117.77
v -246.71 418.99 -86.78
v -241.97 433.03 -61.93
v -241.49 438.76 -45.49
v -247.85 439.12 -42.83
v -244.21 227.49 -48.56
v -244.49 224.57 -42.22
v -244.44 439.18 -38.95
v -241.51 442.17 -26.06
v -247.77 442.30 -19.68
v -243.23 442.40 0.93
v -245.15 223.06 8.93
v -245.88 220.72 -5.19
v -244.57 222.58 25.67
v -241.62 441.15 25.50
v -248.32 442.33 10.34
v -246.26 440.07 26.86
v -244.98 230.82 19.27
v -242.54 438.97 31.45
v -247.25 434.41 46.79
v -247.25 434.41 46.79
v -247.97 422.08 75.63
v -253.79 164.28 88.40
v -240.19 164.43 43.53
v -240.30 165.10 82.42
v -246.35 414.52 85.85
v -246.25 407.89 93.03
v -243.49 401.77 97.30
v -247.84 398.33 100.72
v -245.45 288.17 106.64
v -248.61 386.01 108.56
v -242.50 370.69 113.56
v -248.30 372.21 114.83
v -242.59 356.93 117.18
v -245.52 311.42 117.09
v -241.13 308.66 116.39
v -243.47 298.51 111.74
v -241.48 342.25 119.81
v -246.03 353.49 118.87
v -246.36 332.89 120.25
v -240.86 323.92 120.12
v -250.70 164.34 146.37
v -246.44 164.09 168.45
v -241.00 326.54 149.77
v -248.65 325.09 145.20
v -240.12 284.73 154.69
v -240.15 220.83 189.04
v -246.34 223.21 194.60
v -247.99 226.21 192.31
v -244.36 249.38 186.29
v -248.26 214.97 219.61
v -245.01 211.87 222.09
v -239.25 223.19 246.99
v -251.25 186.94 -201.85
v -252.18 144.56 -206.56
v -253.58 263.99 -192.46
v -250.06 368.68 -188.33
v -255.68 324.51 -189.08
v -245.45 353.30 -138.88
v -246.37 353.09 -140.49
v -247.23 343.84 -137.81
v -247.46 331.23 -140.24
v -246.64 314.51 -141.45
v -246.36 314.92 -138.07
v -248.47 375.83 -131.76
v -248.47 375.83 -131.76
v -244.40 364.88 -136.07
v -248.41 359.39 -133.83
v -249.01 311.06 -134.00
v -245.65 295.98 -136.69
v -249.22 297.28 -133.52
v -247.94 286.34 -133.00
v -248.34 390.80 -124.48
v -243.65 393.02 -124.42
v -243.35 378.26 -131.75
v -243.07 276.65 -130.86
v -248.80 279.69 -125.66
v -242.93 268.46 -125.97
v -248.84 265.86 -119.01
v -249.86 404.72 -116.99
v -246.12 409.82 -115.15
v -243.65 393.02 -124.42
v -242.80 291.97 -117.34
v -242.98 263.73 -122.25
v -243.53 247.67 -111.72
v -249.91 413.67 -111.76
v -246.12 409.82 -115.15
v -242.81 255.65 -117.77
v -245.07 234.81 -106.03
v -248.58 226.24 -102.63
v -249.61 400.89 -106.73
v -250.33 260.03 -109.78
v -245.66 251.45 -108.94
v -243.53 247.67 -111.72
v -250.87 254.94 -102.26
v -248.09 242.71 -94.48
v -248.09 242.71 -94.48
v -248.29 232.42 -92.53
v -249.61 400.89 -106.73
v -249.17 235.87 -83.83
v -239.74 164.13 -50.21
v -250.49 441.66 -42.08
v -246.64 227.40 -18.34
v -246.58 230.53 3.15
v -249.97 444.95 11.20
v -250.49 445.38 -23.71
v -248.89 440.78 28.84
v -249.90 436.20 48.34
v -244.71 430.06 56.05
v -248.68 430.11 59.03
v -244.44 425.88 66.03
v -248.90 425.91 68.86
v -247.97 422.08 75.63
v -246.35 414.52 85.85
v -251.09 420.28 86.33
v -251.09 420.28 86.33
v -246.35 414.52 85.85
v -249.30 414.03 89.31
v -246.25 407.89 93.03
v -250.73 412.61 94.02
v -250.69 407.92 99.02
v -248.17 297.31 112.98
v -242.83 268.07 108.50
v -252.18 275.22 110.08
v -248.53 311.18 118.56
v -248.88 358.64 119.31
v -250.90 356.05 123.87
v -249.52 332.64 122.84
v -249.73 364.79 142.59
v -250.53 163.59 167.34
v -248.12 243.62 207.52
v -244.36 249.38 186.29
v -247.01 239.18 189.15
v -247.99 226.21 192.31
v -249.36 228.94 198.32
v -246.34 223.21 194.60
v -248.12 243.62 207.52
v -249.67 221.86 205.78
v -244.88 214.78 202.19
v -248.26 214.97 219.61
v -247.80 244.07 220.58
v -247.72 227.17 233.68
v -256.97 181.27 -201.42
v -257.04 219.32 -196.72
v -257.54 246.14 -193.07
v -255.67 354.45 -187.55
v -256.58 286.45 -188.96
v -255.34 375.65 -182.51
v -254.63 319.60 -187.18
v -249.32 359.87 -142.24
v -249.32 359.87 -142.24
v -253.80 367.16 -151.77
v -252.85 358.01 -147.17
v -253.51 284.84 -146.36
v -252.54 260.68 -145.55
v -252.47 235.57 -147.94
v -252.53 224.15 -145.79
v -251.88 217.61 -132.73
v -249.56 364.96 -127.41
v -249.52 303.76 -126.93
v -250.61 290.47 -125.00
v -254.86 163.21 -153.57
v -250.15 381.00 -124.99
v -251.15 389.72 -120.52
v -250.55 272.78 -117.67
v -251.46 216.06 -107.14
v -252.35 397.41 -115.31
v -251.06 264.14 -106.52
v -248.31 422.21 -105.86
v -253.23 415.78 -103.35
v -252.35 410.56 -103.67
v -251.66 429.00 -98.15
v -254.26 424.49 -97.33
v -251.59 410.68 -99.05
v -248.56 256.77 -91.95
v -247.61 269.18 -104.73
v -251.67 252.88 -95.53
v -253.14 244.63 -86.76
v -253.62 427.16 -88.64
v -249.17 235.87 -83.83
v -256.37 236.20 -75.33
v -251.32 225.78 -72.10
v -252.18 218.85 -80.34
v -252.94 429.88 -80.76
v -251.47 230.49 -72.94
v -251.47 230.49 -72.94
v -252.56 434.19 -71.21
v -252.11 221.35 -64.11
v -252.64 438.60 -55.83
v -252.25 443.16 -41.86
v -251.96 217.67 -52.57
v -252.05 211.73 -41.27
v -253.83 214.84 -40.65
v -251.87 447.39 -22.36
v -251.43 448.39 9.53
v -254.69 164.15 -53.73
v -254.51 164.54 39.68
v -251.43 448.39 9.53
v -249.97 444.95 11.20
v -252.15 445.44 10.87
v -251.36 455.78 12.80
v -252.00 452.31 16.73
v -251.99 450.27 36.65
v -251.28 444.57 34.87
v -252.15 445.44 10.87
v -251.64 441.23 41.19
v -251.86 447.26 40.02
v -251.83 445.15 50.95
v -252.92 436.74 48.86
v -251.88 441.25 62.46
v -251.28 435.98 62.74
v -250.88 432.82 64.17
v -251.51 438.40 66.27
v -250.92 429.85 72.22
v -251.51 436.64 77.11
v -248.24 439.43 79.41
v -251.10 426.44 79.74
v -248.45 431.89 91.28
v -251.71 429.69 88.03
v -252.60 415.05 89.72
v -251.77 421.93 97.41
v -251.96 410.54 107.59
v -250.84 401.53 103.00
v -250.90 395.49 108.54
v -252.09 277.30 106.96
v -252.09 277.30 106.96
v -250.92 264.74 96.34
v -249.95 268.26 105.99
v -249.95 268.26 105.99
v -252.18 275.22 110.08
v -254.60 267.66 108.31
v -251.03 387.64 114.76
v -251.25 378.81 116.81
v -251.37 395.70 114.60
v -251.03 387.64 114.76
v -251.24 386.88 119.11
v -251.47 368.75 121.01
v -252.24 294.90 120.01
v -251.47 322.87 125.63
v -252.13 305.01 123.98
v -251.17 352.88 125.78
v -253.03 328.09 126.05
v -254.05 317.61 127.35
v -255.96 164.90 159.24
v -255.70 374.96 145.72
v -255.70 374.96 145.72
v -249.73 364.79 142.59
v -253.40 363.12 143.38
v -251.75 324.48 145.17
v -249.73 364.79 142.59
v -254.36 163.99 168.59
v -251.34 226.49 218.61
v -260.12 151.55 -202.52
v -261.28 189.44 -197.53
v -261.86 245.37 -190.05
v -259.64 368.00 -182.82
v -260.60 319.93 -184.06
v -255.34 375.65 -182.51
v -253.79 207.36 -165.67
v -254.58 211.03 -167.54
v -254.33 183.15 -170.02
v -255.12 176.66 -171.47
v -255.52 164.78 -171.89
v -253.78 243.74 -163.74
v -254.86 163.21 -153.57
v -255.45 284.41 -159.08
v -255.68 303.64 -149.26
v -253.09 206.58 -141.16
v -255.63 329.10 -150.39
v -253.81 189.82 -121.60
v -257.30 400.64 -116.89
v -253.71 394.46 -118.80
v -257.02 387.01 -122.08
v -257.30 400.64 -116.89
v -253.08 403.19 -113.73
v -253.66 396.87 -108.54
v -254.26 424.49 -97.33
v -253.23 415.78 -103.35
v -258.20 420.89 -102.09
v -254.30 179.08 -56.39
v -252.18 433.69 -92.83
v -255.16 416.29 -88.85
v -253.62 427.16 -88.64
v -252.27 249.99 -85.27
v -252.13 442.05 -79.13
v -252.18 433.69 -92.83
v -254.89 432.65 -85.98
v -255.73 244.34 -80.13
v -253.41 421.90 -83.87
v -253.53 427.04 -74.30
v -256.42 427.80 -71.18
v -252.43 447.64 -66.05
v -253.79 431.75 -64.75
v -257.22 234.05 -69.52
v -256.78 226.20 -62.85
v -256.74 431.60 -63.11
v -252.11 221.35 -64.11
v -254.04 219.88 -54.33
v -253.87 436.16 -51.73
v -256.89 436.17 -49.66
v -257.05 221.68 -53.20
v -251.96 217.67 -52.57
v -253.83 214.84 -40.65
v -257.66 216.33 -37.68
v -253.89 439.87 -34.41
v -252.75 210.41 -29.74
v -255.83 213.45 -10.85
v -255.83 213.45 -10.85
v -253.63 442.29 -22.63
v -257.05 442.66 -19.71
v -254.38 210.78 -14.34
v -258.60 215.83 -11.29
v -253.63 205.07 -2.50
v -254.08 442.95 3.34
v -260.93 216.40 -8.35
v -254.14 211.45 20.93
v -260.93 216.40 -8.35
v -260.30 216.26 18.86
v -253.16 441.10 27.87
v -258.90 443.42 16.22
v -255.15 214.52 26.84
v -257.68 440.09 31.19
v -254.05 439.31 30.61
v -256.05 219.34 44.01
v -255.50 217.26 51.99
v -261.31 220.17 25.86
v -252.92 436.74 48.86
v -257.68 440.09 31.19
v -256.73 435.38 49.68
v -255.71 227.44 59.92
v -254.83 207.31 84.40
v -256.93 430.82 61.93
v -256.90 426.27 71.61
v -259.29 232.59 59.25
v -254.97 232.88 75.01
v -258.68 422.65 77.26
v -256.30 418.23 84.03
v -255.81 412.54 90.86
v -254.63 249.05 93.20
v -255.24 238.34 80.34
v -256.23 406.87 96.02
v -256.87 399.53 100.71
v -255.08 262.65 102.85
v -254.89 256.76 92.48
v -252.94 393.95 105.29
v -256.87 399.53 100.71
v -252.94 393.95 105.29
v -258.40 393.94 105.07
v -253.71 385.72 109.90
v -258.64 386.11 109.57
v -254.97 264.22 111.95
v -255.86 377.00 113.61
v -254.75 239.57 147.71
v -253.07 378.71 114.53
v -259.24 362.76 118.11
v -254.67 282.23 113.32
v -254.67 282.23 113.32
v -255.39 274.90 115.52
v -254.60 267.66 108.31
v -254.47 363.81 118.57
v -255.32 352.45 120.58
v -255.85 285.39 121.03
v -256.52 305.36 123.90
v -252.13 305.01 123.98
v -257.63 297.94 123.96
v -255.77 290.54 122.16
v -255.77 290.54 122.16
v -254.98 278.70 133.34
v -254.05 317.61 127.35
v -254.74 279.15 147.17
v -254.85 302.01 133.22
v -250.72 303.27 142.53
v -252.16 306.93 137.44
v -250.92 302.95 145.68
v -254.90 204.39 163.25
v -261.07 378.04 151.67
v -262.11 335.96 149.70
v -250.92 302.95 145.68
v -254.74 279.15 147.17
v -254.86 291.55 149.03
v -256.00 258.76 155.75
v -256.59 277.34 152.31
v -256.00 258.76 155.75
v -255.02 232.72 159.48
v -255.82 235.66 162.82
v -261.30 221.45 168.87
v -255.82 235.66 162.82
v -255.87 187.23 167.63
v -255.87 187.23 167.63
v -255.96 164.90 159.24
v -256.69 167.19 170.59
v -265.74 154.74 -197.30
v -262.00 343.33 -183.08
v -262.40 319.38 -182.38
v -263.55 287.43 -183.24
v -263.55 287.43 -183.24
v -261.86 245.37 -190.05
v -265.38 259.45 -183.81
v -259.75 377.54 -176.21
v -264.50 366.81 -176.28
v -259.64 368.00 -182.82
v -262.00 343.33 -183.08
v -261.51 374.53 -162.33
v -264.27 316.42 -138.40
v -262.65 362.64 -130.22
v -261.97 384.20 -122.13
v -257.02 387.01 -122.08
v -259.48 373.26 -126.95
v -257.30 400.64 -116.89
v -260.51 427.79 -73.17
v -260.10 432.09 -64.82
v -256.81 238.15 -62.53
v -258.92 229.55 -57.21
v -256.72 234.40 -50.43
v -259.20 228.39 -48.19
v -259.44 223.99 -46.61
v -257.88 229.31 -40.94
v -262.16 215.75 -40.19
v -259.12 213.48 -38.84
v -261.00 211.97 -38.66
v -259.18 224.62 -34.90
v -259.71 220.13 -32.75
v -257.57 226.24 -24.04
v -259.12 213.48 -38.84
v -259.04 444.91 -8.33
v -259.07 224.00 -10.83
v -259.71 220.13 -32.75
v -260.84 222.12 -11.47
v -261.82 446.78 -20.11
v -262.13 446.72 19.88
v -255.03 166.95 41.31
v -254.51 164.54 39.68
v -262.13 446.72 19.88
v -259.04 444.91 -8.33
v -258.90 443.42 16.22
v -261.14 217.36 7.90
v -261.16 442.31 34.42
v -257.68 440.09 31.19
v -260.89 225.24 35.33
v -260.42 436.93 51.02
v -256.73 435.38 49.68
v -257.84 238.42 50.30
v -260.01 236.77 53.62
v -256.93 430.82 61.93
v -260.97 431.69 64.35
v -257.67 241.82 59.04
v -260.12 237.18 62.85
v -259.63 241.01 65.27
v -256.90 426.27 71.61
v -257.37 245.67 70.21
v -260.80 426.77 73.99
v -258.68 422.65 77.26
v -257.68 242.28 77.01
v -257.61 247.31 82.29
v -255.89 166.38 96.46
v -255.37 250.93 78.91
v -256.30 418.23 84.03
v -260.61 418.53 86.42
v -255.81 412.54 90.86
v -260.36 413.59 92.51
v -256.23 406.87 96.02
v -260.52 407.62 97.72
v -256.87 399.53 100.71
v -260.49 375.48 115.66
v -262.42 356.03 120.77
v -262.42 356.03 120.77
v -264.43 336.75 121.55
v -257.63 297.94 123.96
v -260.39 302.72 121.39
v -257.63 297.94 123.96
v -262.23 297.95 123.15
v -258.35 298.44 126.65
v -257.63 297.94 123.96
v -255.77 290.54 122.16
v -257.63 297.94 123.96
v -258.35 298.44 126.65
v -262.83 299.92 125.43
v -262.23 297.95 123.15
v -261.72 367.73 147.72
v -261.53 292.29 155.71
v -259.87 264.63 160.80
v -267.04 262.79 169.32
v -256.69 167.19 170.59
v -266.76 197.39 -190.32
v -265.74 154.74 -197.30
v -267.89 152.39 -192.51
v -266.76 197.39 -190.32
v -266.35 232.12 -185.66
v -259.75 377.54 -176.21
v -265.38 321.00 -176.82
v -262.40 319.38 -182.38
v -266.14 273.27 -177.41
v -266.45 229.99 -177.25
v -266.80 195.54 -178.27
v -266.73 163.08 -182.00
v -265.28 368.55 -171.65
v -260.56 378.18 -170.49
v -265.86 322.28 -172.74
v -265.97 273.64 -172.81
v -265.57 236.46 -173.15
v -265.36 363.70 -167.50
v -265.19 322.64 -167.47
v -266.93 345.60 -134.10
v -263.69 346.67 -135.55
v -264.27 316.42 -138.40
v -268.98 311.59 -136.29
v -268.98 311.59 -136.29
v -264.27 316.42 -138.40
v -261.48 306.21 -136.06
v -266.19 296.92 -135.00
v -265.71 359.86 -130.30
v -262.65 362.64 -130.22
v -264.78 292.94 -132.35
v -265.28 372.30 -124.72
v -265.35 387.64 -118.82
v -267.42 270.38 -121.74
v -266.16 252.73 -107.93
v -258.80 413.48 -108.55
v -267.16 243.84 -99.86
v -270.27 235.03 -90.89
v -270.47 229.11 -81.37
v -263.40 434.19 -73.10
v -263.40 434.19 -73.10
v -263.49 226.49 -68.45
v -263.39 437.47 -64.97
v -264.74 222.43 -62.02
v -263.05 440.77 -56.26
v -262.78 446.27 -41.03
v -262.78 446.27 -41.03
v -263.05 440.77 -56.26
v -262.02 442.40 -41.37
v -262.34 450.74 -23.06
v -262.34 450.74 -23.06
v -261.82 446.78 -20.11
v -266.07 207.38 -32.15
v -262.86 207.05 -21.74
v -268.72 204.75 -3.29
v -261.13 454.85 8.23
v -262.91 450.91 23.01
v -262.91 450.91 23.01
v -260.58 223.17 7.95
v -260.84 222.12 -11.47
v -265.21 207.18 21.82
v -260.55 227.53 23.39
v -262.92 446.41 40.37
v -264.91 213.99 40.61
v -265.21 207.18 21.82
v -270.86 207.79 29.75
v -262.64 442.45 46.10
v -262.80 440.52 55.88
v -262.89 435.61 68.68
v -262.58 428.40 83.28
v -262.49 426.98 79.97
v -262.93 416.71 94.80
v -258.81 422.14 98.43
v -262.98 399.93 106.34
v -258.40 393.94 105.07
v -258.64 386.11 109.57
v -263.12 388.52 114.29
v -260.49 375.48 115.66
v -270.36 299.44 113.83
v -264.15 362.38 121.74
v -264.15 362.38 121.74
v -267.62 317.74 120.34
v -264.43 336.75 121.55
v -265.21 316.56 118.93
v -260.73 382.26 124.18
v -264.43 336.75 121.55
v -266.11 333.88 123.62
v -259.11 376.53 127.49
v -260.26 371.13 128.64
v -260.39 359.63 131.03
v -262.83 299.92 125.43
v -266.70 366.60 154.15
v -266.59 329.20 156.66
v -266.58 302.80 160.96
v -266.99 280.46 167.30
v -265.57 372.38 164.12
v -265.65 363.54 168.12
v -267.30 218.35 175.49
v -267.81 188.45 178.59
v -266.15 272.10 178.36
v -267.19 154.76 182.57
v -266.26 228.39 187.94
v -267.46 198.66 -185.06
v -267.87 162.28 -186.15
v -272.24 296.01 -132.66
v -272.24 296.01 -132.66
v -268.75 337.28 -131.76
v -265.71 359.86 -130.30
v -266.93 345.60 -134.10
v -266.92 357.81 -126.07
v -268.05 342.33 -128.70
v -268.75 337.28 -131.76
v -267.76 328.25 -127.91
v -267.76 328.25 -127.91
v -266.39 371.50 -120.91
v -265.28 372.30 -124.72
v -266.05 350.55 -124.79
v -265.35 387.64 -118.82
v -264.11 364.15 -119.09
v -263.70 349.49 -123.21
v -265.42 392.41 -112.98
v -265.35 382.33 -114.95
v -263.31 404.48 -111.91
v -274.07 250.54 -106.63
v -264.51 409.47 -104.50
v -264.10 398.72 -107.51
v -267.16 243.84 -99.86
v -272.13 242.88 -99.65
v -263.80 415.78 -95.05
v -270.27 235.03 -90.89
v -263.39 425.34 -82.00
v -273.87 218.05 -61.52
v -272.99 211.53 -45.06
v -272.99 211.53 -45.06
v -275.02 208.57 -32.56
v -273.83 205.84 -16.30
v -273.77 206.33 17.86
v -270.86 207.79 29.75
v -272.49 220.79 30.54
v -274.19 212.47 42.17
v -274.44 217.40 53.14
v -268.99 223.12 61.47
v -273.56 226.36 68.11
v -272.39 271.23 98.98
v -267.62 317.74 120.34
v -265.21 316.56 118.93
v -270.36 299.44 113.83
v -267.85 363.75 162.19
v -268.01 318.86 165.90
v -265.65 363.54 168.12
v -267.38 339.47 167.55
v -265.26 315.11 174.35
v -266.81 294.20 173.17
v -267.99 256.34 172.52
v -266.15 272.10 178.36
v -268.23 225.42 178.81
v -266.06 246.30 184.15
v -266.26 228.39 187.94
v -268.15 211.96 185.29
v -268.72 178.80 184.92
v -268.77 149.17 187.75
v -266.46 198.37 191.96
v -268.53 177.02 190.60
v -267.63 161.86 194.61
v -266.28 144.65 199.26
v -268.98 -433.46 255.53
v -268.86 -476.27 262.13
v -274.65 -455.20 263.31
v -274.12 -487.26 268.41
v -269.87 -514.86 268.77
v -275.55 276.95 -122.91
v -275.55 276.95 -122.91
v -270.75 301.00 -122.41
v -274.80 293.09 -121.47
v -277.49 262.14 -111.60
v -277.50 244.18 -97.69
v -275.56 236.37 -91.33
v -275.56 236.37 -91.33
v -272.13 242.88 -99.65
v -275.90 227.99 -78.66
v -275.91 223.15 -69.28
v -273.87 218.05 -61.52
v -279.16 214.09 -45.16
v -277.47 207.94 3.31
v -274.19 212.47 42.17
v -279.93 218.64 47.98
v -274.19 212.47 42.17
v -274.44 217.40 53.14
v -272.39 271.23 98.98
v -270.40 257.11 87.70
v -270.50 279.39 104.13
v -270.36 299.44 113.83
v -270.70 290.65 109.87
v -272.90 277.36 115.34
v -274.37 -417.95 257.37
v -275.96 -442.06 263.42
v -275.81 -497.56 273.29
v -274.49 -373.25 273.80
v -273.92 -522.27 275.63
v -270.15 -538.07 273.19
v -274.10 -534.10 280.27
v -275.98 -537.52 289.80
v -274.75 -499.83 292.07
v -274.47 -539.39 294.83
v -277.43 274.86 -113.88
v -278.30 267.50 -112.07
v -277.49 262.14 -111.60
v -279.03 233.50 -83.65
v -279.03 233.50 -83.65
v -275.56 236.37 -91.33
v -275.90 227.99 -78.66
v -280.70 226.26 -64.76
v -275.91 223.15 -69.28
v -279.80 219.62 -56.85
v -280.12 210.91 -22.42
v -280.53 213.30 25.77
v -280.53 213.30 25.77
v -277.87 280.44 111.14
v -275.53 280.92 115.73
v -277.87 280.44 111.14
v -278.63 270.52 107.59
v -275.53 280.92 115.73
v -277.08 -321.29 259.41
v -276.85 -317.37 253.64
v -277.52 -346.93 260.84
v -274.52 -345.52 248.86
v -277.21 -370.39 257.83
v -278.09 -382.63 263.25
v -274.88 -392.36 254.76
v -277.11 -418.67 263.17
v -274.34 -302.97 263.12
v -276.25 -350.99 267.68
v -278.39 -384.10 268.28
v -278.91 -410.59 270.55
v -274.49 -373.25 273.80
v -277.91 -388.23 271.49
v -279.40 -447.48 275.50
v -278.55 -474.66 276.56
v -277.91 -388.23 271.49
v -278.21 -418.36 277.07
v -278.04 -495.66 280.44
v -277.29 -460.82 283.94
v -277.96 -489.67 284.68
v -277.96 -489.67 284.68
v -277.19 257.83 -98.08
v -280.29 239.76 -87.15
v -277.50 244.18 -97.69
v -280.47 233.18 -75.96
v -279.03 233.50 -83.65
v -277.73 244.83 -85.15
v -279.18 234.02 -71.92
v -280.70 226.26 -64.76
v -278.29 228.25 -58.56
v -281.10 218.98 -46.73
v -281.10 218.98 -46.73
v -279.80 219.62 -56.85
v -279.80 219.62 -56.85
v -279.16 214.09 -45.16
v -281.04 214.52 -32.37
v -281.04 214.52 -32.37
v -280.12 210.91 -22.42
v -280.53 213.30 25.77
v -279.25 223.49 41.54
v -279.93 218.64 47.98
v -280.83 224.75 56.15
v -280.83 224.75 56.15
v -280.18 242.02 79.04
v -278.71 235.22 77.46
v -279.98 242.69 83.24
v -278.61 255.79 98.31
v -278.63 270.52 107.59
v -283.09 -158.65 225.26
v -278.69 -163.90 233.50
v -287.73 -162.06 232.29
v -281.66 -152.33 220.69
v -289.88 -150.03 225.84
v -288.98 -154.89 225.58
v -281.66 -152.33 220.69
v -288.98 -154.89 225.58
v -281.69 -136.71 237.23
v -288.45 -151.81 -242.77
v -290.98 -157.10 -237.44
v -295.26 -144.40 232.91
v -296.59 -151.54 232.27
v -296.29 -148.48 -232.48
v -295.85 -149.58 -235.53
v -290.98 -157.10 -237.44
v -296.59 -151.54 232.27
vt 0.48825 0.23179
vt 0.49616 0.23142
vt 0.48777 0.23072
vt 0.86599 0.33872
vt 0.86414 0.33773
vt 0.86876 0.32796
vt 0.86673 0.32168
vt 0.86887 0.32117
vt 0.87054 0.32477
vt 0.46304 0.47271
vt 0.46354 0.47996
vt 0.47244 0.47188
vt 0.47111 0.44717
vt 0.46710 0.45466
vt 0.47354 0.45149
vt 0.47969 0.60402
vt 0.48492 0.61181
vt 0.49322 0.61049
vt 0.48808 0.56513
vt 0.47437 0.58020
vt 0.48453 0.57685
vt 0.48899 0.62776
vt 0.48423 0.62642
vt 0.48666 0.62915
vt 0.48491 0.62828
vt 0.48862 0.62232
vt 0.48756 0.62173
vt 0.48164 0.62069
vt 0.48064 0.54153
vt 0.48614 0.54434
vt 0.48454 0.52928
vt 0.48056 0.49987
vt 0.47863 0.48321
vt 0.46510 0.49567
vt 0.46369 0.46302
vt 0.47564 0.45967
vt 0.46923 0.45718
vt 0.47781 0.52114
vt 0.47929 0.53173
vt 0.46520 0.51099
vt 0.47265 0.51974
vt 0.48300 0.51507
vt 0.49200 0.59690
vt 0.48725 0.55335
vt 0.47108 0.56150
vt 0.47021 0.54583
vt 0.46860 0.53898
vt 0.46365 0.45644
vt 0.46423 0.44856
vt 0.49087 0.62426
vt 0.23522 0.89792
vt 0.23522 0.88991
vt 0.23439 0.89658
vt 0.47857 0.59263
vt 0.49289 0.62007
vt 0.49287 0.61566
vt 0.46698 0.44345
vt 0.46300 0.44538
vt 0.46401 0.44350
vt 0.31968 0.73619
vt 0.31813 0.73260
vt 0.31504 0.73388
vt 0.52181 0.53098
vt 0.52248 0.52482
vt 0.51887 0.52764
vt 0.33306 0.55524
vt 0.33464 0.56337
vt 0.32999 0.56470
vt 0.95500 0.21337
vt 0.95447 0.21544
vt 0.95545 0.21817
vt 0.13177 0.70314
vt 0.12817 0.70002
vt 0.12849 0.70234
vt 0.69503 0.98347
vt 0.69188 0.98618
vt 0.69734 0.98653
vt 0.69271 0.98996
vt 0.47502 0.39286
vt 0.46939 0.39295
vt 0.47477 0.38711
vt 0.46724 0.39002
vt 0.46640 0.38912
vt 0.66532 0.59415
vt 0.67313 0.59294
vt 0.65781 0.59112
vt 0.66805 0.59179
vt 0.66210 0.58884
vt 0.65776 0.58993
vt 0.65682 0.59221
vt 0.65438 0.58701
vt 0.64892 0.58808
vt 0.64973 0.59039
vt 0.64902 0.58576
vt 0.64443 0.58522
vt 0.63872 0.58490
vt 0.64059 0.58696
vt 0.63448 0.58090
vt 0.63938 0.58129
vt 0.63301 0.58207
vt 0.63271 0.57782
vt 0.62191 0.57101
vt 0.13674 0.95648
vt 0.13482 0.95846
vt 0.15112 0.94996
vt 0.13868 0.95877
vt 0.62073 0.56725
vt 0.12445 0.96096
vt 0.36095 0.99400
vt 0.35704 0.99560
vt 0.34679 0.99400
vt 0.12371 0.95930
vt 0.12098 0.96412
vt 0.12148 0.96574
vt 0.11693 0.96286
vt 0.11693 0.96061
vt 0.11199 0.96129
vt 0.11106 0.96571
vt 0.10954 0.96306
vt 0.11704 0.96724
vt 0.10602 0.96382
vt 0.10893 0.96773
vt 0.10286 0.96210
vt 0.10098 0.96578
vt 0.09958 0.96370
vt 0.10456 0.96857
vt 0.09558 0.96268
vt 0.09473 0.96670
vt 0.09721 0.96918
vt 0.08663 0.96444
vt 0.08530 0.96180
vt 0.09096 0.96067
vt 0.08974 0.96849
vt 0.08495 0.96299
vt 0.08548 0.96767
vt 0.08127 0.96417
vt 0.07492 0.95992
vt 0.07540 0.96127
vt 0.68785 0.59391
vt 0.67923 0.59476
vt 0.68101 0.59756
vt 0.68488 0.59264
vt 0.67947 0.59187
vt 0.67538 0.59768
vt 0.66836 0.59658
vt 0.59055 0.92354
vt 0.58527 0.92130
vt 0.58096 0.92215
vt 0.67037 0.58971
vt 0.65526 0.59479
vt 0.66095 0.59618
vt 0.65017 0.59332
vt 0.10352 0.98301
vt 0.10835 0.98568
vt 0.10969 0.98374
vt 0.64302 0.59065
vt 0.63835 0.58870
vt 0.64392 0.58195
vt 0.63214 0.58574
vt 0.11532 0.11089
vt 0.11865 0.11269
vt 0.11679 0.11715
vt 0.11823 0.11851
vt 0.11631 0.12469
vt 0.62579 0.58106
vt 0.11758 0.12321
vt 0.11865 0.12749
vt 0.11776 0.14051
vt 0.14452 0.98740
vt 0.15064 0.98782
vt 0.15424 0.98609
vt 0.71413 0.68735
vt 0.71399 0.69194
vt 0.71649 0.68964
vt 0.71649 0.69616
vt 0.17060 0.98377
vt 0.17425 0.98550
vt 0.17433 0.98118
vt 0.53747 0.84003
vt 0.53414 0.83825
vt 0.53026 0.84098
vt 0.52829 0.83834
vt 0.52538 0.83994
vt 0.52227 0.83812
vt 0.51986 0.84107
vt 0.07896 0.95745
vt 0.07848 0.95888
vt 0.08526 0.96038
vt 0.08095 0.96717
vt 0.07275 0.95648
vt 0.07773 0.96555
vt 0.69035 0.94075
vt 0.69211 0.93578
vt 0.69234 0.94435
vt 0.07441 0.96410
vt 0.06481 0.95596
vt 0.06744 0.95530
vt 0.06604 0.95940
vt 0.42525 0.49569
vt 0.42618 0.49900
vt 0.42522 0.50295
vt 0.06734 0.96121
vt 0.69709 0.59141
vt 0.69446 0.59059
vt 0.69670 0.59343
vt 0.68737 0.59623
vt 0.04232 0.18859
vt 0.04898 0.18898
vt 0.04525 0.19054
vt 0.69264 0.58966
vt 0.68484 0.58979
vt 0.59575 0.92034
vt 0.59102 0.92075
vt 0.57480 0.92124
vt 0.57242 0.92287
vt 0.56495 0.92034
vt 0.09450 0.98118
vt 0.10212 0.98530
vt 0.11587 0.98670
vt 0.11805 0.99201
vt 0.12205 0.98741
vt 0.12663 0.99273
vt 0.12690 0.98718
vt 0.13118 0.98843
vt 0.14263 0.99183
vt 0.15632 0.99151
vt 0.16358 0.99016
vt 0.16112 0.98528
vt 0.96131 0.89461
vt 0.96251 0.88588
vt 0.96483 0.89120
vt 0.16816 0.98719
vt 0.16598 0.98981
vt 0.17132 0.98793
vt 0.17533 0.99038
vt 0.17465 0.98765
vt 0.17235 0.98944
vt 0.18015 0.98804
vt 0.17625 0.98640
vt 0.42677 0.51841
vt 0.43166 0.51943
vt 0.42883 0.52322
vt 0.42632 0.51417
vt 0.42849 0.51370
vt 0.42678 0.50975
vt 0.42963 0.50968
vt 0.42573 0.50640
vt 0.42763 0.50497
vt 0.69080 0.93013
vt 0.69191 0.92753
vt 0.42783 0.49865
vt 0.06048 0.95040
vt 0.05704 0.94996
vt 0.40081 0.54858
vt 0.40142 0.54383
vt 0.40591 0.54039
vt 0.40559 0.53683
vt 0.39987 0.54129
vt 0.42707 0.48746
vt 0.42842 0.49276
vt 0.42423 0.49376
vt 0.81140 0.64423
vt 0.81450 0.65939
vt 0.81120 0.65368
vt 0.81535 0.64587
vt 0.70529 0.58987
vt 0.70829 0.58690
vt 0.03224 0.18855
vt 0.03741 0.18968
vt 0.03504 0.19098
vt 0.70620 0.58560
vt 0.70378 0.58509
vt 0.69122 0.58810
vt 0.86053 0.92434
vt 0.85933 0.92674
vt 0.85221 0.92434
vt 0.55531 0.93804
vt 0.56600 0.93855
vt 0.56207 0.93695
vt 0.62510 0.89732
vt 0.62470 0.89201
vt 0.62740 0.89737
vt 0.57581 0.93864
vt 0.58091 0.93776
vt 0.58513 0.93624
vt 0.59509 0.93148
vt 0.59343 0.93354
vt 0.59548 0.93275
vt 0.10817 0.99002
vt 0.11196 0.99086
vt 0.12193 0.99231
vt 0.13730 0.99356
vt 0.14789 0.99312
vt 0.14899 0.99699
vt 0.14800 0.99501
vt 0.14206 0.99720
vt 0.16416 0.99136
vt 0.16680 0.99233
vt 0.16941 0.98915
vt 0.17920 0.98496
vt 0.17793 0.98160
vt 0.18351 0.98311
vt 0.18527 0.98155
vt 0.18693 0.98397
vt 0.18291 0.98427
vt 0.18446 0.98736
vt 0.39462 0.59859
vt 0.39194 0.59382
vt 0.39451 0.59186
vt 0.39086 0.58925
vt 0.43151 0.51492
vt 0.43198 0.51665
vt 0.42921 0.51698
vt 0.39189 0.58116
vt 0.39472 0.58827
vt 0.39354 0.57999
vt 0.38999 0.58049
vt 0.38898 0.58551
vt 0.51252 0.83462
vt 0.51479 0.83565
vt 0.51550 0.83387
vt 0.43037 0.50515
vt 0.43078 0.50813
vt 0.39340 0.57354
vt 0.39106 0.57164
vt 0.38886 0.57553
vt 0.39441 0.56541
vt 0.39558 0.56635
vt 0.39856 0.55597
vt 0.40061 0.55514
vt 0.40383 0.54687
vt 0.42993 0.49401
vt 0.39483 0.55872
vt 0.39213 0.56242
vt 0.42944 0.48767
vt 0.39619 0.55052
vt 0.39428 0.54722
vt 0.36933 0.79665
vt 0.36687 0.79326
vt 0.36650 0.79765
vt 0.35655 0.79558
vt 0.33158 0.80041
vt 0.34913 0.79337
vt 0.33266 0.79669
vt 0.31891 0.79672
vt 0.31794 0.79996
vt 0.33558 0.79354
vt 0.30593 0.79855
vt 0.31963 0.79367
vt 0.30880 0.79293
vt 0.29604 0.79272
vt 0.29826 0.79852
vt 0.28651 0.79494
vt 0.28143 0.79815
vt 0.28017 0.79287
vt 0.25952 0.79625
vt 0.26842 0.79961
vt 0.26647 0.79293
vt 0.80794 0.64067
vt 0.80806 0.62574
vt 0.80767 0.61321
vt 0.81023 0.62810
vt 0.80591 0.59922
vt 0.80934 0.61213
vt 0.81318 0.63235
vt 0.80410 0.56913
vt 0.80489 0.57225
vt 0.80165 0.57413
vt 0.80592 0.57869
vt 0.80370 0.58643
vt 0.80768 0.58782
vt 0.80403 0.58911
vt 0.80954 0.60240
vt 0.81303 0.62148
vt 0.81622 0.63801
vt 0.81890 0.64294
vt 0.81940 0.65134
vt 0.82345 0.64880
vt 0.81190 0.60620
vt 0.81524 0.61552
vt 0.81649 0.62710
vt 0.81825 0.63801
vt 0.81805 0.62836
vt 0.80848 0.56908
vt 0.80723 0.57158
vt 0.80390 0.56672
vt 0.80948 0.58247
vt 0.81370 0.60602
vt 0.81612 0.61277
vt 0.81076 0.57427
vt 0.81333 0.58547
vt 0.81469 0.60071
vt 0.81258 0.56942
vt 0.81394 0.57548
vt 0.71297 0.58633
vt 0.71719 0.58215
vt 0.71247 0.58275
vt 0.55699 0.93974
vt 0.55264 0.93987
vt 0.55807 0.94242
vt 0.28679 0.00424
vt 0.28795 0.00120
vt 0.27935 0.00164
vt 0.72164 0.57487
vt 0.71527 0.57968
vt 0.70961 0.58154
vt 0.70907 0.58004
vt 0.70169 0.58384
vt 0.24188 0.64492
vt 0.24048 0.64732
vt 0.22856 0.64492
vt 0.54375 0.93645
vt 0.29170 0.00442
vt 0.71571 0.57701
vt 0.71452 0.57533
vt 0.29922 0.00662
vt 0.29545 0.00272
vt 0.72731 0.56973
vt 0.72081 0.57254
vt 0.63839 0.90617
vt 0.64238 0.91108
vt 0.64072 0.91233
vt 0.63672 0.90701
vt 0.30371 0.00470
vt 0.72667 0.56725
vt 0.63193 0.90097
vt 0.63377 0.90085
vt 0.30447 0.00761
vt 0.63098 0.90326
vt 0.62939 0.89681
vt 0.80641 0.67108
vt 0.80598 0.67614
vt 0.80391 0.67070
vt 0.62218 0.88880
vt 0.30882 0.00640
vt 0.31297 0.00358
vt 0.62734 0.89136
vt 0.80404 0.66481
vt 0.80624 0.66796
vt 0.31070 0.00735
vt 0.31566 0.00446
vt 0.31689 0.00613
vt 0.62471 0.88450
vt 0.62796 0.88646
vt 0.31997 0.00399
vt 0.31927 0.00136
vt 0.32431 0.00120
vt 0.39358 0.42730
vt 0.38881 0.42564
vt 0.38845 0.42794
vt 0.61974 0.87791
vt 0.62179 0.87794
vt 0.62165 0.88240
vt 0.62480 0.88060
vt 0.62439 0.87587
vt 0.61907 0.87281
vt 0.62199 0.87168
vt 0.38308 0.42730
vt 0.61980 0.86661
vt 0.37629 0.42607
vt 0.37650 0.42745
vt 0.62468 0.86974
vt 0.62223 0.86404
vt 0.62336 0.86591
vt 0.36674 0.42530
vt 0.62592 0.86062
vt 0.62265 0.85767
vt 0.36669 0.42760
vt 0.62479 0.85756
vt 0.35860 0.42598
vt 0.35351 0.42390
vt 0.62940 0.84620
vt 0.63137 0.84522
vt 0.62377 0.84987
vt 0.62991 0.84008
vt 0.63002 0.83654
vt 0.34346 0.42506
vt 0.04042 0.83134
vt 0.04232 0.82131
vt 0.04161 0.83340
vt 0.63313 0.83727
vt 0.63625 0.83545
vt 0.63469 0.82920
vt 0.63681 0.83107
vt 0.04038 0.84030
vt 0.63760 0.83538
vt 0.64113 0.82883
vt 0.63620 0.82862
vt 0.64051 0.82633
vt 0.63998 0.82266
vt 0.64238 0.82900
vt 0.39878 0.61248
vt 0.40018 0.61085
vt 0.40263 0.61323
vt 0.40215 0.60799
vt 0.40591 0.61261
vt 0.39853 0.60733
vt 0.39519 0.60643
vt 0.04103 0.84886
vt 0.04345 0.85352
vt 0.04160 0.85609
vt 0.39978 0.60320
vt 0.39647 0.60305
vt 0.39833 0.59942
vt 0.39327 0.60055
vt 0.39059 0.60114
vt 0.39640 0.59618
vt 0.39105 0.59649
vt 0.38958 0.59748
vt 0.03455 0.39612
vt 0.03719 0.39722
vt 0.03616 0.40063
vt 0.69735 0.07646
vt 0.70145 0.07696
vt 0.69994 0.08068
vt 0.70297 0.07834
vt 0.70193 0.08127
vt 0.96034 0.74270
vt 0.96356 0.74293
vt 0.96029 0.74410
vt 0.38823 0.59169
vt 0.70514 0.08016
vt 0.70477 0.07618
vt 0.70733 0.07589
vt 0.38664 0.58183
vt 0.39516 0.57472
vt 0.39791 0.56793
vt 0.38949 0.57032
vt 0.38652 0.57352
vt 0.38887 0.56301
vt 0.43140 0.48382
vt 0.43198 0.48729
vt 0.39003 0.55328
vt 0.37329 0.79763
vt 0.36919 0.80063
vt 0.44274 0.10849
vt 0.42215 0.11086
vt 0.44500 0.11258
vt 0.42154 0.11484
vt 0.37594 0.79352
vt 0.37237 0.79303
vt 0.40136 0.11120
vt 0.39861 0.11479
vt 0.38544 0.11097
vt 0.37925 0.11435
vt 0.36885 0.79000
vt 0.37152 0.10967
vt 0.37099 0.11583
vt 0.36325 0.11333
vt 0.35316 0.78987
vt 0.71153 0.66967
vt 0.71013 0.67454
vt 0.70265 0.68056
vt 0.33805 0.79037
vt 0.69983 0.68688
vt 0.69432 0.69140
vt 0.36275 0.10993
vt 0.35174 0.11441
vt 0.34197 0.11421
vt 0.32369 0.79026
vt 0.34365 0.11002
vt 0.32916 0.11178
vt 0.32865 0.11472
vt 0.30919 0.78999
vt 0.68629 0.70181
vt 0.68234 0.71026
vt 0.67728 0.71188
vt 0.30201 0.79063
vt 0.29298 0.78983
vt 0.27798 0.79027
vt 0.65678 0.73386
vt 0.66687 0.72335
vt 0.66322 0.73335
vt 0.79472 0.55072
vt 0.79711 0.56326
vt 0.79556 0.57076
vt 0.79483 0.53475
vt 0.79843 0.54800
vt 0.79521 0.51971
vt 0.79840 0.52142
vt 0.79891 0.53541
vt 0.80016 0.57173
vt 0.79975 0.56757
vt 0.79554 0.50943
vt 0.79747 0.50112
vt 0.79791 0.50943
vt 0.79799 0.51154
vt 0.82235 0.62948
vt 0.82348 0.64217
vt 0.85970 0.20604
vt 0.85583 0.20601
vt 0.85640 0.20167
vt 0.82094 0.61519
vt 0.80919 0.56605
vt 0.85970 0.20002
vt 0.81922 0.60683
vt 0.81269 0.56499
vt 0.81649 0.58286
vt 0.81825 0.59758
vt 0.81578 0.57027
vt 0.44151 0.88554
vt 0.44138 0.88133
vt 0.44349 0.88177
vt 0.54506 0.93931
vt 0.54458 0.94256
vt 0.54611 0.94103
vt 0.44326 0.87572
vt 0.44518 0.87693
vt 0.53621 0.93316
vt 0.53554 0.93437
vt 0.54204 0.93738
vt 0.52969 0.93024
vt 0.52958 0.93184
vt 0.52437 0.92674
vt 0.52376 0.92936
vt 0.04067 0.12827
vt 0.04097 0.13309
vt 0.03836 0.13628
vt 0.03705 0.13106
vt 0.51879 0.92241
vt 0.51817 0.92432
vt 0.04057 0.13844
vt 0.04205 0.14188
vt 0.03967 0.14211
vt 0.40309 0.42314
vt 0.39931 0.42365
vt 0.40341 0.42542
vt 0.80604 0.66394
vt 0.39708 0.42590
vt 0.39535 0.42398
vt 0.39074 0.42413
vt 0.38569 0.42426
vt 0.38142 0.42435
vt 0.07703 0.99568
vt 0.07739 0.99736
vt 0.08386 0.99718
vt 0.70229 0.52212
vt 0.69518 0.52311
vt 0.70650 0.52349
vt 0.69756 0.52562
vt 0.70243 0.52519
vt 0.37269 0.42363
vt 0.68911 0.52537
vt 0.68661 0.52246
vt 0.36211 0.42314
vt 0.67497 0.51919
vt 0.67228 0.52074
vt 0.68580 0.52080
vt 0.67645 0.51818
vt 0.67565 0.52364
vt 0.04455 0.81305
vt 0.04342 0.82670
vt 0.66954 0.51468
vt 0.66867 0.51847
vt 0.66778 0.51548
vt 0.66723 0.52118
vt 0.04343 0.83745
vt 0.66457 0.51207
vt 0.66308 0.51525
vt 0.66240 0.51275
vt 0.66195 0.51821
vt 0.04329 0.84333
vt 0.65888 0.50916
vt 0.65896 0.51268
vt 0.65739 0.51516
vt 0.65613 0.50927
vt 0.04343 0.84828
vt 0.65154 0.50982
vt 0.65210 0.51186
vt 0.65033 0.50742
vt 0.64387 0.50544
vt 0.64253 0.50432
vt 0.64155 0.50555
vt 0.64432 0.50397
vt 0.70117 0.07337
vt 0.70404 0.07295
vt 0.96731 0.74468
vt 0.96566 0.73932
vt 0.96665 0.74100
vt 0.96120 0.74140
vt 0.36988 0.59941
vt 0.37185 0.61284
vt 0.37698 0.58119
vt 0.38725 0.56926
vt 0.37343 0.61289
vt 0.38606 0.56011
vt 0.39071 0.54215
vt 0.39451 0.54299
vt 0.44957 0.11555
vt 0.45082 0.11117
vt 0.44521 0.11613
vt 0.40135 0.12021
vt 0.12623 0.26541
vt 0.12677 0.26901
vt 0.12285 0.26941
vt 0.38548 0.11861
vt 0.71653 0.66573
vt 0.71820 0.66770
vt 0.71326 0.66596
vt 0.71580 0.66977
vt 0.71372 0.67279
vt 0.69956 0.68983
vt 0.68867 0.70351
vt 0.67915 0.71720
vt 0.67450 0.72183
vt 0.67209 0.71642
vt 0.64915 0.74826
vt 0.79450 0.50389
vt 0.79640 0.49969
vt 0.85737 0.19645
vt 0.36741 0.46222
vt 0.36900 0.48334
vt 0.38185 0.46255
vt 0.81557 0.56596
vt 0.34113 0.46165
vt 0.33023 0.46185
vt 0.33540 0.46595
vt 0.35100 0.46213
vt 0.34387 0.46767
vt 0.39079 0.46316
vt 0.38921 0.46209
vt 0.81908 0.58318
vt 0.82076 0.57370
vt 0.82127 0.59088
vt 0.31266 0.46157
vt 0.32324 0.46566
vt 0.82419 0.59777
vt 0.82304 0.60012
vt 0.82325 0.58706
vt 0.04065 0.11970
vt 0.04205 0.12260
vt 0.03980 0.12138
vt 0.52325 0.93118
vt 0.53012 0.93411
vt 0.36783 0.50059
vt 0.10339 0.99400
vt 0.09586 0.99800
vt 0.11199 0.99568
vt 0.51166 0.91793
vt 0.51549 0.92557
vt 0.51405 0.92001
vt 0.04188 0.13804
vt 0.09931 0.99473
vt 0.38714 0.49590
vt 0.72589 0.51503
vt 0.72087 0.51649
vt 0.71695 0.51913
vt 0.72442 0.51834
vt 0.71777 0.52183
vt 0.38343 0.51872
vt 0.71396 0.51709
vt 0.71082 0.52162
vt 0.71032 0.51938
vt 0.04174 0.09571
vt 0.04634 0.10073
vt 0.04439 0.10405
vt 0.04771 0.10510
vt 0.37661 0.51788
vt 0.38443 0.51769
vt 0.70428 0.51896
vt 0.70994 0.51729
vt 0.04871 0.10929
vt 0.04368 0.10720
vt 0.69946 0.52026
vt 0.55946 0.57442
vt 0.55753 0.57487
vt 0.55995 0.56951
vt 0.35458 0.51110
vt 0.35568 0.51564
vt 0.35923 0.51115
vt 0.69391 0.52016
vt 0.55745 0.56911
vt 0.55946 0.56405
vt 0.10033 0.53986
vt 0.09534 0.54378
vt 0.09595 0.53955
vt 0.09905 0.54805
vt 0.31043 0.74376
vt 0.30907 0.74212
vt 0.30832 0.74420
vt 0.68745 0.51974
vt 0.36341 0.51830
vt 0.36427 0.53722
vt 0.85931 0.88431
vt 0.85827 0.87965
vt 0.86053 0.88265
vt 0.85610 0.87491
vt 0.86012 0.87311
vt 0.37308 0.55389
vt 0.85823 0.87203
vt 0.86025 0.86541
vt 0.37957 0.55655
vt 0.85844 0.86509
vt 0.37987 0.55852
vt 0.86040 0.85982
vt 0.85899 0.85923
vt 0.86053 0.85341
vt 0.66473 0.51041
vt 0.65942 0.50740
vt 0.43561 0.54082
vt 0.43576 0.53311
vt 0.43753 0.53640
vt 0.65615 0.50510
vt 0.39315 0.61062
vt 0.39465 0.60946
vt 0.39759 0.61369
vt 0.43755 0.53122
vt 0.64872 0.50331
vt 0.53475 0.76030
vt 0.53011 0.76145
vt 0.53997 0.76183
vt 0.64879 0.50939
vt 0.39259 0.60539
vt 0.64590 0.50712
vt 0.36046 0.56995
vt 0.38747 0.60039
vt 0.94062 0.01734
vt 0.94503 0.01992
vt 0.95296 0.01877
vt 0.64168 0.50000
vt 0.34727 0.58311
vt 0.38694 0.59668
vt 0.70733 0.07296
vt 0.96871 0.73928
vt 0.96875 0.74169
vt 0.40402 0.51757
vt 0.40347 0.51049
vt 0.40512 0.51397
vt 0.38544 0.58892
vt 0.40591 0.50615
vt 0.40521 0.50199
vt 0.38406 0.58491
vt 0.38343 0.57570
vt 0.34748 0.59644
vt 0.38505 0.56762
vt 0.60226 0.84557
vt 0.60045 0.84697
vt 0.60166 0.84355
vt 0.16944 0.63291
vt 0.16364 0.63291
vt 0.16541 0.63611
vt 0.39378 0.53911
vt 0.52043 0.72576
vt 0.51833 0.72302
vt 0.51285 0.72096
vt 0.38923 0.55060
vt 0.51136 0.71769
vt 0.38869 0.54659
vt 0.12673 0.27160
vt 0.12198 0.27228
vt 0.38328 0.12370
vt 0.37771 0.12240
vt 0.35535 0.60790
vt 0.36294 0.61029
vt 0.37080 0.12153
vt 0.71616 0.67199
vt 0.71125 0.67898
vt 0.70056 0.69056
vt 0.70015 0.69373
vt 0.68956 0.70721
vt 0.68591 0.71383
vt 0.68361 0.71469
vt 0.67417 0.72366
vt 0.67232 0.72548
vt 0.65001 0.74908
vt 0.78971 0.54892
vt 0.79336 0.54845
vt 0.79158 0.55935
vt 0.79239 0.51130
vt 0.79509 0.51121
vt 0.79539 0.49724
vt 0.79260 0.49630
vt 0.79532 0.49484
vt 0.79268 0.49475
vt 0.85071 0.20616
vt 0.85196 0.20279
vt 0.85297 0.19978
vt 0.85295 0.19649
vt 0.36203 0.46877
vt 0.36672 0.46859
vt 0.85661 0.19291
vt 0.81728 0.56693
vt 0.81972 0.57081
vt 0.82500 0.59200
vt 0.82713 0.59761
vt 0.82735 0.60498
vt 0.34242 0.47036
vt 0.35014 0.47054
vt 0.35743 0.47004
vt 0.83162 0.61179
vt 0.83239 0.61461
vt 0.82937 0.61581
vt 0.82820 0.61064
vt 0.36006 0.47134
vt 0.83064 0.61765
vt 0.36174 0.47288
vt 0.36370 0.48149
vt 0.04058 0.05415
vt 0.04511 0.05121
vt 0.04072 0.05925
vt 0.36144 0.47863
vt 0.58348 0.95833
vt 0.58466 0.95997
vt 0.58868 0.95848
vt 0.58717 0.95760
vt 0.82395 0.58323
vt 0.82645 0.58580
vt 0.82595 0.58947
vt 0.04402 0.05879
vt 0.82747 0.59436
vt 0.03970 0.06581
vt 0.03754 0.06555
vt 0.58624 0.95621
vt 0.58343 0.95476
vt 0.58056 0.95717
vt 0.74979 0.50000
vt 0.74505 0.50427
vt 0.74637 0.50784
vt 0.74330 0.50910
vt 0.04003 0.06894
vt 0.03625 0.07377
vt 0.36076 0.48360
vt 0.58922 0.95540
vt 0.95878 0.27742
vt 0.96461 0.27742
vt 0.96402 0.27902
vt 0.73916 0.51095
vt 0.03999 0.07314
vt 0.03887 0.07784
vt 0.59211 0.95700
vt 0.59287 0.95860
vt 0.59494 0.95603
vt 0.73702 0.50943
vt 0.82977 0.59720
vt 0.83016 0.60146
vt 0.59738 0.95773
vt 0.59970 0.95540
vt 0.73123 0.51259
vt 0.03613 0.08394
vt 0.35945 0.49121
vt 0.60466 0.95729
vt 0.60469 0.95575
vt 0.83629 0.55215
vt 0.83349 0.55754
vt 0.83113 0.55650
vt 0.72906 0.51619
vt 0.73525 0.51425
vt 0.04017 0.08377
vt 0.83767 0.54374
vt 0.88024 0.24177
vt 0.88231 0.24351
vt 0.88606 0.24154
vt 0.03762 0.08700
vt 0.35796 0.48616
vt 0.60953 0.95726
vt 0.60861 0.95486
vt 0.04083 0.08857
vt 0.03502 0.09150
vt 0.61403 0.95889
vt 0.61551 0.95651
vt 0.43505 0.60889
vt 0.43279 0.60361
vt 0.43611 0.60476
vt 0.43755 0.60817
vt 0.88956 0.24339
vt 0.89126 0.24139
vt 0.03687 0.09631
vt 0.35842 0.50392
vt 0.43104 0.59859
vt 0.43491 0.60112
vt 0.62024 0.95787
vt 0.62121 0.95609
vt 0.89425 0.24374
vt 0.04095 0.09905
vt 0.03967 0.10056
vt 0.35352 0.49449
vt 0.35466 0.49929
vt 0.43358 0.59685
vt 0.89800 0.24180
vt 0.43143 0.59538
vt 0.42962 0.59145
vt 0.62854 0.95817
vt 0.62921 0.95508
vt 0.29286 0.73956
vt 0.28762 0.73779
vt 0.28862 0.74151
vt 0.35689 0.50646
vt 0.43244 0.59211
vt 0.02014 0.13915
vt 0.02226 0.13702
vt 0.02217 0.14140
vt 0.43152 0.58810
vt 0.55780 0.58006
vt 0.42691 0.58306
vt 0.42952 0.58462
vt 0.63101 0.95623
vt 0.63905 0.95476
vt 0.02136 0.14701
vt 0.01930 0.14646
vt 0.43072 0.57971
vt 0.97877 0.30452
vt 0.97765 0.30085
vt 0.98243 0.30022
vt 0.35982 0.51542
vt 0.42813 0.57981
vt 0.42671 0.57608
vt 0.02050 0.15364
vt 0.01873 0.15352
vt 0.36061 0.51954
vt 0.98745 0.29819
vt 0.98410 0.29711
vt 0.99210 0.29391
vt 0.98654 0.29247
vt 0.36132 0.53195
vt 0.36375 0.53038
vt 0.43009 0.56955
vt 0.02103 0.16529
vt 0.98987 0.29023
vt 0.42841 0.56061
vt 0.42590 0.56420
vt 0.31985 0.74304
vt 0.99542 0.29045
vt 0.35997 0.53142
vt 0.32531 0.73986
vt 0.85574 0.87800
vt 0.43167 0.55627
vt 0.35810 0.53972
vt 0.35866 0.54068
vt 0.32942 0.74148
vt 0.42799 0.55094
vt 0.33847 0.73760
vt 0.43078 0.54573
vt 0.43199 0.54690
vt 0.35735 0.54957
vt 0.64702 0.83227
vt 0.64529 0.82455
vt 0.64648 0.82284
vt 0.85601 0.86675
vt 0.85574 0.86134
vt 0.43411 0.54629
vt 0.91715 0.01860
vt 0.92472 0.02007
vt 0.92343 0.01734
vt 0.85541 0.85961
vt 0.85547 0.85580
vt 0.43374 0.53902
vt 0.64363 0.81593
vt 0.64690 0.82009
vt 0.93132 0.01721
vt 0.64558 0.81520
vt 0.50673 0.66493
vt 0.50532 0.66972
vt 0.50906 0.66787
vt 0.85914 0.85308
vt 0.93238 0.02080
vt 0.50794 0.67115
vt 0.35417 0.55706
vt 0.93799 0.01800
vt 0.34924 0.56737
vt 0.93827 0.02103
vt 0.64377 0.80943
vt 0.64635 0.81055
vt 0.53732 0.75842
vt 0.53240 0.75760
vt 0.64623 0.80660
vt 0.09765 0.59206
vt 0.09467 0.59375
vt 0.09384 0.59039
vt 0.64305 0.80477
vt 0.52861 0.75989
vt 0.64643 0.80182
vt 0.96815 0.75231
vt 0.96853 0.75380
vt 0.96441 0.75276
vt 0.64336 0.80041
vt 0.52416 0.75924
vt 0.40110 0.52461
vt 0.40100 0.51699
vt 0.64679 0.79797
vt 0.52218 0.76341
vt 0.96961 0.74381
vt 0.96963 0.74625
vt 0.34569 0.57472
vt 0.64423 0.79424
vt 0.64609 0.78713
vt 0.64751 0.79330
vt 0.64919 0.78702
vt 0.61580 0.82109
vt 0.61429 0.82027
vt 0.61740 0.81933
vt 0.61302 0.81941
vt 0.61488 0.81785
vt 0.64718 0.78306
vt 0.61604 0.88030
vt 0.61441 0.87690
vt 0.61740 0.87688
vt 0.65071 0.78183
vt 0.60895 0.82987
vt 0.61201 0.82804
vt 0.33996 0.57997
vt 0.40180 0.50515
vt 0.60760 0.82843
vt 0.40320 0.49836
vt 0.61224 0.87260
vt 0.61297 0.86792
vt 0.97377 0.72768
vt 0.97281 0.73216
vt 0.97067 0.72825
vt 0.61006 0.86835
vt 0.60740 0.83821
vt 0.60539 0.83478
vt 0.97150 0.72086
vt 0.97317 0.72291
vt 0.40496 0.49271
vt 0.61014 0.85990
vt 0.60826 0.86126
vt 0.60744 0.85014
vt 0.60383 0.84564
vt 0.60313 0.84271
vt 0.60352 0.83869
vt 0.97283 0.71617
vt 0.40253 0.48510
vt 0.40591 0.48439
vt 0.60682 0.86066
vt 0.60059 0.84237
vt 0.40416 0.48410
vt 0.52694 0.72834
vt 0.52296 0.72480
vt 0.52617 0.72953
vt 0.33679 0.59609
vt 0.33402 0.60067
vt 0.34423 0.60483
vt 0.12550 0.27440
vt 0.71982 0.67096
vt 0.71686 0.67507
vt 0.70744 0.68634
vt 0.67479 0.72488
vt 0.67677 0.72614
vt 0.98919 0.51303
vt 0.98384 0.51578
vt 0.98255 0.51507
vt 0.66668 0.73785
vt 0.66201 0.74227
vt 0.99493 0.51750
vt 0.99198 0.51885
vt 0.98083 0.51609
vt 0.98573 0.52502
vt 0.97979 0.51893
vt 0.99208 0.52480
vt 0.99625 0.52423
vt 0.98118 0.52589
vt 0.99529 0.53039
vt 0.99020 0.53089
vt 0.98591 0.53138
vt 0.98288 0.53215
vt 0.85274 0.19300
vt 0.85611 0.19047
vt 0.85593 0.18606
vt 0.82024 0.56848
vt 0.82618 0.59185
vt 0.83119 0.60807
vt 0.83406 0.61623
vt 0.82407 0.56986
vt 0.85425 0.18619
vt 0.85466 0.18455
vt 0.04773 0.03963
vt 0.03887 0.05330
vt 0.03693 0.05936
vt 0.03558 0.05875
vt 0.83166 0.61906
vt 0.58005 0.95977
vt 0.92105 0.05484
vt 0.92298 0.05254
vt 0.91882 0.05167
vt 0.57660 0.95927
vt 0.82342 0.56617
vt 0.82375 0.57665
vt 0.04871 0.04431
vt 0.03548 0.06274
vt 0.35766 0.47742
vt 0.35697 0.47362
vt 0.82619 0.57717
vt 0.82748 0.57724
vt 0.82820 0.58638
vt 0.82783 0.56469
vt 0.82797 0.57132
vt 0.82844 0.59140
vt 0.83053 0.59232
vt 0.03455 0.06837
vt 0.03332 0.07351
vt 0.35647 0.47940
vt 0.82929 0.56597
vt 0.83079 0.56776
vt 0.83197 0.59736
vt 0.03254 0.07736
vt 0.03438 0.07845
vt 0.82929 0.55923
vt 0.83070 0.56098
vt 0.82793 0.56014
vt 0.83187 0.56221
vt 0.83308 0.60121
vt 0.03343 0.08236
vt 0.03240 0.08019
vt 0.68734 0.59928
vt 0.68460 0.60088
vt 0.68318 0.59928
vt 0.03010 0.08789
vt 0.03197 0.09384
vt 0.02168 0.09011
vt 0.35467 0.48936
vt 0.83401 0.60422
vt 0.02949 0.08249
vt 0.60225 0.95912
vt 0.60497 0.96110
vt 0.87386 0.24139
vt 0.87821 0.24510
vt 0.60926 0.96117
vt 0.97779 0.38451
vt 0.97558 0.38249
vt 0.97382 0.37964
vt 0.88652 0.24540
vt 0.35100 0.49018
vt 0.02450 0.12375
vt 0.02424 0.13151
vt 0.02255 0.12941
vt 0.84131 0.54323
vt 0.84023 0.54563
vt 0.96915 0.31317
vt 0.97147 0.30858
vt 0.97295 0.31136
vt 0.02455 0.14635
vt 0.02302 0.15552
vt 0.46502 0.13554
vt 0.45933 0.13926
vt 0.46504 0.14169
vt 0.46064 0.13460
vt 0.02428 0.16310
vt 0.46823 0.14186
vt 0.46853 0.12283
vt 0.45920 0.12901
vt 0.02434 0.17600
vt 0.46546 0.12209
vt 0.46161 0.11825
vt 0.46118 0.12374
vt 0.45931 0.12591
vt 0.22111 0.78690
vt 0.22177 0.78983
vt 0.21857 0.78843
vt 0.02287 0.17860
vt 0.22689 0.78663
vt 0.22663 0.78821
vt 0.35398 0.54600
vt 0.35431 0.54889
vt 0.35630 0.54191
vt 0.46408 0.11194
vt 0.46260 0.11295
vt 0.02533 0.18535
vt 0.35191 0.55455
vt 0.46532 0.10835
vt 0.46687 0.10529
vt 0.46722 0.10292
vt 0.34972 0.55699
vt 0.50320 0.67428
vt 0.34783 0.55806
vt 0.34679 0.56230
vt 0.50606 0.67491
vt 0.52736 0.75540
vt 0.34524 0.56539
vt 0.39842 0.53042
vt 0.39658 0.52580
vt 0.52510 0.75654
vt 0.97171 0.75233
vt 0.34375 0.56763
vt 0.34456 0.56920
vt 0.39786 0.51910
vt 0.34063 0.56940
vt 0.51946 0.75917
vt 0.52206 0.75740
vt 0.96768 0.74865
vt 0.97049 0.74871
vt 0.46495 0.09129
vt 0.46878 0.09177
vt 0.46661 0.08819
vt 0.49835 0.70377
vt 0.49917 0.69920
vt 0.49684 0.70133
vt 0.34062 0.57362
vt 0.34205 0.57177
vt 0.33854 0.57241
vt 0.51452 0.75948
vt 0.51700 0.76328
vt 0.33679 0.57444
vt 0.33904 0.57507
vt 0.33909 0.57315
vt 0.97132 0.74361
vt 0.97172 0.74538
vt 0.97052 0.74580
vt 0.40072 0.51035
vt 0.96967 0.73955
vt 0.97154 0.74087
vt 0.51023 0.75938
vt 0.50895 0.76249
vt 0.97282 0.73734
vt 0.50453 0.75965
vt 0.33753 0.58158
vt 0.33777 0.57477
vt 0.40140 0.49685
vt 0.49832 0.75892
vt 0.49747 0.76118
vt 0.30406 0.00921
vt 0.29543 0.00921
vt 0.29628 0.01160
vt 0.28242 0.01201
vt 0.28274 0.01019
vt 0.27269 0.01124
vt 0.60990 0.83821
vt 0.60871 0.84778
vt 0.50201 0.70288
vt 0.50382 0.70222
vt 0.50097 0.69920
vt 0.40191 0.49039
vt 0.50728 0.70652
vt 0.50416 0.70774
vt 0.50824 0.71466
vt 0.50717 0.71063
vt 0.52827 0.72750
vt 0.52286 0.71930
vt 0.51713 0.71688
vt 0.51242 0.71240
vt 0.33372 0.59707
vt 0.13171 0.33082
vt 0.12978 0.32432
vt 0.12926 0.31402
vt 0.13037 0.31465
vt 0.13073 0.31316
vt 0.33395 0.59860
vt 0.12952 0.31043
vt 0.12942 0.27406
vt 0.12228 0.27639
vt 0.70928 0.68683
vt 0.69970 0.69950
vt 0.68933 0.71313
vt 0.99625 0.50881
vt 0.99407 0.51039
vt 0.66995 0.73432
vt 0.47087 0.03332
vt 0.46549 0.03424
vt 0.46779 0.04270
vt 0.95301 0.64918
vt 0.94919 0.64933
vt 0.95176 0.64733
vt 0.47121 0.02751
vt 0.46693 0.02750
vt 0.46719 0.02122
vt 0.47316 0.02202
vt 0.97886 0.53423
vt 0.97877 0.52842
vt 0.86844 0.91938
vt 0.87721 0.91838
vt 0.87147 0.92434
vt 0.99582 0.53852
vt 0.99367 0.53475
vt 0.98729 0.53673
vt 0.79264 0.50503
vt 0.79043 0.50544
vt 0.79088 0.50380
vt 0.84792 0.20420
vt 0.84956 0.19949
vt 0.84955 0.19437
vt 0.94316 0.37185
vt 0.94898 0.36722
vt 0.95265 0.37072
vt 0.67809 0.98315
vt 0.67932 0.98243
vt 0.67808 0.98758
vt 0.68235 0.99546
vt 0.67687 0.99221
vt 0.67723 0.99960
vt 0.94778 0.34057
vt 0.94334 0.32660
vt 0.95179 0.33555
vt 0.94535 0.32261
vt 0.47475 0.27822
vt 0.47295 0.28120
vt 0.47086 0.28137
vt 0.95380 0.36364
vt 0.95697 0.36277
vt 0.95409 0.36589
vt 0.47167 0.28355
vt 0.83300 0.60837
vt 0.47417 0.28781
vt 0.04964 0.97529
vt 0.05198 0.98599
vt 0.05204 0.97506
vt 0.96233 0.35855
vt 0.95921 0.34792
vt 0.96118 0.34781
vt 0.02305 0.07867
vt 0.01624 0.08716
vt 0.01906 0.09016
vt 0.05198 0.96809
vt 0.04803 0.96955
vt 0.95978 0.34042
vt 0.47258 0.29080
vt 0.04916 0.96357
vt 0.04788 0.96617
vt 0.97117 0.37475
vt 0.96950 0.37593
vt 0.96777 0.36892
vt 0.47475 0.29343
vt 0.56209 0.54003
vt 0.56548 0.54033
vt 0.56405 0.54233
vt 0.59714 0.96103
vt 0.97195 0.38047
vt 0.97596 0.38558
vt 0.96406 0.32269
vt 0.96136 0.32590
vt 0.96359 0.31833
vt 0.47078 0.16291
vt 0.46935 0.15778
vt 0.46714 0.15438
vt 0.02626 0.12906
vt 0.02552 0.13518
vt 0.46867 0.15258
vt 0.02515 0.14105
vt 0.46591 0.15286
vt 0.47124 0.14954
vt 0.46440 0.15030
vt 0.47019 0.14076
vt 0.46151 0.14721
vt 0.02505 0.16547
vt 0.36000 0.09640
vt 0.37198 0.09751
vt 0.36263 0.09494
vt 0.47622 0.13538
vt 0.60326 0.70662
vt 0.59216 0.71566
vt 0.58761 0.72069
vt 0.47731 0.10940
vt 0.47032 0.10931
vt 0.46814 0.11200
vt 0.59079 0.72697
vt 0.59076 0.72387
vt 0.58796 0.72343
vt 0.57742 0.73257
vt 0.57767 0.72927
vt 0.57481 0.72927
vt 0.57763 0.72509
vt 0.56830 0.72763
vt 0.56909 0.72874
vt 0.57192 0.73180
vt 0.56670 0.73165
vt 0.56447 0.73379
vt 0.55972 0.73029
vt 0.47085 0.09209
vt 0.47090 0.09025
vt 0.47052 0.08686
vt 0.51667 0.75724
vt 0.13197 0.34307
vt 0.12899 0.34012
vt 0.13071 0.33978
vt 0.13094 0.33773
vt 0.55465 0.72903
vt 0.54655 0.72987
vt 0.51154 0.75715
vt 0.54404 0.72788
vt 0.12698 0.32509
vt 0.39583 0.50162
vt 0.39509 0.49869
vt 0.39736 0.48815
vt 0.50287 0.69821
vt 0.49943 0.69586
vt 0.50579 0.70248
vt 0.50907 0.70608
vt 0.12799 0.32027
vt 0.51174 0.70979
vt 0.12705 0.31298
vt 0.12795 0.30785
vt 0.69204 0.49679
vt 0.68511 0.49792
vt 0.69939 0.49986
vt 0.47265 0.04432
vt 0.47068 0.04516
vt 0.44421 0.05756
vt 0.43699 0.05583
vt 0.42583 0.05805
vt 0.47444 0.03668
vt 0.47490 0.02901
vt 0.98157 0.54044
vt 0.98911 0.53948
vt 0.98529 0.53983
vt 0.79038 0.49578
vt 0.79096 0.49440
vt 0.68235 0.97905
vt 0.95253 0.35486
vt 0.94318 0.33823
vt 0.95074 0.36255
vt 0.93797 0.22983
vt 0.94213 0.23179
vt 0.94213 0.22938
vt 0.47502 0.28077
vt 0.94261 0.32324
vt 0.94357 0.32056
vt 0.94878 0.31990
vt 0.96531 0.36720
vt 0.96515 0.37097
vt 0.96078 0.36280
vt 0.96333 0.36428
vt 0.95597 0.31630
vt 0.95517 0.31209
vt 0.95822 0.31081
vt 0.47290 0.16011
vt 0.47722 0.14951
vt 0.47461 0.10483
vt 0.60115 0.96908
vt 0.59916 0.96885
vt 0.59918 0.97167
vt 0.60239 0.96631
vt 0.60076 0.96746
vt 0.47045 0.09812
vt 0.47527 0.09472
vt 0.47165 0.09461
vt 0.47194 0.08567
vt 0.47143 0.07205
vt 0.47001 0.06740
vt 0.47391 0.06361
vt 0.46966 0.06169
vt 0.47095 0.06053
vt 0.47146 0.05315
vt 0.46974 0.05539
vt 0.47220 0.04873
vt 0.48223 0.63094
vt 0.47937 0.62951
vt 0.47569 0.63229
vt 0.47344 0.62901
vt 0.46991 0.63278
vt 0.46250 0.63344
vt 0.45704 0.63210
vt 0.45588 0.63371
vt 0.48034 0.03778
vt 0.79086 0.50000
vt 0.78882 0.49988
vt 0.79019 0.49813
vt 0.78741 0.50480
vt 0.78789 0.50332
vt 0.08962 0.88909
vt 0.09017 0.88664
vt 0.08962 0.88502
vt 0.94010 0.35743
vt 0.93841 0.35664
vt 0.94211 0.35522
vt 0.31966 0.08641
vt 0.31628 0.08813
vt 0.31986 0.07333
vt 0.94724 0.35796
vt 0.94502 0.35123
vt 0.93943 0.32311
vt 0.93316 0.31911
vt 0.93818 0.31642
vt 0.47317 0.17339
vt 0.47473 0.17095
vt 0.47215 0.17034
vt 0.14954 0.70496
vt 0.15495 0.70020
vt 0.14246 0.70312
vt 0.47572 0.16318
vt 0.16461 0.70409
vt 0.15971 0.69922
vt 0.47897 0.15792
vt 0.16991 0.70395
vt 0.17312 0.70280
vt 0.16959 0.70468
vt 0.19569 0.70198
vt 0.20073 0.70036
vt 0.19625 0.69958
vt 0.20082 0.69620
vt 0.19682 0.69700
vt 0.20983 0.69995
vt 0.20898 0.69674
vt 0.47727 0.12625
vt 0.21357 0.69889
vt 0.46586 0.98495
vt 0.46584 0.98629
vt 0.46302 0.98308
vt 0.46584 0.98205
vt 0.21231 0.70074
vt 0.46402 0.98077
vt 0.46165 0.98038
vt 0.32995 0.58120
vt 0.32640 0.58352
vt 0.32907 0.57925
vt 0.47495 0.08436
vt 0.47553 0.07350
vt 0.47614 0.05427
vt 0.48109 0.05989
vt 0.48047 0.04715
vt 0.33155 0.73180
vt 0.32923 0.73233
vt 0.33141 0.73476
vt 0.48261 0.62953
vt 0.46183 0.61887
vt 0.48048 0.02968
vt 0.47946 0.02255
vt 0.86635 0.91364
vt 0.87279 0.91371
vt 0.87772 0.91403
vt 0.93550 0.64285
vt 0.92913 0.64055
vt 0.92918 0.63609
vt 0.88495 0.91391
vt 0.36678 0.00841
vt 0.35946 0.01339
vt 0.36675 0.01487
vt 0.35919 0.01799
vt 0.36636 0.01844
vt 0.98106 0.54644
vt 0.35906 0.02138
vt 0.99525 0.80985
vt 0.97627 0.79063
vt 0.99618 0.80778
vt 0.99532 0.80383
vt 0.78742 0.49832
vt 0.09409 0.89263
vt 0.08868 0.89114
vt 0.34629 0.85519
vt 0.34376 0.85375
vt 0.34108 0.86183
vt 0.34304 0.85990
vt 0.17240 0.93989
vt 0.17547 0.94355
vt 0.17694 0.94312
vt 0.76280 0.00140
vt 0.76047 0.00293
vt 0.75810 0.00227
vt 0.86386 0.68605
vt 0.86105 0.68495
vt 0.86096 0.68671
vt 0.85415 0.68515
vt 0.85962 0.68815
vt 0.85614 0.68723
vt 0.13622 0.70072
vt 0.12822 0.69733
vt 0.12969 0.69541
vt 0.14061 0.69605
vt 0.84999 0.68749
vt 0.47583 0.17894
vt 0.47195 0.17604
vt 0.47107 0.18485
vt 0.84471 0.68495
vt 0.15314 0.69596
vt 0.48091 0.17149
vt 0.16082 0.69495
vt 0.15459 0.69475
vt 0.16787 0.69701
vt 0.16800 0.69463
vt 0.17803 0.69987
vt 0.17880 0.70180
vt 0.18407 0.69829
vt 0.18523 0.69577
vt 0.16896 0.69319
vt 0.19774 0.69478
vt 0.19890 0.43830
vt 0.20440 0.43665
vt 0.20338 0.43514
vt 0.46280 0.98679
vt 0.20608 0.43453
vt 0.46096 0.98550
vt 0.46003 0.98216
vt 0.85887 0.73699
vt 0.85633 0.73733
vt 0.85842 0.73898
vt 0.47830 0.09801
vt 0.48170 0.08555
vt 0.48158 0.07884
vt 0.76240 0.96037
vt 0.76544 0.92862
vt 0.76561 0.96001
vt 0.56394 0.84947
vt 0.58382 0.86681
vt 0.58246 0.86848
vt 0.56187 0.84902
vt 0.56057 0.85147
vt 0.92567 0.63577
vt 0.78507 0.49927
vt 0.78534 0.50313
vt 0.10132 0.89153
vt 0.10079 0.88967
vt 0.76901 0.00040
vt 0.76888 0.01141
vt 0.76555 0.00115
vt 0.34284 0.86303
vt 0.76414 0.00394
vt 0.31520 0.09366
vt 0.31377 0.09724
vt 0.30489 0.08707
vt 0.89217 0.95808
vt 0.89356 0.95861
vt 0.89550 0.95717
vt 0.47410 0.19666
vt 0.47031 0.19401
vt 0.47140 0.20047
vt 0.46673 0.19649
vt 0.12198 0.69986
vt 0.12469 0.69668
vt 0.47525 0.19282
vt 0.12699 0.69295
vt 0.47117 0.19131
vt 0.47851 0.18461
vt 0.47565 0.18594
vt 0.47984 0.17912
vt 0.48317 0.17941
vt 0.48380 0.17024
vt 0.48422 0.09949
vt 0.48646 0.05752
vt 0.47956 0.62086
vt 0.46517 0.62165
vt 0.74386 0.92379
vt 0.73871 0.91796
vt 0.74450 0.92181
vt 0.06947 0.47907
vt 0.07235 0.48011
vt 0.06991 0.48435
vt 0.48610 0.03701
vt 0.74341 0.91848
vt 0.74754 0.92283
vt 0.74818 0.91529
vt 0.75046 0.92142
vt 0.75482 0.93407
vt 0.75732 0.94364
vt 0.75787 0.95943
vt 0.75549 0.95951
vt 0.76025 0.95215
vt 0.87382 0.90689
vt 0.76308 0.93037
vt 0.57780 0.87003
vt 0.56010 0.85297
vt 0.35233 0.01552
vt 0.35247 0.02077
vt 0.01578 0.00560
vt 0.02350 0.00241
vt 0.01502 0.00293
vt 0.02341 0.00574
vt 0.13038 0.77405
vt 0.13883 0.77487
vt 0.13147 0.76976
vt 0.13779 0.76990
vt 0.33384 0.86161
vt 0.09994 0.88243
vt 0.77709 0.00084
vt 0.77536 0.01013
vt 0.77441 0.00079
vt 0.12227 0.69427
vt 0.47703 0.19544
vt 0.48031 0.18970
vt 0.32198 0.48983
vt 0.31712 0.49132
vt 0.32115 0.48522
vt 0.48290 0.18573
vt 0.31913 0.49958
vt 0.32285 0.50326
vt 0.48668 0.16310
vt 0.48693 0.15147
vt 0.19387 0.42972
vt 0.18424 0.42931
vt 0.17973 0.43107
vt 0.49282 0.12487
vt 0.32325 0.57066
vt 0.31954 0.56995
vt 0.32227 0.56873
vt 0.48711 0.04661
vt 0.48807 0.03066
vt 0.52512 0.74282
vt 0.52121 0.74110
vt 0.51818 0.74161
vt 0.24228 0.97387
vt 0.24252 0.96929
vt 0.23915 0.97398
vt 0.48970 0.02259
vt 0.88122 0.90714
vt 0.97566 0.79353
vt 0.97737 0.78886
vt 0.99168 0.79775
vt 0.78697 0.50578
vt 0.78240 0.50432
vt 0.14227 0.77317
vt 0.03277 0.00468
vt 0.10072 0.88477
vt 0.77090 0.01217
vt 0.33131 0.85323
vt 0.77231 0.01154
vt 0.77188 0.00041
vt 0.76377 0.01097
vt 0.76056 0.01384
vt 0.75671 0.00326
vt 0.76579 0.00930
vt 0.34180 0.86356
vt 0.29828 0.08061
vt 0.29468 0.07204
vt 0.32015 0.07006
vt 0.31660 0.48656
vt 0.31611 0.48161
vt 0.48422 0.19103
vt 0.31531 0.50148
vt 0.48842 0.17910
vt 0.31836 0.50605
vt 0.48843 0.17345
vt 0.49232 0.10895
vt 0.48710 0.08740
vt 0.48705 0.06927
vt 0.47822 0.61459
vt 0.73959 0.91471
vt 0.07181 0.49064
vt 0.74359 0.91375
vt 0.52040 0.73956
vt 0.52591 0.73917
vt 0.51953 0.73801
vt 0.52481 0.73642
vt 0.86541 0.90386
vt 0.57835 0.86746
vt 0.88890 0.90790
vt 0.92436 0.62620
vt 0.78237 0.50355
vt 0.78341 0.50288
vt 0.02093 0.00859
vt 0.03776 0.00719
vt 0.14614 0.77015
vt 0.33000 0.86319
vt 0.94420 0.21957
vt 0.94765 0.21994
vt 0.93214 0.21337
vt 0.89550 0.96998
vt 0.48784 0.18536
vt 0.47186 0.61331
vt 0.73543 0.91840
vt 0.73427 0.91437
vt 0.52740 0.74288
vt 0.87467 0.90135
vt 0.40296 0.99684
vt 0.40409 0.95652
vt 0.40325 0.97596
vt 0.99101 0.78862
vt 0.99268 0.78571
vt 0.99489 0.78999
vt 0.99528 0.78156
vt 0.99802 0.78767
vt 0.78060 0.49866
vt 0.78398 0.49754
vt 0.04025 0.00223
vt 0.15557 0.77529
vt 0.15339 0.77279
vt 0.10294 0.88110
vt 0.77401 0.01281
vt 0.76759 0.01481
vt 0.76384 0.01418
vt 0.48786 0.19231
vt 0.31246 0.50170
vt 0.49358 0.15061
vt 0.49322 0.08159
vt 0.49582 0.05498
vt 0.73427 0.91097
vt 0.49404 0.03641
vt 0.74738 0.91324
vt 0.88314 0.89890
vt 0.88903 0.90035
vt 0.34451 0.01428
vt 0.34471 0.01926
vt 0.34893 0.02343
vt 0.98009 0.78822
vt 0.81141 0.82984
vt 0.81089 0.84495
vt 0.80884 0.83146
vt 0.80595 0.83172
vt 0.80337 0.84762
vt 0.80356 0.83145
vt 0.05214 0.24148
vt 0.05170 0.25805
vt 0.04951 0.24642
vt 0.78290 0.50202
vt 0.78163 0.50238
vt 0.99823 0.77530
vt 0.03358 0.00841
vt 0.29726 0.09808
vt 0.29224 0.09163
vt 0.49016 0.18844
vt 0.49257 0.18585
vt 0.49547 0.17985
vt 0.49539 0.17286
vt 0.31288 0.51142
vt 0.30671 0.50364
vt 0.49438 0.16407
vt 0.31932 0.58025
vt 0.30550 0.58624
vt 0.49481 0.06203
vt 0.49764 0.04761
vt 0.72935 0.91344
vt 0.72952 0.91100
vt 0.45359 0.60708
vt 0.45428 0.63287
vt 0.73417 0.90671
vt 0.53388 0.74272
vt 0.53037 0.74064
vt 0.53080 0.73833
vt 0.53528 0.73700
vt 0.75531 0.92847
vt 0.47946 0.87123
vt 0.47638 0.85361
vt 0.47972 0.85445
vt 0.34260 0.02249
vt 0.80870 0.84514
vt 0.04968 0.25480
vt 0.99159 0.78112
vt 0.78160 0.49963
vt 0.78184 0.50049
vt 0.99312 0.77396
vt 0.11197 0.88816
vt 0.11094 0.88496
vt 0.71359 0.92993
vt 0.71673 0.93011
vt 0.71315 0.94019
vt 0.10985 0.88110
vt 0.77097 0.01767
vt 0.71579 0.94092
vt 0.71171 0.94606
vt 0.76558 0.01593
vt 0.72035 0.92869
vt 0.72200 0.93787
vt 0.71911 0.93870
vt 0.71357 0.95637
vt 0.70984 0.96165
vt 0.71776 0.95615
vt 0.71012 0.96743
vt 0.32863 0.86230
vt 0.28582 0.07029
vt 0.23340 0.68145
vt 0.22273 0.71274
vt 0.23193 0.68309
vt 0.72043 0.94873
vt 0.71427 0.97146
vt 0.71097 0.97098
vt 0.72307 0.94987
vt 0.71180 0.97478
vt 0.72178 0.95953
vt 0.71894 0.96928
vt 0.71398 0.97478
vt 0.71899 0.97190
vt 0.72413 0.96385
vt 0.72308 0.96997
vt 0.72654 0.96918
vt 0.73898 0.90771
vt 0.53785 0.74580
vt 0.53786 0.74001
vt 0.76004 0.92973
vt 0.80590 0.84875
vt 0.10836 0.89392
vt 0.11266 0.89038
vt 0.70816 0.93831
vt 0.32590 0.86278
vt 0.77454 0.01913
vt 0.04459 0.94804
vt 0.04289 0.96344
vt 0.03895 0.95367
vt 0.03990 0.96297
vt 0.03927 0.96859
vt 0.72412 0.92434
vt 0.72515 0.93282
vt 0.94752 0.22218
vt 0.72707 0.94982
vt 0.72898 0.95727
vt 0.73102 0.01745
vt 0.71927 0.01898
vt 0.71874 0.01454
vt 0.49665 0.18352
vt 0.49718 0.12376
vt 0.50402 0.10402
vt 0.53813 0.74270
vt 0.87967 0.88503
vt 0.92183 0.62068
vt 0.92462 0.61838
vt 0.11366 0.89267
vt 0.99643 0.76885
vt 0.04032 0.01001
vt 0.76771 0.02239
vt 0.15958 0.76949
vt 0.75776 0.01954
vt 0.03995 0.97675
vt 0.03748 0.97077
vt 0.04478 0.00398
vt 0.72898 0.93138
vt 0.73887 0.01625
vt 0.72889 0.02242
vt 0.50150 0.18215
vt 0.50404 0.17320
vt 0.30701 0.51621
vt 0.31357 0.51656
vt 0.30095 0.52652
vt 0.50330 0.15081
vt 0.30219 0.52789
vt 0.50425 0.11946
vt 0.50463 0.07594
vt 0.72376 0.90939
vt 0.72451 0.90657
vt 0.06813 0.50629
vt 0.07098 0.49886
vt 0.07074 0.50944
vt 0.72577 0.90108
vt 0.50745 0.04037
vt 0.51031 0.03232
vt 0.87165 0.87769
vt 0.58106 0.87040
vt 0.88958 0.88881
vt 0.32975 0.01961
vt 0.33097 0.02303
vt 0.44820 0.37375
vt 0.44536 0.37699
vt 0.44561 0.36692
vt 0.45005 0.36856
vt 0.44889 0.36019
vt 0.44184 0.36778
vt 0.44451 0.35504
vt 0.44760 0.34845
vt 0.04971 0.25876
vt 0.43965 0.35581
vt 0.44239 0.34438
vt 0.43900 0.34370
vt 0.44210 0.33322
vt 0.44507 0.32873
vt 0.43814 0.32816
vt 0.44296 0.32128
vt 0.03764 0.92544
vt 0.04204 0.93447
vt 0.03549 0.94270
vt 0.98984 0.77387
vt 0.04119 0.94036
vt 0.03182 0.95892
vt 0.32051 0.85308
vt 0.43924 0.30834
vt 0.43608 0.30881
vt 0.43725 0.30503
vt 0.28721 0.08840
vt 0.94978 0.22206
vt 0.32300 0.86222
vt 0.32436 0.86429
vt 0.95360 0.21772
vt 0.95416 0.21473
vt 0.16364 0.77235
vt 0.74653 0.02432
vt 0.50398 0.16293
vt 0.50501 0.06302
vt 0.72109 0.90505
vt 0.50870 0.04903
vt 0.72569 0.90437
vt 0.47451 0.60054
vt 0.47107 0.60220
vt 0.45956 0.60228
vt 0.45069 0.60175
vt 0.45287 0.63169
vt 0.73461 0.90260
vt 0.54532 0.74528
vt 0.54579 0.74269
vt 0.53999 0.73622
vt 0.75709 0.92660
vt 0.86468 0.88392
vt 0.47759 0.85085
vt 0.57857 0.87281
vt 0.89542 0.88146
vt 0.32403 0.01843
vt 0.33292 0.02479
vt 0.45091 0.38330
vt 0.45089 0.37840
vt 0.45254 0.37922
vt 0.44454 0.38067
vt 0.03741 0.84575
vt 0.03581 0.84905
vt 0.03564 0.84525
vt 0.44098 0.37599
vt 0.44273 0.38506
vt 0.39964 0.95350
vt 0.40153 0.95863
vt 0.97410 0.79048
vt 0.04022 0.86370
vt 0.04099 0.87538
vt 0.03549 0.86952
vt 0.43862 0.37021
vt 0.97477 0.78392
vt 0.81117 0.85189
vt 0.80861 0.85195
vt 0.43740 0.36080
vt 0.03899 0.89346
vt 0.03853 0.87728
vt 0.44890 0.33009
vt 0.43552 0.34754
vt 0.44780 0.32040
vt 0.44517 0.32119
vt 0.44911 0.31039
vt 0.44632 0.31131
vt 0.43408 0.32846
vt 0.44383 0.31140
vt 0.99067 0.77053
vt 0.43614 0.31960
vt 0.44173 0.31046
vt 0.99162 0.76575
vt 0.43256 0.31011
vt 0.43259 0.29904
vt 0.05331 0.00668
vt 0.03730 0.97510
vt 0.03636 0.97755
vt 0.03453 0.97581
vt 0.95490 0.22098
vt 0.77017 0.02710
vt 0.16879 0.77531
vt 0.75685 0.02581
vt 0.05346 0.00203
vt 0.73537 0.02476
vt 0.71930 0.02377
vt 0.47674 0.60011
vt 0.73098 0.90174
vt 0.58099 0.87313
vt 0.45198 0.39112
vt 0.44913 0.38672
vt 0.03682 0.85691
vt 0.03342 0.85186
vt 0.43711 0.38075
vt 0.03507 0.88021
vt 0.97177 0.78678
vt 0.43362 0.36954
vt 0.03475 0.89379
vt 0.03569 0.90681
vt 0.45208 0.31657
vt 0.84019 0.03023
vt 0.82284 0.02991
vt 0.83190 0.02505
vt 0.81796 0.02518
vt 0.45254 0.30734
vt 0.80780 0.02895
vt 0.79818 0.02438
vt 0.79413 0.02896
vt 0.78407 0.02859
vt 0.77914 0.02395
vt 0.31732 0.85741
vt 0.99454 0.76198
vt 0.03265 0.97399
vt 0.14779 0.83387
vt 0.14530 0.82710
vt 0.14779 0.82266
vt 0.05191 0.00917
vt 0.51082 0.75295
vt 0.51002 0.75620
vt 0.50916 0.75363
vt 0.51002 0.75140
vt 0.05850 0.00367
vt 0.73216 0.03266
vt 0.50826 0.17954
vt 0.06801 0.51403
vt 0.44866 0.59720
vt 0.75986 0.92205
vt 0.76243 0.92170
vt 0.58733 0.87285
vt 0.58497 0.87373
vt 0.44757 0.39087
vt 0.44187 0.38935
vt 0.02797 0.86594
vt 0.02758 0.87596
vt 0.51280 0.60446
vt 0.51377 0.59942
vt 0.50833 0.60333
vt 0.40270 0.94244
vt 0.43650 0.38708
vt 0.02765 0.88525
vt 0.96773 0.78688
vt 0.97197 0.78436
vt 0.85254 0.03018
vt 0.84929 0.03778
vt 0.02851 0.91026
vt 0.03536 0.91594
vt 0.03123 0.92150
vt 0.03495 0.92021
vt 0.02752 0.97326
vt 0.02667 0.97156
vt 0.76930 0.03565
vt 0.75445 0.03448
vt 0.72476 0.03205
vt 0.29107 0.52176
vt 0.29720 0.52099
vt 0.51323 0.12392
vt 0.71773 0.90132
vt 0.71881 0.89914
vt 0.46470 0.59476
vt 0.55287 0.74236
vt 0.54732 0.74022
vt 0.88552 0.87898
vt 0.45201 0.39512
vt 0.40598 0.93207
vt 0.85826 0.03367
vt 0.85338 0.03783
vt 0.02734 0.89403
vt 0.02688 0.90088
vt 0.04915 0.26772
vt 0.83842 0.03774
vt 0.81941 0.03693
vt 0.80152 0.03580
vt 0.78008 0.03668
vt 0.17552 0.77478
vt 0.74051 0.03408
vt 0.71846 0.03139
vt 0.50808 0.15218
vt 0.51562 0.08215
vt 0.51666 0.06206
vt 0.71821 0.89570
vt 0.71807 0.89242
vt 0.72604 0.89502
vt 0.55816 0.74522
vt 0.51584 0.61544
vt 0.51863 0.61184
vt 0.51234 0.61030
vt 0.51870 0.60508
vt 0.86057 0.04005
vt 0.80308 0.85760
vt 0.05095 0.26799
vt 0.31349 0.85549
vt 0.01362 0.12121
vt 0.01259 0.14983
vt 0.01292 0.09010
vt 0.99176 0.75571
vt 0.99680 0.75755
vt 0.29112 0.53189
vt 0.51804 0.10657
vt 0.28599 0.61003
vt 0.28633 0.59738
vt 0.30081 0.61246
vt 0.07240 0.51870
vt 0.06996 0.52231
vt 0.55885 0.73979
vt 0.55119 0.73701
vt 0.87405 0.86895
vt 0.31880 0.02303
vt 0.52073 0.59928
vt 0.75894 0.54296
vt 0.74746 0.54115
vt 0.75345 0.53926
vt 0.98868 0.76560
vt 0.98907 0.75661
vt 0.79413 0.03815
vt 0.25819 0.08057
vt 0.99434 0.75238
vt 0.06677 0.00255
vt 0.18207 0.77622
vt 0.51749 0.17318
vt 0.71082 0.89626
vt 0.71427 0.90057
vt 0.89110 0.87546
vt 0.92199 0.61130
vt 0.92152 0.59047
vt 0.92441 0.60787
vt 0.52222 0.61125
vt 0.52596 0.60535
vt 0.82856 0.04379
vt 0.07098 0.00565
vt 0.51928 0.15604
vt 0.29489 0.51043
vt 0.29129 0.51801
vt 0.28466 0.51797
vt 0.70710 0.89633
vt 0.06632 0.52056
vt 0.06704 0.52966
vt 0.71142 0.89333
vt 0.55618 0.73653
vt 0.56293 0.73636
vt 0.55924 0.74215
vt 0.46987 0.59072
vt 0.76495 0.88902
vt 0.60872 0.88949
vt 0.31234 0.02511
vt 0.00503 0.77772
vt 0.00198 0.77600
vt 0.00336 0.78156
vt 0.52365 0.61813
vt 0.52809 0.61715
vt 0.94860 0.76793
vt 0.85653 0.04646
vt 0.85177 0.04449
vt 0.84279 0.04338
vt 0.81245 0.04234
vt 0.77584 0.04518
vt 0.76149 0.04275
vt 0.99322 0.74523
vt 0.99660 0.74137
vt 0.74416 0.04086
vt 0.06869 0.00824
vt 0.73319 0.04051
vt 0.18608 0.77187
vt 0.17289 0.77175
vt 0.52231 0.13065
vt 0.71909 0.88946
vt 0.56644 0.74245
vt 0.47666 0.59181
vt 0.47226 0.58730
vt 0.51046 0.02290
vt 0.60529 0.89491
vt 0.00372 0.77194
vt 0.53200 0.61166
vt 0.52967 0.59982
vt 0.86283 0.04849
vt 0.26783 0.08758
vt 0.98845 0.74270
vt 0.19304 0.77474
vt 0.28653 0.53570
vt 0.28547 0.52964
vt 0.70543 0.89198
vt 0.71398 0.89087
vt 0.56765 0.73942
vt 0.94484 0.76796
vt 0.80580 0.88771
vt 0.85321 0.05537
vt 0.72681 0.72147
vt 0.72776 0.72824
vt 0.72570 0.73073
vt 0.99074 0.74256
vt 0.72121 0.04715
vt 0.71689 0.04579
vt 0.07647 0.00219
vt 0.72218 0.88854
vt 0.55079 0.04950
vt 0.53747 0.03978
vt 0.53686 0.03250
vt 0.75957 0.88146
vt 0.83345 0.05345
vt 0.80874 0.05227
vt 0.73680 0.54146
vt 0.74269 0.54027
vt 0.74579 0.05153
vt 0.73867 0.04955
vt 0.99303 0.73921
vt 0.52439 0.18282
vt 0.52703 0.18160
vt 0.50946 0.18149
vt 0.53444 0.17774
vt 0.19178 0.77618
vt 0.27239 0.52538
vt 0.28582 0.52237
vt 0.53377 0.11763
vt 0.70065 0.88899
vt 0.70089 0.89113
vt 0.70254 0.88585
vt 0.71026 0.88670
vt 0.71411 0.88564
vt 0.57479 0.74221
vt 0.61206 0.89557
vt 0.89474 0.86082
vt 0.30550 0.02231
vt 0.53639 0.62059
vt 0.53686 0.61541
vt 0.53718 0.60580
vt 0.75837 0.05261
vt 0.72357 0.72206
vt 0.72315 0.73594
vt 0.08626 0.00528
vt 0.53379 0.15251
vt 0.69907 0.88583
vt 0.53093 0.07981
vt 0.71673 0.88377
vt 0.57537 0.73917
vt 0.57884 0.73681
vt 0.46367 0.57263
vt 0.47868 0.84772
vt 0.47838 0.82193
vt 0.48003 0.82272
vt 0.89800 0.86168
vt 0.30302 0.02002
vt 0.85808 0.05666
vt 0.81608 0.05364
vt 0.10357 0.77519
vt 0.10966 0.78179
vt 0.10780 0.77477
vt 0.98975 0.73448
vt 0.99432 0.73302
vt 0.52826 0.18339
vt 0.19907 0.77077
vt 0.53320 0.17303
vt 0.53796 0.16871
vt 0.54069 0.14008
vt 0.28282 0.53900
vt 0.27296 0.54051
vt 0.27864 0.53209
vt 0.70078 0.88062
vt 0.70658 0.88357
vt 0.30646 0.02482
vt 0.00212 0.76135
vt 0.00081 0.76716
vt 0.86386 0.05815
vt 0.79329 0.05257
vt 0.77061 0.05488
vt 0.72584 0.73983
vt 0.98698 0.72866
vt 0.08669 0.00200
vt 0.20199 0.77594
vt 0.20493 0.77453
vt 0.70912 0.88124
vt 0.71085 0.87896
vt 0.88704 0.85251
vt 0.54336 0.61809
vt 0.53966 0.60073
vt 0.71564 0.04939
vt 0.73035 0.06084
vt 0.54900 0.05950
vt 0.58540 0.73957
vt 0.45652 0.57497
vt 0.44729 0.55381
vt 0.75452 0.85837
vt 0.76230 0.88693
vt 0.31100 0.02797
vt 0.00094 0.76066
vt 0.54509 0.61293
vt 0.85893 0.06081
vt 0.84355 0.07043
vt 0.82127 0.05774
vt 0.99109 0.72746
vt 0.99390 0.72287
vt 0.07751 0.00978
vt 0.08804 0.00936
vt 0.09164 0.00736
vt 0.09492 0.00216
vt 0.21021 0.77579
vt 0.69507 0.88331
vt 0.69072 0.87534
vt 0.70066 0.87637
vt 0.59014 0.73640
vt 0.88053 0.84543
vt 0.92003 0.74139
vt 0.81223 0.06183
vt 0.78647 0.06634
vt 0.71344 0.06135
vt 0.72163 0.06319
vt 0.98894 0.71648
vt 0.54038 0.18054
vt 0.20946 0.77117
vt 0.69537 0.87636
vt 0.58360 0.74241
vt 0.58956 0.74235
vt 0.44508 0.55381
vt 0.54562 0.62272
vt 0.54453 0.61884
vt 0.55540 0.60666
vt 0.87723 0.52123
vt 0.87973 0.52643
vt 0.87767 0.53534
vt 0.10664 0.76902
vt 0.10981 0.76478
vt 0.24652 0.08795
vt 0.23715 0.07266
vt 0.21185 0.07072
vt 0.01362 0.19257
vt 0.73740 0.06432
vt 0.22157 0.77389
vt 0.55350 0.09062
vt 0.68892 0.87767
vt 0.70066 0.87364
vt 0.70706 0.87554
vt 0.44352 0.55292
vt 0.75656 0.85964
vt 0.87290 0.84139
vt 0.29049 0.02922
vt 0.28506 0.02454
vt 0.00732 0.76494
vt 0.00373 0.75712
vt 0.00375 0.76659
vt 0.86078 0.07022
vt 0.82947 0.06976
vt 0.76980 0.06599
vt 0.75440 0.06502
vt 0.54084 0.18434
vt 0.98640 0.71898
vt 0.99204 0.71725
vt 0.99567 0.71924
vt 0.09812 0.00556
vt 0.70454 0.87344
vt 0.59341 0.74244
vt 0.59943 0.73944
vt 0.63165 0.91701
vt 0.56256 0.61692
vt 0.81166 0.06923
vt 0.80604 0.06856
vt 0.99461 0.71030
vt 0.10096 0.00744
vt 0.22139 0.77033
vt 0.54869 0.15232
vt 0.27104 0.61240
vt 0.23974 0.61543
vt 0.27256 0.59016
vt 0.69513 0.87216
vt 0.59777 0.74231
vt 0.46963 0.56329
vt 0.46692 0.55999
vt 0.28249 0.02625
vt 0.56099 0.62185
vt 0.84953 0.07139
vt 0.80315 0.91282
vt 0.55386 0.17852
vt 0.99235 0.71201
vt 0.22569 0.77514
vt 0.54870 0.12940
vt 0.68642 0.87795
vt 0.68229 0.87173
vt 0.69097 0.87035
vt 0.56892 0.02630
vt 0.88983 0.83893
vt 0.00336 0.74608
vt 0.56597 0.60324
vt 0.86362 0.08375
vt 0.55344 0.18398
vt 0.98583 0.70571
vt 0.11055 0.00557
vt 0.11044 0.00218
vt 0.06562 0.55989
vt 0.06901 0.55986
vt 0.06877 0.56832
vt 0.60470 0.73619
vt 0.59678 0.73584
vt 0.28449 0.02293
vt 0.71078 0.08547
vt 0.71134 0.07450
vt 0.55435 0.17652
vt 0.98843 0.69944
vt 0.99059 0.70691
vt 0.67841 0.86387
vt 0.68664 0.86856
vt 0.69157 0.86557
vt 0.69568 0.86567
vt 0.70183 0.87089
vt 0.56737 0.03974
vt 0.56560 0.03184
vt 0.56560 0.62570
vt 0.40756 0.94085
vt 0.40996 0.86092
vt 0.86182 0.07795
vt 0.92218 0.74026
vt 0.81141 0.92162
vt 0.81548 0.07765
vt 0.23557 0.08348
vt 0.74174 0.07909
vt 0.55456 0.18522
vt 0.99237 0.70182
vt 0.55409 0.11331
vt 0.68583 0.86366
vt 0.55464 0.06718
vt 0.86137 0.82773
vt 0.00178 0.74680
vt 0.56444 0.60924
vt 0.76087 0.08154
vt 0.72711 0.08353
vt 0.67828 0.87032
vt 0.67744 0.86716
vt 0.68227 0.86508
vt 0.56339 0.61906
vt 0.86088 0.08576
vt 0.83001 0.08065
vt 0.81762 0.08431
vt 0.71940 0.08376
vt 0.56303 0.16741
vt 0.10998 0.00864
vt 0.23938 0.77313
vt 0.23442 0.77009
vt 0.69115 0.86178
vt 0.60728 0.74250
vt 0.61437 0.74245
vt 0.61663 0.73980
vt 0.60655 0.73906
vt 0.46230 0.55836
vt 0.45393 0.56085
vt 0.89516 0.82678
vt 0.28048 0.02805
vt 0.57090 0.61394
vt 0.84890 0.08525
vt 0.80547 0.08097
vt 0.77539 0.08177
vt 0.75214 0.08350
vt 0.12393 0.00645
vt 0.12390 0.00255
vt 0.56590 0.15130
vt 0.68134 0.85683
vt 0.90050 0.82966
vt 0.26907 0.02171
vt 0.57947 0.61875
vt 0.72656 0.76959
vt 0.72663 0.77977
vt 0.72387 0.77295
vt 0.98968 0.69111
vt 0.12136 0.00996
vt 0.23912 0.77458
vt 0.67230 0.86229
vt 0.67881 0.86005
vt 0.68845 0.85952
vt 0.61854 0.74246
vt 0.76215 0.84262
vt 0.01248 0.17663
vt 0.73607 0.08856
vt 0.98523 0.69167
vt 0.62215 0.74255
vt 0.57655 0.62124
vt 0.80862 0.92126
vt 0.79205 0.08435
vt 0.72383 0.78700
vt 0.24734 0.52946
vt 0.22302 0.52509
vt 0.13320 0.00386
vt 0.57285 0.13098
vt 0.66947 0.85500
vt 0.68275 0.85605
vt 0.68614 0.85758
vt 0.62682 0.73980
vt 0.61997 0.73728
vt 0.46815 0.54641
vt 0.88234 0.80253
vt 0.57583 0.62373
vt 0.41445 0.82591
vt 0.91568 0.74407
vt 0.21218 0.07850
vt 0.70937 0.08913
vt 0.66755 0.85704
vt 0.66799 0.85978
vt 0.62636 0.74391
vt 0.63120 0.74215
vt 0.58144 0.07975
vt 0.26402 0.02423
vt 0.58832 0.60996
vt 0.58953 0.60575
vt 0.83628 0.09840
vt 0.81081 0.09593
vt 0.78607 0.09719
vt 0.77030 0.09359
vt 0.72681 0.79181
vt 0.13563 0.00737
vt 0.24981 0.76885
vt 0.13565 0.00207
vt 0.25071 0.77269
vt 0.58499 0.12922
vt 0.67233 0.85398
vt 0.67575 0.85246
vt 0.62596 0.73609
vt 0.63222 0.73920
vt 0.63509 0.73545
vt 0.87390 0.80641
vt 0.86188 0.10408
vt 0.85044 0.09995
vt 0.33467 0.88191
vt 0.33679 0.88441
vt 0.37760 0.88374
vt 0.91892 0.74334
vt 0.82124 0.09714
vt 0.79467 0.09766
vt 0.57430 0.17825
vt 0.57510 0.16765
vt 0.98564 0.68070
vt 0.68063 0.85236
vt 0.58389 0.09869
vt 0.44893 0.52365
vt 0.75931 0.84224
vt 0.26156 0.02597
vt 0.26005 0.02757
vt 0.80601 0.92208
vt 0.74573 0.09276
vt 0.70999 0.10480
vt 0.56974 0.18595
vt 0.66370 0.85315
vt 0.67524 0.84874
vt 0.63816 0.73958
vt 0.63916 0.92071
vt 0.63897 0.92625
vt 0.88761 0.80566
vt 0.00277 0.73112
vt 0.00042 0.73977
vt 0.58834 0.60794
vt 0.57574 0.17535
vt 0.57529 0.15275
vt 0.98136 0.68000
vt 0.66841 0.84689
vt 0.63871 0.74392
vt 0.63996 0.74221
vt 0.75697 0.84255
vt 0.76468 0.83618
vt 0.64172 0.92025
vt 0.90050 0.80717
vt 0.72640 0.10365
vt 0.98391 0.67488
vt 0.98729 0.67048
vt 0.99043 0.67717
vt 0.14683 0.00460
vt 0.26211 0.77390
vt 0.26151 0.77182
vt 0.66101 0.84945
vt 0.66366 0.84748
vt 0.60135 0.05937
vt 0.75408 0.84349
vt 0.86386 0.10657
vt 0.80385 0.92354
vt 0.20529 0.08416
vt 0.58395 0.15230
vt 0.98874 0.66706
vt 0.14630 0.00767
vt 0.66903 0.84442
vt 0.64435 0.74011
vt 0.64431 0.73775
vt 0.41265 0.81860
vt 0.20587 0.08847
vt 0.76402 0.10565
vt 0.74816 0.10553
vt 0.71806 0.10354
vt 0.98328 0.67235
vt 0.53444 0.99470
vt 0.53536 0.99389
vt 0.53451 0.99268
vt 0.06671 0.60091
vt 0.07118 0.60023
vt 0.07122 0.60494
vt 0.06813 0.60568
vt 0.65959 0.84503
vt 0.64503 0.74219
vt 0.74250 0.10472
vt 0.73537 0.10375
vt 0.53594 0.99065
vt 0.54233 0.99180
vt 0.54114 0.98933
vt 0.54067 0.99480
vt 0.54796 0.99492
vt 0.55000 0.99089
vt 0.55168 0.99455
vt 0.66401 0.84295
vt 0.98858 0.54334
vt 0.98716 0.54431
vt 0.98690 0.54134
vt 0.99086 0.54393
vt 0.24542 0.02139
vt 0.00255 0.72052
vt 0.60129 0.61996
vt 0.58069 0.61768
vt 0.86040 0.10894
vt 0.84679 0.10881
vt 0.91751 0.73940
vt 0.83025 0.10816
vt 0.51480 0.77771
vt 0.50749 0.77780
vt 0.51673 0.78030
vt 0.50963 0.77637
vt 0.51792 0.77346
vt 0.51074 0.77400
vt 0.51087 0.77142
vt 0.81316 0.10730
vt 0.52777 0.77590
vt 0.79768 0.10705
vt 0.53966 0.77994
vt 0.78711 0.10688
vt 0.55810 0.77237
vt 0.56613 0.77912
vt 0.57179 0.77685
vt 0.55617 0.77422
vt 0.58202 0.77271
vt 0.57646 0.78079
vt 0.58562 0.17080
vt 0.58054 0.77479
vt 0.58684 0.77996
vt 0.58746 0.78183
vt 0.96047 0.69108
vt 0.96179 0.68702
vt 0.97093 0.67961
vt 0.59292 0.77594
vt 0.59245 0.77770
vt 0.59492 0.77393
vt 0.58861 0.77142
vt 0.59348 0.77927
vt 0.98169 0.67234
vt 0.98116 0.67608
vt 0.19300 0.86584
vt 0.19953 0.86545
vt 0.18758 0.86068
vt 0.98557 0.66471
vt 0.15112 0.00579
vt 0.53414 0.98787
vt 0.53725 0.99814
vt 0.54013 0.98759
vt 0.54841 0.99880
vt 0.99152 0.66284
vt 0.99231 0.65843
vt 0.99958 0.65580
vt 0.55183 0.98787
vt 0.55124 0.99826
vt 0.55207 0.99177
vt 0.65704 0.84723
vt 0.65699 0.84410
vt 0.55433 0.98947
vt 0.22589 0.87541
vt 0.23245 0.87700
vt 0.22481 0.87189
vt 0.66839 0.84227
vt 0.22932 0.87795
vt 0.99542 0.54003
vt 0.99523 0.54351
vt 0.99293 0.54323
vt 0.67233 0.84390
vt 0.23156 0.87883
vt 0.99362 0.55194
vt 0.68369 0.84165
vt 0.98853 0.54866
vt 0.98626 0.55215
vt 0.23774 0.88048
vt 0.99104 0.56711
vt 0.99495 0.56888
vt 0.98677 0.56861
vt 0.99357 0.56869
vt 0.98851 0.56939
vt 0.99542 0.61258
vt 0.99395 0.61463
vt 0.98898 0.62358
vt 0.98682 0.61036
vt 0.99150 0.62452
vt 0.98701 0.62390
vt 0.99344 0.62650
vt 0.74237 0.84139
vt 0.75109 0.83921
vt 0.76124 0.83748
vt 0.61420 0.62445
vt 0.33054 0.88486
vt 0.91956 0.73620
vt 0.92434 0.73367
vt 0.93377 0.71805
vt 0.93764 0.71664
vt 0.93866 0.71771
vt 0.58788 0.18450
vt 0.58750 0.17828
vt 0.59216 0.17476
vt 0.14565 0.84222
vt 0.15564 0.84904
vt 0.18457 0.85734
vt 0.96853 0.67878
vt 0.92548 0.22058
vt 0.93146 0.22458
vt 0.93266 0.22058
vt 0.94130 0.22303
vt 0.98079 0.66875
vt 0.20779 0.86654
vt 0.20883 0.86492
vt 0.98890 0.65895
vt 0.64821 0.84252
vt 0.65350 0.84141
vt 0.65464 0.84431
vt 0.65817 0.84165
vt 0.26773 0.57596
vt 0.20622 0.57821
vt 0.21404 0.55886
vt 0.66864 0.83795
vt 0.67551 0.83969
vt 0.25174 0.88635
vt 0.23778 0.87778
vt 0.69788 0.84285
vt 0.69780 0.83892
vt 0.27758 0.89863
vt 0.73001 0.84033
vt 0.73618 0.83811
vt 0.27879 0.90156
vt 0.60578 0.03209
vt 0.28960 0.90584
vt 0.75667 0.83716
vt 0.87165 0.80006
vt 0.61883 0.61535
vt 0.33099 0.89151
vt 0.33321 0.88711
vt 0.91811 0.73475
vt 0.93022 0.71897
vt 0.91799 0.00600
vt 0.98127 0.00922
vt 0.97215 0.00600
vt 0.97785 0.66870
vt 0.97810 0.66716
vt 0.98495 0.66210
vt 0.56468 0.67717
vt 0.55699 0.67975
vt 0.55546 0.67694
vt 0.99582 0.65344
vt 0.55291 0.67962
vt 0.54996 0.67737
vt 0.66547 0.83846
vt 0.67671 0.83720
vt 0.73724 0.83538
vt 0.75289 0.83585
vt 0.76225 0.83113
vt 0.61256 0.62246
vt 0.23855 0.10089
vt 0.23459 0.09923
vt 0.23178 0.10179
vt 0.05305 0.33841
vt 0.05405 0.34044
vt 0.05163 0.34070
vt 0.21216 0.10088
vt 0.20244 0.09941
vt 0.16190 0.10071
vt 0.15187 0.09939
vt 0.14779 0.10190
vt 0.97500 0.66431
vt 0.95545 0.80104
vt 0.95290 0.80264
vt 0.94879 0.80104
vt 0.56994 0.67694
vt 0.56674 0.68229
vt 0.55418 0.68398
vt 0.65533 0.83986
vt 0.65862 0.83338
vt 0.66268 0.83525
vt 0.26127 0.99051
vt 0.25104 0.99233
vt 0.27130 0.99194
vt 0.31104 0.99168
vt 0.31582 0.98919
vt 0.45700 0.52202
vt 0.43818 0.50947
vt 0.33271 0.99172
vt 0.75484 0.83321
vt 0.75706 0.83121
vt 0.89018 0.80060
vt 0.32265 0.88191
vt 0.32414 0.88442
vt 0.92686 0.70469
vt 0.92816 0.70239
vt 0.92935 0.70443
vt 0.83435 0.11799
vt 0.23452 0.09705
vt 0.23302 0.09696
vt 0.81508 0.11447
vt 0.79439 0.11141
vt 0.75783 0.11657
vt 0.59451 0.15279
vt 0.22466 0.52963
vt 0.19382 0.52946
vt 0.97354 0.67081
vt 0.97229 0.66982
vt 0.50000 0.58970
vt 0.50559 0.59048
vt 0.50351 0.59293
vt 0.21690 0.63931
vt 0.21325 0.64368
vt 0.21663 0.64332
vt 0.56245 0.68373
vt 0.55635 0.68415
vt 0.22085 0.85923
vt 0.21995 0.86159
vt 0.22294 0.86202
vt 0.66643 0.83098
vt 0.66901 0.83295
vt 0.67154 0.83474
vt 0.04334 0.52385
vt 0.04175 0.52454
vt 0.04121 0.52216
vt 0.46204 0.51422
vt 0.60399 0.02575
vt 0.75941 0.83037
vt 0.89539 0.79561
vt 0.22576 0.02567
vt 0.60422 0.61888
vt 0.82544 0.12365
vt 0.76791 0.11648
vt 0.70816 0.12209
vt 0.60374 0.18578
vt 0.97124 0.66659
vt 0.97209 0.66153
vt 0.97371 0.65871
vt 0.98568 0.65987
vt 0.50037 0.58654
vt 0.21233 0.85766
vt 0.20946 0.85689
vt 0.21150 0.85892
vt 0.65316 0.83671
vt 0.65561 0.83156
vt 0.66277 0.83033
vt 0.04561 0.52434
vt 0.60779 0.04962
vt 0.86201 0.79408
vt 0.00433 0.71423
vt 0.92101 0.69583
vt 0.93071 0.70011
vt 0.02206 0.89753
vt 0.01933 0.89923
vt 0.01962 0.90913
vt 0.02144 0.90804
vt 0.05366 0.35026
vt 0.01235 0.21450
vt 0.74453 0.11952
vt 0.73501 0.11982
vt 0.72695 0.12380
vt 0.96642 0.66903
vt 0.98690 0.14043
vt 0.98699 0.13474
vt 0.98921 0.13368
vt 0.98939 0.14001
vt 0.99332 0.13390
vt 0.51748 0.58985
vt 0.51428 0.58813
vt 0.51711 0.58582
vt 0.20494 0.63983
vt 0.60117 0.12353
vt 0.67445 0.82840
vt 0.04704 0.52376
vt 0.04560 0.53107
vt 0.60251 0.08170
vt 0.65521 0.93876
vt 0.22402 0.02391
vt 0.61073 0.60518
vt 0.86207 0.12689
vt 0.85974 0.12338
vt 0.85008 0.12506
vt 0.80820 0.12164
vt 0.79409 0.11626
vt 0.96152 0.66535
vt 0.96215 0.66268
vt 0.52143 0.58497
vt 0.60102 0.10239
vt 0.67169 0.82577
vt 0.04081 0.53060
vt 0.60505 0.03809
vt 0.75400 0.83198
vt 0.75669 0.81645
vt 0.22496 0.02703
vt 0.63637 0.60915
vt 0.77013 0.12385
vt 0.18604 0.08664
vt 0.17710 0.07095
vt 0.71751 0.12495
vt 0.60575 0.16862
vt 0.96127 0.66790
vt 0.98803 0.14690
vt 0.99295 0.14007
vt 0.66476 0.81955
vt 0.67523 0.82338
vt 0.04587 0.53649
vt 0.04397 0.53588
vt 0.89840 0.78555
vt 0.61664 0.62074
vt 0.62281 0.61051
vt 0.92340 0.70508
vt 0.91128 0.69573
vt 0.91333 0.69427
vt 0.17661 0.08332
vt 0.60515 0.18005
vt 0.60765 0.17645
vt 0.50412 0.58168
vt 0.50927 0.57779
vt 0.51148 0.58087
vt 0.19907 0.64341
vt 0.20701 0.64371
vt 0.66069 0.82182
vt 0.67129 0.81763
vt 0.04289 0.54067
vt 0.46263 0.49794
vt 0.44035 0.51537
vt 0.75464 0.81498
vt 0.87332 0.78042
vt 0.95399 0.66590
vt 0.95913 0.65999
vt 0.45920 0.10528
vt 0.45106 0.10528
vt 0.45294 0.10769
vt 0.66756 0.81839
vt 0.67494 0.81735
vt 0.04510 0.54361
vt 0.18717 0.60850
vt 0.20403 0.59151
vt 0.22975 0.60062
vt 0.44627 0.50934
vt 0.67138 0.95059
vt 0.84829 0.13424
vt 0.81338 0.12847
vt 0.78841 0.13403
vt 0.18847 0.08777
vt 0.76004 0.12704
vt 0.74929 0.12938
vt 0.60477 0.15293
vt 0.95975 0.65678
vt 0.44505 0.10621
vt 0.67801 0.81721
vt 0.05129 0.37669
vt 0.83951 0.13355
vt 0.80472 0.13136
vt 0.17659 0.07801
vt 0.01353 0.22606
vt 0.94903 0.66217
vt 0.67180 0.81258
vt 0.03933 0.54615
vt 0.03990 0.53666
vt 0.04297 0.54772
vt 0.44106 0.50491
vt 0.87816 0.77675
vt 0.85969 0.13752
vt 0.81779 0.13338
vt 0.73417 0.12811
vt 0.98605 0.15869
vt 0.98553 0.15267
vt 0.98747 0.15321
vt 0.94947 0.65942
vt 0.18645 0.52298
vt 0.00233 0.71338
vt 0.61008 0.18523
vt 0.62198 0.18259
vt 0.98744 0.16089
vt 0.19094 0.64062
vt 0.18608 0.64485
vt 0.19323 0.64471
vt 0.62467 0.13765
vt 0.66391 0.81389
vt 0.66876 0.81199
vt 0.68167 0.81095
vt 0.04453 0.55127
vt 0.76500 0.78170
vt 0.67567 0.95162
vt 0.66818 0.95317
vt 0.61869 0.17885
vt 0.52866 0.57316
vt 0.53099 0.56725
vt 0.53310 0.56755
vt 0.51688 0.57357
vt 0.51709 0.56667
vt 0.52255 0.56570
vt 0.67876 0.80400
vt 0.22274 0.01914
vt 0.21795 0.02115
vt 0.73718 0.13992
vt 0.98646 0.16457
vt 0.94032 0.66095
vt 0.94965 0.65526
vt 0.18079 0.64131
vt 0.63171 0.11434
vt 0.68147 0.80464
vt 0.68322 0.80697
vt 0.04254 0.55574
vt 0.45607 0.49296
vt 0.75960 0.78853
vt 0.76232 0.78598
vt 0.00731 0.69961
vt 0.84671 0.14620
vt 0.83414 0.14411
vt 0.80580 0.14134
vt 0.16573 0.08684
vt 0.72699 0.14297
vt 0.70970 0.13764
vt 0.70873 0.12825
vt 0.61973 0.18430
vt 0.62418 0.16866
vt 0.98988 0.16897
vt 0.99326 0.16082
vt 0.94767 0.66593
vt 0.93885 0.66457
vt 0.07139 0.90192
vt 0.06536 0.90237
vt 0.07238 0.90432
vt 0.62593 0.09646
vt 0.03909 0.55506
vt 0.04495 0.55579
vt 0.63677 0.61971
vt 0.63402 0.60612
vt 0.62222 0.15891
vt 0.62481 0.15207
vt 0.18021 0.64576
vt 0.51963 0.56025
vt 0.52262 0.55842
vt 0.04493 0.56357
vt 0.64310 0.04899
vt 0.43855 0.50130
vt 0.89647 0.76109
vt 0.63695 0.62218
vt 0.86218 0.14932
vt 0.85860 0.14288
vt 0.81052 0.14932
vt 0.80818 0.14572
vt 0.79178 0.14317
vt 0.01211 0.23829
vt 0.76596 0.14249
vt 0.71086 0.14063
vt 0.71676 0.14450
vt 0.93071 0.66250
vt 0.45420 0.28143
vt 0.45212 0.27947
vt 0.45420 0.26381
vt 0.44838 0.27439
vt 0.44938 0.26390
vt 0.17018 0.64197
vt 0.66894 0.80343
vt 0.67436 0.79983
vt 0.68685 0.80063
vt 0.04312 0.56577
vt 0.63366 0.03966
vt 0.21417 0.02670
vt 0.63921 0.61648
vt 0.92332 0.71127
vt 0.86128 0.67046
vt 0.74851 0.14187
vt 0.93165 0.65838
vt 0.17444 0.46865
vt 0.18197 0.46878
vt 0.17777 0.46735
vt 0.67817 0.79704
vt 0.03926 0.56358
vt 0.75707 0.76423
vt 0.89108 0.75253
vt 0.63833 0.62516
vt 0.85695 0.15051
vt 0.62289 0.18357
vt 0.62654 0.17663
vt 0.63644 0.17389
vt 0.98623 0.17842
vt 0.98595 0.17189
vt 0.98726 0.17245
vt 0.92715 0.66469
vt 0.93397 0.66474
vt 0.17286 0.64592
vt 0.18316 0.46742
vt 0.68319 0.79499
vt 0.68698 0.79496
vt 0.63804 0.06733
vt 0.64739 0.06018
vt 0.44538 0.49916
vt 0.20016 0.02419
vt 0.83988 0.15215
vt 0.69064 0.79368
vt 0.04536 0.57200
vt 0.45745 0.48271
vt 0.88627 0.74717
vt 0.19721 0.01698
vt 0.19883 0.02085
vt 0.85961 0.67250
vt 0.76544 0.14947
vt 0.74822 0.15166
vt 0.71208 0.15042
vt 0.92151 0.66447
vt 0.92305 0.65869
vt 0.16600 0.64617
vt 0.18900 0.46865
vt 0.03942 0.57343
vt 0.04383 0.57449
vt 0.46140 0.48876
vt 0.63584 0.02583
vt 0.87996 0.74562
vt 0.64480 0.60867
vt 0.01765 0.83343
vt 0.05344 0.41618
vt 0.85292 0.16020
vt 0.82605 0.16001
vt 0.82060 0.16061
vt 0.80833 0.15825
vt 0.73493 0.16003
vt 0.72526 0.15808
vt 0.63299 0.18260
vt 0.91913 0.66213
vt 0.93378 0.65669
vt 0.92863 0.65319
vt 0.93914 0.65376
vt 0.15972 0.64177
vt 0.67491 0.79259
vt 0.19945 0.02764
vt 0.78503 0.15900
vt 0.01323 0.26740
vt 0.63357 0.18159
vt 0.64537 0.18204
vt 0.91518 0.66429
vt 0.98586 0.18993
vt 0.98613 0.18384
vt 0.98906 0.18918
vt 0.91884 0.65666
vt 0.15481 0.64631
vt 0.68076 0.78890
vt 0.68869 0.78089
vt 0.68850 0.78601
vt 0.69240 0.78598
vt 0.04581 0.58008
vt 0.87371 0.75246
vt 0.64443 0.62147
vt 0.65043 0.61844
vt 0.64687 0.60442
vt 0.42207 0.71252
vt 0.86697 0.66589
vt 0.02039 0.83596
vt 0.84790 0.16111
vt 0.91084 0.65927
vt 0.20046 0.46820
vt 0.19593 0.46774
vt 0.18874 0.46717
vt 0.69469 0.78728
vt 0.04421 0.58195
vt 0.86184 0.76347
vt 0.75533 0.73593
vt 0.64629 0.61504
vt 0.85974 0.16154
vt 0.86184 0.66540
vt 0.76519 0.15976
vt 0.91009 0.66289
vt 0.64802 0.16547
vt 0.04057 0.58384
vt 0.69449 0.97523
vt 0.65083 0.62250
vt 0.41945 0.72171
vt 0.13413 0.07106
vt 0.71978 0.16398
vt 0.67990 0.78386
vt 0.69825 0.78212
vt 0.04630 0.58679
vt 0.04459 0.58819
vt 0.13296 0.07933
vt 0.71285 0.16239
vt 0.90156 0.65829
vt 0.14545 0.64065
vt 0.64429 0.13999
vt 0.68842 0.77637
vt 0.69437 0.77781
vt 0.66984 0.03118
vt 0.74720 0.16318
vt 0.98555 0.19758
vt 0.98524 0.20261
vt 0.98293 0.20356
vt 0.98934 0.19898
vt 0.90093 0.66182
vt 0.98421 0.19478
vt 0.90484 0.65654
vt 0.91425 0.65328
vt 0.20761 0.46782
vt 0.20460 0.46735
vt 0.65220 0.12056
vt 0.64365 0.10385
vt 0.69927 0.77526
vt 0.04678 0.59279
vt 0.76249 0.74653
vt 0.18563 0.02385
vt 0.01432 0.68676
vt 0.01393 0.68377
vt 0.01149 0.69025
vt 0.65684 0.61590
vt 0.86199 0.66805
vt 0.85194 0.17204
vt 0.84644 0.16820
vt 0.83290 0.16857
vt 0.80788 0.16619
vt 0.76618 0.16781
vt 0.14781 0.64613
vt 0.70114 0.77735
vt 0.04494 0.59520
vt 0.75979 0.74640
vt 0.65735 0.60965
vt 0.65783 0.60454
vt 0.65922 0.59942
vt 0.98512 0.20743
vt 0.71557 0.17094
vt 0.90561 0.65274
vt 0.14443 0.64619
vt 0.65183 0.15270
vt 0.68540 0.77528
vt 0.69562 0.76920
vt 0.04128 0.59511
vt 0.04663 0.59845
vt 0.67075 0.03793
vt 0.44692 0.46503
vt 0.18714 0.01748
vt 0.18947 0.02235
vt 0.65767 0.61921
vt 0.98392 0.21193
vt 0.72246 0.17203
vt 0.13684 0.64067
vt 0.13672 0.64527
vt 0.65177 0.17417
vt 0.65635 0.10629
vt 0.66315 0.07828
vt 0.70072 0.76393
vt 0.70429 0.77314
vt 0.46156 0.48001
vt 0.86537 0.72046
vt 0.65620 0.62297
vt 0.05081 0.41536
vt 0.84352 0.17539
vt 0.13344 0.08690
vt 0.89156 0.65766
vt 0.15817 0.52204
vt 0.15315 0.53221
vt 0.15099 0.52130
vt 0.66323 0.08573
vt 0.70410 0.76213
vt 0.70432 0.76739
vt 0.43677 0.46895
vt 0.87373 0.73664
vt 0.89679 0.75135
vt 0.83219 0.17551
vt 0.81410 0.17522
vt 0.79218 0.17414
vt 0.76655 0.17324
vt 0.89237 0.66296
vt 0.74807 0.17317
vt 0.73344 0.17275
vt 0.65576 0.13358
vt 0.89975 0.10448
vt 0.89622 0.09904
vt 0.89991 0.09874
vt 0.04648 0.60415
vt 0.04215 0.60547
vt 0.44265 0.48040
vt 0.93073 0.47587
vt 0.92682 0.47310
vt 0.92929 0.46345
vt 0.17707 0.01713
vt 0.66289 0.61955
vt 0.66369 0.61580
vt 0.66374 0.61001
vt 0.66601 0.60382
vt 0.85355 0.17982
vt 0.84881 0.17692
vt 0.98466 0.21832
vt 0.98532 0.21317
vt 0.98866 0.20936
vt 0.89126 0.65245
vt 0.12260 0.63994
vt 0.13216 0.64520
vt 0.71324 0.17482
vt 0.13650 0.64652
vt 0.68924 0.76950
vt 0.69613 0.76398
vt 0.45997 0.47231
vt 0.68074 0.02280
vt 0.69319 0.97664
vt 0.17759 0.02204
vt 0.01234 0.68270
vt 0.01375 0.67765
vt 0.01056 0.68000
vt 0.88097 0.66283
vt 0.99156 0.21369
vt 0.88105 0.65506
vt 0.12550 0.64482
vt 0.65816 0.18229
vt 0.66266 0.16248
vt 0.14476 0.53006
vt 0.70910 0.75846
vt 0.89950 0.09298
vt 0.89556 0.08804
vt 0.04545 0.61162
vt 0.69774 0.97524
vt 0.89580 0.74155
vt 0.83518 0.17958
vt 0.79746 0.18190
vt 0.77202 0.18053
vt 0.87997 0.65720
vt 0.12694 0.64570
vt 0.66604 0.17991
vt 0.66238 0.17358
vt 0.15837 0.60753
vt 0.13323 0.61120
vt 0.14663 0.59535
vt 0.66804 0.04886
vt 0.46211 0.46400
vt 0.43979 0.46290
vt 0.76531 0.74410
vt 0.69873 0.97342
vt 0.66842 0.61993
vt 0.66929 0.61565
vt 0.67067 0.61011
vt 0.84421 0.18218
vt 0.89800 0.01482
vt 0.87243 0.01481
vt 0.88850 0.01626
vt 0.78723 0.18154
vt 0.88171 0.01810
vt 0.01180 0.28529
vt 0.76103 0.17668
vt 0.11960 0.64400
vt 0.71990 0.18139
vt 0.66457 0.15253
vt 0.66451 0.13253
vt 0.66527 0.06215
vt 0.69267 0.76274
vt 0.89880 0.08712
vt 0.90133 0.09127
vt 0.45771 0.46366
vt 0.43329 0.47259
vt 0.88537 0.73261
vt 0.46775 0.91075
vt 0.45981 0.91048
vt 0.46442 0.90605
vt 0.85043 0.18480
vt 0.83483 0.18443
vt 0.82089 0.18350
vt 0.80900 0.18304
vt 0.98373 0.22713
vt 0.98391 0.22230
vt 0.99084 0.22463
vt 0.12052 0.64538
vt 0.14932 0.51739
vt 0.14297 0.51003
vt 0.15060 0.51256
vt 0.66408 0.11693
vt 0.66358 0.10557
vt 0.69618 0.75692
vt 0.70579 0.74887
vt 0.90064 0.08237
vt 0.88044 0.72776
vt 0.67402 0.61615
vt 0.46220 0.90220
vt 0.46877 0.90121
vt 0.46529 0.89311
vt 0.46812 0.89221
vt 0.87595 0.66194
vt 0.87191 0.66141
vt 0.77117 0.18306
vt 0.87705 0.65206
vt 0.74615 0.18350
vt 0.72676 0.18315
vt 0.71338 0.18281
vt 0.66623 0.18391
vt 0.70865 0.74793
vt 0.44384 0.45630
vt 0.89881 0.08038
vt 0.46604 0.87807
vt 0.47028 0.87917
vt 0.47152 0.86791
vt 0.46564 0.85889
vt 0.47336 0.85698
vt 0.47007 0.84255
vt 0.98894 0.23339
vt 0.99286 0.22877
vt 0.78258 0.18585
vt 0.10848 0.63931
vt 0.56004 0.51697
vt 0.56303 0.51341
vt 0.56429 0.51910
vt 0.11581 0.64518
vt 0.70906 0.75184
vt 0.43313 0.45608
vt 0.75687 0.73798
vt 0.16623 0.01743
vt 0.85648 0.67246
vt 0.86373 0.67749
vt 0.41894 0.70861
vt 0.85892 0.67005
vt 0.04990 0.41857
vt 0.04892 0.41533
vt 0.98404 0.23491
vt 0.98346 0.23664
vt 0.98371 0.23098
vt 0.86624 0.65979
vt 0.86978 0.65520
vt 0.87554 0.02173
vt 0.10994 0.64395
vt 0.75927 0.18539
vt 0.74657 0.18814
vt 0.67231 0.17365
vt 0.67205 0.16650
vt 0.67513 0.10819
vt 0.67398 0.07825
vt 0.69992 0.75124
vt 0.89550 0.07523
vt 0.76006 0.74248
vt 0.76243 0.74187
vt 0.69547 0.97697
vt 0.16888 0.02279
vt 0.85511 0.66993
vt 0.99958 0.86419
vt 0.99709 0.87734
vt 0.99715 0.85949
vt 0.01989 0.81831
vt 0.46040 0.88424
vt 0.46367 0.86647
vt 0.99260 0.23648
vt 0.46700 0.84430
vt 0.46649 0.82601
vt 0.87005 0.02145
vt 0.47336 0.83163
vt 0.46784 0.82158
vt 0.71318 0.18659
vt 0.66988 0.18527
vt 0.13065 0.51959
vt 0.13456 0.50982
vt 0.13734 0.52734
vt 0.14483 0.51908
vt 0.67339 0.15072
vt 0.12622 0.62858
vt 0.12597 0.62730
vt 0.14076 0.62870
vt 0.71303 0.74504
vt 0.89909 0.07639
vt 0.04704 0.62646
vt 0.04274 0.62541
vt 0.04619 0.62044
vt 0.47845 0.69262
vt 0.47419 0.69113
vt 0.47764 0.69124
vt 0.89041 0.72777
vt 0.89497 0.73087
vt 0.85668 0.66743
vt 0.85755 0.66527
vt 0.45898 0.86746
vt 0.45338 0.87452
vt 0.45370 0.86775
vt 0.45902 0.84934
vt 0.46128 0.85963
vt 0.46397 0.83223
vt 0.46194 0.83186
vt 0.46322 0.82928
vt 0.46259 0.82687
vt 0.46027 0.82472
vt 0.46119 0.82189
vt 0.86826 0.02385
vt 0.11642 0.08124
vt 0.47121 0.82010
vt 0.46358 0.81239
vt 0.46895 0.80767
vt 0.72261 0.19112
vt 0.67393 0.18099
vt 0.67358 0.12418
vt 0.67344 0.06089
vt 0.71473 0.74812
vt 0.04583 0.63076
vt 0.69832 0.97840
vt 0.69636 0.97992
vt 0.47637 0.68856
vt 0.87303 0.72135
vt 0.01707 0.81863
vt 0.05323 0.43017
vt 0.05128 0.43081
vt 0.85675 0.65968
vt 0.85997 0.65443
vt 0.07491 0.66608
vt 0.07346 0.66588
vt 0.07161 0.66872
vt 0.07265 0.67201
vt 0.07989 0.67405
vt 0.08137 0.66959
vt 0.07982 0.66983
vt 0.86570 0.65198
vt 0.46048 0.81908
vt 0.09568 0.64212
vt 0.11570 0.08752
vt 0.10921 0.07122
vt 0.10235 0.64498
vt 0.10977 0.64538
vt 0.46222 0.79012
vt 0.46589 0.78430
vt 0.71195 0.19416
vt 0.70461 0.74397
vt 0.45163 0.45542
vt 0.43921 0.44253
vt 0.04249 0.63254
vt 0.89867 0.06696
vt 0.90053 0.07207
vt 0.76518 0.72884
vt 0.70831 0.98178
vt 0.88411 0.72320
vt 0.85378 0.65817
vt 0.90133 0.13152
vt 0.89536 0.13090
vt 0.89320 0.13305
vt 0.90037 0.13542
vt 0.89549 0.13605
vt 0.89629 0.13760
vt 0.90055 0.13811
vt 0.58658 0.70096
vt 0.58662 0.69840
vt 0.58251 0.69831
vt 0.58243 0.70090
vt 0.58818 0.69615
vt 0.58330 0.69524
vt 0.43172 0.20085
vt 0.43672 0.20327
vt 0.43349 0.19840
vt 0.85737 0.01482
vt 0.43582 0.19996
vt 0.43572 0.19656
vt 0.01301 0.29136
vt 0.67683 0.18894
vt 0.67564 0.17075
vt 0.67869 0.10380
vt 0.46122 0.45442
vt 0.43027 0.44654
vt 0.71680 0.74128
vt 0.71996 0.73993
vt 0.89679 0.06464
vt 0.90071 0.06719
vt 0.75996 0.72898
vt 0.15353 0.01881
vt 0.84875 0.65806
vt 0.99958 0.87907
vt 0.04989 0.63050
vt 0.04966 0.62683
vt 0.05285 0.62904
vt 0.86323 0.02381
vt 0.46021 0.80061
vt 0.45910 0.78640
vt 0.45832 0.77292
vt 0.46241 0.77403
vt 0.68098 0.18662
vt 0.68174 0.13194
vt 0.68152 0.11739
vt 0.13323 0.57114
vt 0.12351 0.57832
vt 0.11944 0.55874
vt 0.67986 0.08330
vt 0.68038 0.06873
vt 0.68050 0.06021
vt 0.68063 0.04676
vt 0.70790 0.73970
vt 0.71272 0.73941
vt 0.76311 0.71333
vt 0.71464 0.99480
vt 0.88486 0.71751
vt 0.16246 0.01377
vt 0.15381 0.01720
vt 0.83306 0.65653
vt 0.85681 0.65206
vt 0.44638 0.19928
vt 0.09515 0.64468
vt 0.04788 0.62011
vt 0.86153 0.02522
vt 0.45475 0.77142
vt 0.68016 0.19133
vt 0.68048 0.18095
vt 0.68162 0.15030
vt 0.68112 0.03814
vt 0.68206 0.03022
vt 0.89857 0.06225
vt 0.90133 0.06212
vt 0.04591 0.63556
vt 0.04507 0.64052
vt 0.87891 0.72025
vt 0.15133 0.01115
vt 0.83508 0.65506
vt 0.84218 0.65645
vt 0.85156 0.65848
vt 0.85178 0.65526
vt 0.86436 0.64869
vt 0.43652 0.20506
vt 0.44630 0.20497
vt 0.58757 0.69170
vt 0.59320 0.69235
vt 0.59203 0.68989
vt 0.44682 0.20251
vt 0.72481 0.83307
vt 0.73480 0.83307
vt 0.72648 0.83387
vt 0.88097 0.13454
vt 0.88627 0.13769
vt 0.59617 0.69979
vt 0.59518 0.69805
vt 0.59746 0.69491
vt 0.05497 0.61852
vt 0.05624 0.62715
vt 0.10850 0.08974
vt 0.89555 0.39651
vt 0.89671 0.40034
vt 0.88144 0.39092
vt 0.68332 0.16986
vt 0.45371 0.44621
vt 0.33502 0.82669
vt 0.33646 0.82484
vt 0.33046 0.82671
vt 0.71655 0.73552
vt 0.72050 0.73612
vt 0.89620 0.06045
vt 0.96794 0.88484
vt 0.97260 0.88353
vt 0.96827 0.88191
vt 0.47792 0.66497
vt 0.47852 0.68794
vt 0.71623 0.99412
vt 0.05313 0.43655
vt 0.01800 0.81551
vt 0.85468 0.64732
vt 0.88052 0.13090
vt 0.08913 0.64379
vt 0.05138 0.61781
vt 0.85550 0.02159
vt 0.10060 0.07518
vt 0.17943 0.75941
vt 0.18130 0.76134
vt 0.18132 0.75998
vt 0.88323 0.39597
vt 0.88012 0.39535
vt 0.68265 0.19409
vt 0.68438 0.18880
vt 0.68424 0.18010
vt 0.68779 0.09936
vt 0.68743 0.08766
vt 0.68549 0.04595
vt 0.46004 0.44607
vt 0.43466 0.44939
vt 0.71271 0.73490
vt 0.97041 0.88671
vt 0.97352 0.88626
vt 0.75762 0.71346
vt 0.87376 0.71380
vt 0.87859 0.71439
vt 0.84615 0.65555
vt 0.99910 0.88271
vt 0.02206 0.81305
vt 0.37724 0.98962
vt 0.38241 0.98999
vt 0.37677 0.98839
vt 0.84603 0.65486
vt 0.84961 0.65205
vt 0.84995 0.64950
vt 0.07680 0.65823
vt 0.88072 0.13211
vt 0.88082 0.13619
vt 0.60195 0.69703
vt 0.18223 0.76117
vt 0.18656 0.75941
vt 0.18823 0.76374
vt 0.87608 0.39213
vt 0.87966 0.38296
vt 0.88262 0.38583
vt 0.68752 0.15922
vt 0.68972 0.14812
vt 0.69040 0.13206
vt 0.69046 0.11191
vt 0.68749 0.05948
vt 0.88475 0.63525
vt 0.88468 0.63191
vt 0.88657 0.63806
vt 0.68856 0.02909
vt 0.68894 0.02122
vt 0.86774 0.71283
vt 0.71857 0.99208
vt 0.38260 0.98839
vt 0.58286 0.49179
vt 0.58831 0.48842
vt 0.59077 0.49261
vt 0.07561 0.65718
vt 0.45254 0.20697
vt 0.00583 0.29478
vt 0.00239 0.29547
vt 0.00271 0.28153
vt 0.60162 0.70049
vt 0.45126 0.20014
vt 0.05496 0.61449
vt 0.11882 0.66449
vt 0.12089 0.66932
vt 0.12289 0.66495
vt 0.10033 0.08175
vt 0.18147 0.76581
vt 0.18285 0.76554
vt 0.86417 0.39211
vt 0.86566 0.39260
vt 0.86154 0.39439
vt 0.87262 0.39371
vt 0.87289 0.39235
vt 0.87350 0.39028
vt 0.11615 0.50053
vt 0.12113 0.49470
vt 0.12089 0.49968
vt 0.11824 0.51835
vt 0.11649 0.50962
vt 0.12045 0.51349
vt 0.13786 0.86840
vt 0.13131 0.86829
vt 0.13523 0.87124
vt 0.12630 0.87170
vt 0.11724 0.86885
vt 0.11795 0.87077
vt 0.10854 0.86908
vt 0.10882 0.87064
vt 0.11234 0.87573
vt 0.11813 0.56057
vt 0.11504 0.56852
vt 0.11640 0.55995
vt 0.11225 0.57326
vt 0.11374 0.57148
vt 0.11651 0.57190
vt 0.90544 0.28431
vt 0.90386 0.28034
vt 0.90955 0.26400
vt 0.68839 0.06827
vt 0.68905 0.04783
vt 0.43308 0.44397
vt 0.43717 0.44265
vt 0.68808 0.03495
vt 0.14505 0.01312
vt 0.14604 0.01749
vt 0.14748 0.01999
vt 0.15119 0.02235
vt 0.45133 0.20324
vt 0.85355 0.01485
vt 0.85444 0.01907
vt 0.60215 0.69409
vt 0.45169 0.19656
vt 0.04987 0.61476
vt 0.05811 0.61800
vt 0.05795 0.61460
vt 0.10472 0.09168
vt 0.10199 0.08953
vt 0.10240 0.07017
vt 0.11550 0.07006
vt 0.94391 0.18866
vt 0.94314 0.18803
vt 0.94376 0.18727
vt 0.18904 0.76576
vt 0.19329 0.76353
vt 0.86863 0.39269
vt 0.86378 0.39468
vt 0.10650 0.09406
vt 0.11543 0.52723
vt 0.11751 0.53153
vt 0.11383 0.53053
vt 0.13947 0.86944
vt 0.13913 0.87080
vt 0.13464 0.87432
vt 0.10167 0.87630
vt 0.09960 0.86832
vt 0.09710 0.87500
vt 0.11233 0.57193
vt 0.97960 0.65212
vt 0.98709 0.65212
vt 0.98013 0.65370
vt 0.09617 0.86840
vt 0.98651 0.65532
vt 0.69103 0.09585
vt 0.89997 0.29211
vt 0.90758 0.25394
vt 0.91292 0.25520
vt 0.46209 0.44281
vt 0.69146 0.04269
vt 0.95365 0.43590
vt 0.95005 0.43537
vt 0.95311 0.43366
vt 0.75513 0.71353
vt 0.88415 0.71092
vt 0.93379 0.77044
vt 0.93351 0.77350
vt 0.93648 0.77172
vt 0.93542 0.77614
vt 0.85221 0.01537
vt 0.93190 0.19154
vt 0.94859 0.19408
vt 0.94881 0.19150
vt 0.91454 0.18712
vt 0.93105 0.18791
vt 0.92579 0.18571
vt 0.19684 0.76532
vt 0.19976 0.76309
vt 0.20275 0.76556
vt 0.94033 0.18490
vt 0.94977 0.18579
vt 0.95087 0.18381
vt 0.09700 0.53095
vt 0.10436 0.53203
vt 0.10580 0.53042
vt 0.88985 0.35804
vt 0.88547 0.35016
vt 0.89114 0.34674
vt 0.89574 0.29611
vt 0.89838 0.28305
vt 0.91039 0.24597
vt 0.91337 0.23705
vt 0.91465 0.24285
vt 0.51672 0.53199
vt 0.51948 0.53343
vt 0.45806 0.44177
vt 0.45630 0.44284
vt 0.44850 0.44060
vt 0.50759 0.52903
vt 0.50696 0.52482
vt 0.49853 0.52562
vt 0.69410 0.02142
vt 0.50123 0.52965
vt 0.49369 0.53172
vt 0.49845 0.53325
vt 0.49596 0.53902
vt 0.49084 0.53827
vt 0.94000 0.42898
vt 0.93621 0.43190
vt 0.93633 0.43008
vt 0.87625 0.70815
vt 0.71907 0.98919
vt 0.92289 0.19528
vt 0.94011 0.19445
vt 0.94885 0.19816
vt 0.88401 0.19258
vt 0.88135 0.19020
vt 0.88517 0.19056
vt 0.88393 0.19394
vt 0.89242 0.19083
vt 0.89469 0.19230
vt 0.89291 0.19303
vt 0.90741 0.19220
vt 0.89614 0.18966
vt 0.90648 0.18917
vt 0.88542 0.18481
vt 0.88652 0.18948
vt 0.88806 0.18449
vt 0.88999 0.18925
vt 0.89889 0.18743
vt 0.90399 0.18754
vt 0.10246 0.49325
vt 0.09959 0.49248
vt 0.10283 0.48585
vt 0.88220 0.18363
vt 0.89196 0.18160
vt 0.89482 0.18391
vt 0.90996 0.18349
vt 0.95709 0.18625
vt 0.95921 0.18559
vt 0.96242 0.18745
vt 0.89987 0.18129
vt 0.88720 0.17936
vt 0.89290 0.17852
vt 0.92101 0.17973
vt 0.92631 0.18160
vt 0.93660 0.17987
vt 0.94385 0.17843
vt 0.95482 0.17748
vt 0.95758 0.17784
vt 0.90242 0.17971
vt 0.91669 0.17770
vt 0.93672 0.17734
vt 0.93965 0.17292
vt 0.94905 0.17363
vt 0.92000 0.39474
vt 0.92063 0.39329
vt 0.92631 0.40198
vt 0.33024 0.78545
vt 0.31850 0.78464
vt 0.31916 0.78583
vt 0.94303 0.16545
vt 0.95292 0.16288
vt 0.95004 0.16218
vt 0.95523 0.16018
vt 0.95680 0.16243
vt 0.94830 0.15559
vt 0.11116 0.53095
vt 0.98095 0.57446
vt 0.98199 0.57055
vt 0.98293 0.57017
vt 0.88582 0.33976
vt 0.69678 0.14292
vt 0.69734 0.12062
vt 0.89306 0.28717
vt 0.89002 0.28580
vt 0.88827 0.28356
vt 0.59172 0.76261
vt 0.59330 0.76242
vt 0.58799 0.76197
vt 0.88949 0.27795
vt 0.89183 0.27173
vt 0.89228 0.27422
vt 0.58767 0.76102
vt 0.58312 0.76204
vt 0.10945 0.59793
vt 0.10724 0.60453
vt 0.10763 0.59868
vt 0.10988 0.60872
vt 0.10932 0.62489
vt 0.10725 0.61298
vt 0.95584 0.04283
vt 0.95809 0.04523
vt 0.95818 0.05451
vt 0.90364 0.24869
vt 0.90470 0.24608
vt 0.95485 0.04010
vt 0.95891 0.04023
vt 0.90688 0.24346
vt 0.90680 0.23866
vt 0.51455 0.53831
vt 0.51757 0.53480
vt 0.45367 0.44051
vt 0.51121 0.54050
vt 0.50687 0.53387
vt 0.69506 0.02825
vt 0.50396 0.54026
vt 0.49974 0.54086
vt 0.86877 0.70802
vt 0.92718 0.43150
vt 0.93252 0.42771
vt 0.93090 0.43292
vt 0.13863 0.00841
vt 0.13941 0.01431
vt 0.14259 0.02122
vt 0.21148 0.75149
vt 0.20070 0.75413
vt 0.21469 0.75592
vt 0.18561 0.75008
vt 0.17099 0.74948
vt 0.18382 0.75348
vt 0.18681 0.75314
vt 0.19720 0.74948
vt 0.08591 0.65916
vt 0.08658 0.65552
vt 0.08463 0.65799
vt 0.15279 0.74740
vt 0.15763 0.75164
vt 0.09873 0.49711
vt 0.10283 0.49840
vt 0.89176 0.19529
vt 0.89505 0.19603
vt 0.10711 0.66160
vt 0.09604 0.66284
vt 0.11251 0.66644
vt 0.09812 0.48711
vt 0.09672 0.49259
vt 0.96771 0.18642
vt 0.97060 0.18792
vt 0.09791 0.48408
vt 0.96270 0.18365
vt 0.09979 0.48096
vt 0.97102 0.16986
vt 0.57845 0.57526
vt 0.57778 0.57098
vt 0.58160 0.57105
vt 0.88188 0.17864
vt 0.97735 0.18830
vt 0.57974 0.56476
vt 0.57553 0.56702
vt 0.89322 0.17618
vt 0.90473 0.17722
vt 0.57862 0.55892
vt 0.58083 0.55354
vt 0.57865 0.55074
vt 0.57827 0.54466
vt 0.58108 0.54170
vt 0.57724 0.53306
vt 0.58021 0.53126
vt 0.58160 0.52162
vt 0.67896 0.89684
vt 0.67985 0.89392
vt 0.67184 0.89789
vt 0.67053 0.90272
vt 0.96508 0.16795
vt 0.98147 0.16392
vt 0.98136 0.18788
vt 0.91546 0.39566
vt 0.91629 0.39328
vt 0.91231 0.39214
vt 0.91952 0.39933
vt 0.92321 0.40392
vt 0.92516 0.40356
vt 0.66986 0.89752
vt 0.66507 0.90058
vt 0.91288 0.38777
vt 0.91634 0.39002
vt 0.91149 0.17255
vt 0.91154 0.16981
vt 0.91609 0.17012
vt 0.91882 0.17221
vt 0.91038 0.38215
vt 0.91342 0.38220
vt 0.91668 0.38768
vt 0.33184 0.78440
vt 0.32850 0.78175
vt 0.32813 0.77953
vt 0.32239 0.77951
vt 0.31973 0.78148
vt 0.31200 0.78280
vt 0.31385 0.78511
vt 0.91801 0.16802
vt 0.92200 0.16820
vt 0.92373 0.17072
vt 0.92888 0.16783
vt 0.66632 0.89576
vt 0.66498 0.89606
vt 0.93694 0.16966
vt 0.93783 0.16552
vt 0.98250 0.18514
vt 0.90733 0.37518
vt 0.90714 0.38123
vt 0.90495 0.37427
vt 0.90993 0.37590
vt 0.91535 0.38181
vt 0.34312 0.78293
vt 0.33806 0.78162
vt 0.33736 0.78534
vt 0.33637 0.78012
vt 0.31363 0.77805
vt 0.30951 0.77941
vt 0.30749 0.78104
vt 0.30795 0.78328
vt 0.30318 0.78101
vt 0.92652 0.16582
vt 0.66153 0.89392
vt 0.91167 0.37503
vt 0.34397 0.78018
vt 0.34330 0.77851
vt 0.30820 0.77686
vt 0.93447 0.16230
vt 0.93464 0.39752
vt 0.93905 0.39817
vt 0.93958 0.39912
vt 0.90478 0.36719
vt 0.90712 0.36618
vt 0.90919 0.36931
vt 0.35089 0.78161
vt 0.34935 0.77874
vt 0.30225 0.77556
vt 0.30014 0.77592
vt 0.29852 0.77800
vt 0.93075 0.16262
vt 0.93703 0.16472
vt 0.93959 0.16374
vt 0.90347 0.35978
vt 0.35705 0.78032
vt 0.35542 0.77830
vt 0.35370 0.77618
vt 0.99474 0.96277
vt 0.98912 0.95986
vt 0.99875 0.96186
vt 0.35899 0.77615
vt 0.29414 0.77270
vt 0.28851 0.77208
vt 0.93982 0.15612
vt 0.94119 0.15764
vt 0.96779 0.15968
vt 0.36541 0.77710
vt 0.36323 0.77612
vt 0.36434 0.77325
vt 0.95642 0.15457
vt 0.98050 0.95852
vt 0.90553 0.35305
vt 0.28880 0.76982
vt 0.90290 0.35239
vt 0.37011 0.77274
vt 0.94420 0.15275
vt 0.97656 0.95524
vt 0.98375 0.95539
vt 0.74303 0.67680
vt 0.74445 0.67856
vt 0.73969 0.68129
vt 0.95542 0.15392
vt 0.95413 0.14999
vt 0.98248 0.13571
vt 0.97755 0.95280
vt 0.74081 0.68450
vt 0.74540 0.68201
vt 0.73771 0.68869
vt 0.94829 0.14629
vt 0.95032 0.14962
vt 0.97017 0.14336
vt 0.97145 0.95219
vt 0.90721 0.34296
vt 0.90130 0.34609
vt 0.90354 0.34597
vt 0.97291 0.95009
vt 0.95610 0.14516
vt 0.95919 0.13865
vt 0.98141 0.13956
vt 0.90594 0.33703
vt 0.97151 0.94697
vt 0.98217 0.56425
vt 0.90870 0.33649
vt 0.96575 0.94804
vt 0.96460 0.94360
vt 0.95841 0.13868
vt 0.97188 0.13085
vt 0.95395 0.93956
vt 0.96054 0.94198
vt 0.91115 0.32299
vt 0.90406 0.33331
vt 0.95994 0.13164
vt 0.95686 0.93990
vt 0.90849 0.32068
vt 0.91215 0.31595
vt 0.95581 0.93458
vt 0.95853 0.93484
vt 0.96137 0.11486
vt 0.97189 0.11262
vt 0.98193 0.10128
vt 0.98285 0.09382
vt 0.94150 0.91664
vt 0.91917 0.30559
vt 0.96269 0.11386
vt 0.94262 0.92315
vt 0.94552 0.91811
vt 0.96318 0.10567
vt 0.60674 0.56797
vt 0.60741 0.57974
vt 0.60575 0.56683
vt 0.97127 0.09452
vt 0.91850 0.30080
vt 0.92313 0.29677
vt 0.94068 0.91219
vt 0.88986 0.31719
vt 0.89055 0.30764
vt 0.89812 0.30891
vt 0.60791 0.57318
vt 0.95905 0.09372
vt 0.92377 0.30098
vt 0.94237 0.90948
vt 0.92631 0.29263
vt 0.93587 0.90976
vt 0.93660 0.90626
vt 0.93790 0.90503
vt 0.93980 0.90196
vt 0.97046 0.08296
vt 0.30690 0.69936
vt 0.30336 0.70043
vt 0.30876 0.70308
vt 0.60824 0.57987
vt 0.60718 0.58862
vt 0.31538 0.70296
vt 0.93594 0.89831
vt 0.95748 0.08524
vt 0.93214 0.89862
vt 0.93364 0.89496
vt 0.93683 0.89044
vt 0.98081 0.06901
vt 0.98283 0.07642
vt 0.31967 0.70382
vt 0.31916 0.70121
vt 0.95664 0.08435
vt 0.96045 0.07557
vt 0.93468 0.89073
vt 0.32462 0.70464
vt 0.59482 0.75976
vt 0.59992 0.75701
vt 0.59138 0.75919
vt 0.95541 0.07576
vt 0.32748 0.70222
vt 0.93249 0.88705
vt 0.95753 0.07489
vt 0.93450 0.88218
vt 0.93715 0.88095
vt 0.98314 0.83055
vt 0.98416 0.83211
vt 0.97943 0.83241
vt 0.95909 0.06867
vt 0.33099 0.70518
vt 0.96249 0.06141
vt 0.33803 0.70242
vt 0.93293 0.87697
vt 0.93651 0.87601
vt 0.97665 0.82985
vt 0.98263 0.82918
vt 0.58214 0.75837
vt 0.33895 0.70455
vt 0.97203 0.83247
vt 0.97168 0.83408
vt 0.58098 0.76044
vt 0.93634 0.86880
vt 0.94608 0.27140
vt 0.94407 0.26715
vt 0.94701 0.26352
vt 0.98100 0.05046
vt 0.98293 0.05253
vt 0.93825 0.86998
vt 0.96404 0.83576
vt 0.96913 0.83162
vt 0.34971 0.70161
vt 0.93540 0.86618
vt 0.34509 0.70642
vt 0.93976 0.86165
vt 0.94094 0.86312
vt 0.96043 0.83927
vt 0.57681 0.75835
vt 0.95911 0.06279
vt 0.94456 0.85627
vt 0.96376 0.83322
vt 0.57024 0.75911
vt 0.93882 0.85813
vt 0.94256 0.85416
vt 0.94727 0.85080
vt 0.95476 0.84229
vt 0.95845 0.83698
vt 0.94660 0.28392
vt 0.94185 0.28137
vt 0.94541 0.27719
vt 0.95983 0.05446
vt 0.94054 0.84730
vt 0.94402 0.84892
vt 0.94819 0.84591
vt 0.94811 0.84436
vt 0.95305 0.83918
vt 0.56873 0.75819
vt 0.56306 0.75848
vt 0.56382 0.75701
vt 0.98212 0.04253
vt 0.55745 0.75774
vt 0.96079 0.04202
vt 0.96633 0.04153
vt 0.49001 0.50545
vt 0.49482 0.50660
vt 0.49349 0.50320
vt 0.51833 0.50738
vt 0.49053 0.50886
vt 0.49430 0.51005
vt 0.50409 0.50992
vt 0.52010 0.50953
vt 0.52024 0.51186
vt 0.54928 0.51160
vt 0.54870 0.50932
vt 0.54678 0.51262
vt 0.96638 0.04003
vt 0.51183 0.54231
vt 0.50852 0.54050
vt 0.50481 0.54243
vt 0.17719 0.66416
vt 0.18242 0.66823
vt 0.20132 0.66634
vt 0.16297 0.66539
vt 0.12770 0.65995
vt 0.12673 0.66203
vt 0.14762 0.66587
vt 0.15114 0.66275
vt 0.07820 0.65418
vt 0.08212 0.65742
vt 0.09410 0.49681
vt 0.09587 0.47998
vt 0.57486 0.57500
vt 0.57668 0.56320
vt 0.57457 0.56345
vt 0.57724 0.54688
vt 0.57476 0.54632
vt 0.57429 0.53356
vt 0.57433 0.53076
vt 0.57865 0.52497
vt 0.57785 0.52235
vt 0.47881 0.24778
vt 0.48206 0.24390
vt 0.48364 0.24755
vt 0.03705 0.11169
vt 0.03789 0.11122
vt 0.03705 0.10929
vt 0.49175 0.24841
vt 0.20812 0.97423
vt 0.20790 0.97597
vt 0.21373 0.97551
vt 0.21457 0.97744
vt 0.21756 0.00732
vt 0.21585 0.00558
vt 0.21081 0.00846
vt 0.49394 0.25053
vt 0.49226 0.25295
vt 0.20082 0.97021
vt 0.19974 0.97176
vt 0.20979 0.00457
vt 0.20643 0.00790
vt 0.19411 0.97036
vt 0.19433 0.96714
vt 0.34908 0.77610
vt 0.12864 0.74259
vt 0.12864 0.73654
vt 0.12531 0.73716
vt 0.12584 0.73058
vt 0.90183 0.36624
vt 0.89967 0.35964
vt 0.35997 0.77393
vt 0.29737 0.77104
vt 0.74967 0.67533
vt 0.74710 0.67332
vt 0.74983 0.66733
vt 0.44338 0.20697
vt 0.44088 0.21213
vt 0.44338 0.21497
vt 0.90013 0.35446
vt 0.74835 0.67990
vt 0.52380 0.93715
vt 0.52579 0.94005
vt 0.51743 0.93837
vt 0.96200 0.22430
vt 0.96001 0.23009
vt 0.95843 0.22890
vt 0.74532 0.68824
vt 0.74178 0.68996
vt 0.73912 0.69641
vt 0.98043 0.56255
vt 0.90170 0.33949
vt 0.98293 0.55765
vt 0.90502 0.32600
vt 0.87656 0.33166
vt 0.87578 0.33514
vt 0.87575 0.33135
vt 0.88517 0.33489
vt 0.88205 0.33161
vt 0.88751 0.31833
vt 0.91413 0.30722
vt 0.73777 0.72119
vt 0.73875 0.73428
vt 0.73795 0.73496
vt 0.95205 0.92387
vt 0.94568 0.91417
vt 0.94514 0.91126
vt 0.29808 0.69958
vt 0.29184 0.70015
vt 0.30227 0.70353
vt 0.73917 0.74506
vt 0.30922 0.70490
vt 0.94092 0.89490
vt 0.94228 0.89957
vt 0.74098 0.75069
vt 0.73938 0.75367
vt 0.88543 0.29839
vt 0.88413 0.29966
vt 0.88816 0.29153
vt 0.31488 0.70706
vt 0.93861 0.88997
vt 0.31948 0.70763
vt 0.98836 0.83017
vt 0.99030 0.82801
vt 0.99090 0.82980
vt 0.99603 0.82746
vt 0.69317 0.60408
vt 0.69317 0.59768
vt 0.69234 0.60326
vt 0.98832 0.83233
vt 0.94940 0.24961
vt 0.94415 0.25201
vt 0.94376 0.24852
vt 0.95129 0.24460
vt 0.93915 0.88608
vt 0.32591 0.70852
vt 0.87618 0.49120
vt 0.87218 0.48678
vt 0.87544 0.48642
vt 0.94825 0.25752
vt 0.94515 0.25518
vt 0.33222 0.70897
vt 0.94281 0.26004
vt 0.93583 0.25286
vt 0.93770 0.25353
vt 0.33765 0.70755
vt 0.87425 0.42570
vt 0.87264 0.43075
vt 0.87170 0.42825
vt 0.96869 0.83702
vt 0.97426 0.83536
vt 0.94297 0.26299
vt 0.94270 0.26554
vt 0.92900 0.25773
vt 0.94347 0.27187
vt 0.94271 0.26948
vt 0.03875 0.16072
vt 0.03832 0.16307
vt 0.04149 0.16119
vt 0.93114 0.25517
vt 0.34925 0.70564
vt 0.94073 0.27604
vt 0.94132 0.27234
vt 0.03289 0.15973
vt 0.35879 0.69936
vt 0.35431 0.70564
vt 0.35837 0.70459
vt 0.94796 0.88831
vt 0.94796 0.87310
vt 0.94629 0.88141
vt 0.93709 0.85104
vt 0.95349 0.83477
vt 0.94221 0.28751
vt 0.57348 0.75733
vt 0.95129 0.29644
vt 0.95085 0.30544
vt 0.94298 0.29448
vt 0.48717 0.97597
vt 0.48787 0.98077
vt 0.48301 0.97700
vt 0.55329 0.50320
vt 0.55091 0.50644
vt 0.55121 0.50900
vt 0.48535 0.98165
vt 0.48400 0.98423
vt 0.48140 0.98090
vt 0.51304 0.50363
vt 0.53208 0.50725
vt 0.48041 0.98582
vt 0.47835 0.98288
vt 0.53466 0.51147
vt 0.54435 0.50768
vt 0.97204 0.03911
vt 0.98230 0.03803
vt 0.38701 0.90326
vt 0.39159 0.90299
vt 0.38873 0.90425
vt 0.51915 0.43304
vt 0.51489 0.43247
vt 0.51725 0.43559
vt 0.51379 0.43627
vt 0.50570 0.51220
vt 0.53811 0.51434
vt 0.54494 0.51521
vt 0.50295 0.43475
vt 0.50377 0.43710
vt 0.50678 0.43186
vt 0.49297 0.43600
vt 0.49155 0.44007
vt 0.47579 0.44206
vt 0.47484 0.43845
vt 0.48458 0.43469
vt 0.46993 0.44322
vt 0.46866 0.43957
vt 0.46723 0.43665
vt 0.46550 0.43751
vt 0.45548 0.43681
vt 0.44254 0.43722
vt 0.43485 0.44063
vt 0.91141 0.22127
vt 0.90420 0.21803
vt 0.90703 0.21257
vt 0.91211 0.21396
vt 0.87166 0.70416
vt 0.75729 0.59137
vt 0.75083 0.58424
vt 0.75722 0.58546
vt 0.09353 0.48757
vt 0.57328 0.57101
vt 0.57305 0.56646
vt 0.57272 0.55833
vt 0.57449 0.55381
vt 0.57275 0.54776
vt 0.57135 0.54204
vt 0.47057 0.24458
vt 0.49162 0.24484
vt 0.49476 0.24548
vt 0.49669 0.24808
vt 0.20068 0.97471
vt 0.20106 0.97742
vt 0.20485 0.97738
vt 0.21403 0.98015
vt 0.21614 0.97902
vt 0.22253 0.97650
vt 0.22848 0.97935
vt 0.49723 0.25555
vt 0.17964 0.96355
vt 0.18931 0.96820
vt 0.18828 0.96500
vt 0.23399 0.97801
vt 0.23266 0.98086
vt 0.24017 0.97650
vt 0.46253 0.03643
vt 0.46087 0.03901
vt 0.46253 0.04363
vt 0.35836 0.77210
vt 0.53081 0.94165
vt 0.52602 0.94275
vt 0.96204 0.21888
vt 0.95863 0.21753
vt 0.96295 0.21453
vt 0.95754 0.21966
vt 0.52279 0.94265
vt 0.95897 0.22452
vt 0.95646 0.22228
vt 0.83897 0.48956
vt 0.83457 0.49164
vt 0.83612 0.48799
vt 0.51533 0.94192
vt 0.95637 0.22861
vt 0.83144 0.49138
vt 0.82958 0.48987
vt 0.51059 0.93853
vt 0.74342 0.69354
vt 0.50405 0.94096
vt 0.50405 0.93715
vt 0.95666 0.23944
vt 0.95421 0.23974
vt 0.95649 0.23428
vt 0.73969 0.70018
vt 0.73785 0.70152
vt 0.49667 0.93823
vt 0.74230 0.70522
vt 0.73734 0.70459
vt 0.74211 0.71195
vt 0.73730 0.70970
vt 0.90721 0.31782
vt 0.73826 0.71332
vt 0.74221 0.71946
vt 0.98454 0.38569
vt 0.97976 0.37417
vt 0.98890 0.39031
vt 0.91599 0.30121
vt 0.79051 0.48685
vt 0.78771 0.48698
vt 0.78953 0.48904
vt 0.74338 0.73338
vt 0.74072 0.74276
vt 0.77879 0.48993
vt 0.77904 0.49127
vt 0.77254 0.49075
vt 0.77208 0.49219
vt 0.76607 0.49204
vt 0.74407 0.75065
vt 0.74514 0.75471
vt 0.99875 0.82893
vt 0.99390 0.83086
vt 0.99192 0.83274
vt 0.87635 0.49550
vt 0.87181 0.49074
vt 0.86904 0.48000
vt 0.87206 0.48114
vt 0.04517 0.16351
vt 0.04704 0.16405
vt 0.04608 0.16103
vt 0.74286 0.49246
vt 0.74851 0.49224
vt 0.74254 0.49056
vt 0.86567 0.47532
vt 0.86930 0.47549
vt 0.94166 0.26592
vt 0.93832 0.26233
vt 0.07785 0.52717
vt 0.07619 0.52402
vt 0.07619 0.52802
vt 0.73562 0.49050
vt 0.73750 0.48774
vt 0.02537 0.92084
vt 0.02264 0.91885
vt 0.02015 0.92194
vt 0.73299 0.48804
vt 0.73158 0.48923
vt 0.72731 0.48660
vt 0.01762 0.92027
vt 0.01374 0.92181
vt 0.94044 0.27047
vt 0.92678 0.26927
vt 0.94017 0.28003
vt 0.36595 0.70285
vt 0.34484 0.90366
vt 0.35216 0.90131
vt 0.34369 0.90222
vt 0.93913 0.28600
vt 0.33975 0.90563
vt 0.32740 0.90705
vt 0.93959 0.28944
vt 0.93545 0.28149
vt 0.92903 0.27892
vt 0.92206 0.26398
vt 0.91996 0.26730
vt 0.48813 0.98545
vt 0.93926 0.29780
vt 0.93595 0.29995
vt 0.92936 0.28296
vt 0.92221 0.27372
vt 0.91882 0.27060
vt 0.48540 0.98854
vt 0.48130 0.99079
vt 0.51777 0.42886
vt 0.51341 0.42988
vt 0.49003 0.43322
vt 0.47234 0.43686
vt 0.47408 0.43350
vt 0.46107 0.43680
vt 0.43109 0.43596
vt 0.38289 0.81592
vt 0.37280 0.81819
vt 0.38433 0.81892
vt 0.09250 0.49211
vt 0.85067 0.22847
vt 0.84756 0.23149
vt 0.84359 0.23165
vt 0.84468 0.22778
vt 0.84645 0.23302
vt 0.44401 0.24005
vt 0.45975 0.24208
vt 0.45411 0.24288
vt 0.44359 0.24242
vt 0.57077 0.53262
vt 0.17598 0.96499
vt 0.17725 0.96323
vt 0.17446 0.96114
vt 0.83972 0.49211
vt 0.50873 0.94150
vt 0.82523 0.49161
vt 0.82356 0.48942
vt 0.82054 0.49148
vt 0.82071 0.48992
vt 0.74372 0.69622
vt 0.74311 0.70032
vt 0.81596 0.49219
vt 0.81621 0.49002
vt 0.97391 0.35954
vt 0.97893 0.36636
vt 0.97512 0.36712
vt 0.81082 0.48997
vt 0.98104 0.37015
vt 0.98441 0.37727
vt 0.98898 0.38742
vt 0.99060 0.38774
vt 0.99042 0.08907
vt 0.98874 0.08199
vt 0.98922 0.07446
vt 0.03705 0.04844
vt 0.03843 0.04684
vt 0.03955 0.04844
vt 0.74430 0.74023
vt 0.74623 0.74619
vt 0.74720 0.75026
vt 0.74777 0.75635
vt 0.74937 0.75484
vt 0.09596 0.63067
vt 0.09841 0.63215
vt 0.10106 0.63119
vt 0.75146 0.75935
vt 0.74760 0.76021
vt 0.87268 0.49680
vt 0.86984 0.48702
vt 0.86615 0.48690
vt 0.86713 0.48511
vt 0.02623 0.91713
vt 0.86459 0.48404
vt 0.86526 0.48206
vt 0.02034 0.91713
vt 0.35845 0.89637
vt 0.35527 0.89700
vt 0.35603 0.89978
vt 0.35198 0.89878
vt 0.32145 0.90765
vt 0.32204 0.90898
vt 0.93711 0.28862
vt 0.31960 0.90993
vt 0.93581 0.28893
vt 0.93298 0.28380
vt 0.66558 0.99480
vt 0.66522 0.99640
vt 0.67569 0.99577
vt 0.51393 0.42813
vt 0.49111 0.43108
vt 0.46474 0.43306
vt 0.45817 0.43238
vt 0.44649 0.43435
vt 0.09405 0.46510
vt 0.11133 0.46341
vt 0.09450 0.46315
vt 0.07518 0.47152
vt 0.07870 0.46523
vt 0.05748 0.47227
vt 0.05520 0.46868
vt 0.04233 0.47214
vt 0.08831 0.49267
vt 0.08816 0.48967
vt 0.84333 0.30825
vt 0.84395 0.29659
vt 0.84751 0.30621
vt 0.84373 0.31107
vt 0.84402 0.28299
vt 0.84800 0.29250
vt 0.09056 0.48458
vt 0.84505 0.26627
vt 0.84682 0.25544
vt 0.84846 0.27137
vt 0.85249 0.23087
vt 0.85124 0.23511
vt 0.84645 0.24708
vt 0.84963 0.24697
vt 0.45444 0.23618
vt 0.44824 0.23616
vt 0.45741 0.23505
vt 0.57321 0.91551
vt 0.56985 0.91330
vt 0.56725 0.91544
vt 0.57465 0.91755
vt 0.56422 0.91398
vt 0.56474 0.91131
vt 0.57866 0.91664
vt 0.58202 0.91800
vt 0.58057 0.91544
vt 0.57168 0.91269
vt 0.58118 0.91487
vt 0.58136 0.91238
vt 0.84471 0.77553
vt 0.84775 0.78015
vt 0.84510 0.78469
vt 0.58675 0.91461
vt 0.58457 0.91308
vt 0.58355 0.91558
vt 0.59092 0.91263
vt 0.58840 0.91201
vt 0.41406 0.55925
vt 0.41640 0.55685
vt 0.42090 0.55779
vt 0.59409 0.91420
vt 0.58521 0.91061
vt 0.21089 0.88072
vt 0.21187 0.87550
vt 0.21248 0.87953
vt 0.58920 0.90993
vt 0.21306 0.88305
vt 0.07119 0.43807
vt 0.07099 0.43491
vt 0.07286 0.43995
vt 0.60575 0.00140
vt 0.60257 0.00120
vt 0.60166 0.00280
vt 0.06916 0.43584
vt 0.59908 0.00140
vt 0.06553 0.43395
vt 0.06859 0.43221
vt 0.97241 0.34410
vt 0.97486 0.34670
vt 0.97333 0.34798
vt 0.06485 0.43017
vt 0.06685 0.42748
vt 0.06352 0.42552
vt 0.06534 0.42280
vt 0.83109 0.49359
vt 0.82205 0.49304
vt 0.97417 0.35127
vt 0.97802 0.35512
vt 0.97563 0.35619
vt 0.06267 0.41823
vt 0.97772 0.36141
vt 0.06427 0.41657
vt 0.06161 0.41155
vt 0.06394 0.40846
vt 0.81074 0.49247
vt 0.98275 0.36780
vt 0.06120 0.40241
vt 0.80264 0.49080
vt 0.80360 0.48904
vt 0.06376 0.40294
vt 0.98670 0.37555
vt 0.79559 0.48799
vt 0.79625 0.49027
vt 0.06512 0.38756
vt 0.06573 0.39116
vt 0.10033 0.93955
vt 0.08813 0.93955
vt 0.09950 0.94275
vt 0.06351 0.38793
vt 0.98859 0.09006
vt 0.08701 0.94175
vt 0.98626 0.07413
vt 0.51452 0.29930
vt 0.52420 0.28428
vt 0.50648 0.32303
vt 0.06882 0.38023
vt 0.06767 0.37679
vt 0.07076 0.63163
vt 0.08008 0.63396
vt 0.08103 0.63169
vt 0.07174 0.63050
vt 0.06953 0.63364
vt 0.06991 0.37420
vt 0.06997 0.37914
vt 0.74519 0.73475
vt 0.98831 0.07273
vt 0.98664 0.06883
vt 0.98973 0.06717
vt 0.08679 0.63351
vt 0.08299 0.63085
vt 0.07286 0.37110
vt 0.08816 0.63145
vt 0.88153 0.04389
vt 0.88111 0.04993
vt 0.87853 0.04961
vt 0.98777 0.06571
vt 0.99041 0.06070
vt 0.98803 0.06057
vt 0.09232 0.63354
vt 0.09384 0.63141
vt 0.68128 0.28452
vt 0.67818 0.27882
vt 0.68148 0.28230
vt 0.98826 0.05618
vt 0.99042 0.05629
vt 0.67928 0.27755
vt 0.09838 0.63397
vt 0.67892 0.27379
vt 0.68093 0.27653
vt 0.98848 0.05065
vt 0.98992 0.05108
vt 0.67842 0.27019
vt 0.68090 0.27110
vt 0.98995 0.04604
vt 0.10657 0.63451
vt 0.10710 0.63109
vt 0.67933 0.26630
vt 0.86922 0.49119
vt 0.11321 0.63434
vt 0.11277 0.63087
vt 0.67992 0.26145
vt 0.68098 0.26072
vt 0.68075 0.26373
vt 0.68025 0.25832
vt 0.68154 0.25807
vt 0.11862 0.63382
vt 0.11988 0.63050
vt 0.68131 0.25497
vt 0.78560 0.01081
vt 0.78864 0.01326
vt 0.78942 0.01143
vt 0.12448 0.63315
vt 0.97351 0.50762
vt 0.97618 0.51198
vt 0.97299 0.51294
vt 0.97450 0.51607
vt 0.97209 0.51496
vt 0.79254 0.01599
vt 0.79348 0.01333
vt 0.79683 0.01551
vt 0.97196 0.51959
vt 0.97044 0.51822
vt 0.97498 0.52033
vt 0.97295 0.52257
vt 0.79671 0.01691
vt 0.80149 0.01867
vt 0.80390 0.01701
vt 0.97586 0.52550
vt 0.80734 0.02024
vt 0.80921 0.01780
vt 0.34914 0.89552
vt 0.34597 0.89952
vt 0.80891 0.02092
vt 0.82037 0.02086
vt 0.46669 0.37008
vt 0.46452 0.36586
vt 0.46800 0.36271
vt 0.32648 0.90418
vt 0.32139 0.90247
vt 0.31870 0.90597
vt 0.52165 0.42719
vt 0.51728 0.42592
vt 0.50628 0.42754
vt 0.49209 0.42917
vt 0.47539 0.43066
vt 0.46474 0.43118
vt 0.45511 0.43192
vt 0.44344 0.43301
vt 0.42950 0.43349
vt 0.12955 0.46165
vt 0.11003 0.46142
vt 0.06007 0.46522
vt 0.04396 0.46534
vt 0.84856 0.30860
vt 0.84740 0.31967
vt 0.84987 0.27310
vt 0.84916 0.28008
vt 0.84681 0.27961
vt 0.85014 0.25454
vt 0.55366 0.91665
vt 0.55478 0.91861
vt 0.55539 0.91610
vt 0.55046 0.91394
vt 0.54591 0.91535
vt 0.53572 0.91213
vt 0.53695 0.91400
vt 0.56276 0.91695
vt 0.55869 0.91467
vt 0.55304 0.91278
vt 0.12281 0.24059
vt 0.11916 0.24530
vt 0.11993 0.24079
vt 0.84905 0.80704
vt 0.84995 0.81152
vt 0.84724 0.80792
vt 0.10977 0.25180
vt 0.11432 0.25034
vt 0.84843 0.81462
vt 0.11141 0.25264
vt 0.56787 0.91813
vt 0.56152 0.91356
vt 0.55808 0.91135
vt 0.54971 0.90993
vt 0.84920 0.79775
vt 0.84778 0.80579
vt 0.84733 0.79764
vt 0.54749 0.91041
vt 0.84961 0.79097
vt 0.84711 0.79131
vt 0.84824 0.78482
vt 0.20915 0.87829
vt 0.20832 0.87565
vt 0.84653 0.77578
vt 0.85006 0.77462
vt 0.97289 0.33517
vt 0.97398 0.33922
vt 0.97127 0.33792
vt 0.97221 0.34080
vt 0.97429 0.34205
vt 0.97633 0.34487
vt 0.20845 0.89247
vt 0.20497 0.89151
vt 0.20711 0.88882
vt 0.97639 0.35033
vt 0.97934 0.36000
vt 0.20714 0.91427
vt 0.20409 0.91113
vt 0.20545 0.90645
vt 0.49690 0.22979
vt 0.48750 0.22965
vt 0.45171 0.08607
vt 0.45420 0.08607
vt 0.45289 0.08767
vt 0.89380 0.02575
vt 0.88932 0.03413
vt 0.88680 0.03524
vt 0.98742 0.09060
vt 0.98636 0.08166
vt 0.88411 0.04353
vt 0.49214 0.32357
vt 0.49266 0.32881
vt 0.49049 0.32620
vt 0.87955 0.05553
vt 0.87721 0.05472
vt 0.87698 0.06239
vt 0.87595 0.06037
vt 0.87487 0.06809
vt 0.97714 0.50641
vt 0.97794 0.51043
vt 0.97696 0.51621
vt 0.97794 0.51949
vt 0.97687 0.52260
vt 0.82481 0.01854
vt 0.81829 0.01690
vt 0.82949 0.01690
vt 0.97597 0.52802
vt 0.34403 0.89721
vt 0.82518 0.02122
vt 0.83086 0.01966
vt 0.31628 0.90124
vt 0.31595 0.90340
vt 0.34341 0.90032
vt 0.33527 0.89885
vt 0.33539 0.90300
vt 0.32231 0.89955
vt 0.02642 0.19971
vt 0.02269 0.19926
vt 0.02285 0.19576
vt 0.02659 0.19606
vt 0.01989 0.19903
vt 0.51301 0.42553
vt 0.49195 0.42632
vt 0.46370 0.42833
vt 0.44329 0.42948
vt 0.17021 0.45610
vt 0.15927 0.45026
vt 0.14762 0.45867
vt 0.14664 0.45238
vt 0.12555 0.45395
vt 0.09220 0.45754
vt 0.07601 0.45919
vt 0.05638 0.46213
vt 0.53214 0.91340
vt 0.53081 0.91154
vt 0.04534 0.65486
vt 0.04498 0.65294
vt 0.04064 0.65451
vt 0.03968 0.65268
vt 0.10832 0.25638
vt 0.10625 0.25517
vt 0.10394 0.26091
vt 0.85062 0.79742
vt 0.05537 0.65389
vt 0.85137 0.81865
vt 0.03319 0.65532
vt 0.03200 0.65298
vt 0.11326 0.25511
vt 0.11052 0.25910
vt 0.10638 0.26256
vt 0.46106 0.71617
vt 0.46166 0.72144
vt 0.45944 0.72070
vt 0.10441 0.26703
vt 0.85078 0.78271
vt 0.10740 0.26645
vt 0.46059 0.72571
vt 0.45769 0.72844
vt 0.85137 0.77818
vt 0.10500 0.27159
vt 0.10233 0.26974
vt 0.10287 0.27476
vt 0.29678 0.96019
vt 0.29017 0.95556
vt 0.29188 0.95956
vt 0.10476 0.27725
vt 0.20583 0.88454
vt 0.20851 0.88457
vt 0.10442 0.28356
vt 0.10243 0.28204
vt 0.97524 0.33449
vt 0.97606 0.33933
vt 0.45531 0.73933
vt 0.45894 0.74323
vt 0.45463 0.74567
vt 0.10279 0.28712
vt 0.10344 0.29127
vt 0.45734 0.75453
vt 0.45420 0.75360
vt 0.51069 0.22771
vt 0.50683 0.22601
vt 0.50723 0.22813
vt 0.97951 0.35202
vt 0.98066 0.35601
vt 0.50405 0.22833
vt 0.50132 0.22695
vt 0.49895 0.22970
vt 0.10577 0.30494
vt 0.10584 0.30273
vt 0.10847 0.30734
vt 0.10630 0.30792
vt 0.10951 0.30915
vt 0.10880 0.31093
vt 0.49229 0.22529
vt 0.11173 0.31823
vt 0.10948 0.31894
vt 0.10681 0.31474
vt 0.47904 0.23083
vt 0.11487 0.32669
vt 0.47963 0.22933
vt 0.11683 0.33753
vt 0.46849 0.23100
vt 0.11847 0.33643
vt 0.46950 0.22922
vt 0.46527 0.22920
vt 0.46738 0.22495
vt 0.46366 0.22426
vt 0.07899 0.84714
vt 0.07820 0.85083
vt 0.07597 0.85245
vt 0.07851 0.84347
vt 0.07676 0.85600
vt 0.87635 0.29064
vt 0.87615 0.29424
vt 0.87438 0.29176
vt 0.87386 0.07950
vt 0.87644 0.07578
vt 0.87651 0.08511
vt 0.87505 0.08339
vt 0.87546 0.08918
vt 0.84068 0.01379
vt 0.83568 0.01396
vt 0.83806 0.01611
vt 0.84239 0.01562
vt 0.87730 0.09203
vt 0.88075 0.09535
vt 0.88114 0.10148
vt 0.83225 0.01769
vt 0.82610 0.01452
vt 0.83441 0.01886
vt 0.12129 0.97302
vt 0.11546 0.97410
vt 0.12143 0.96998
vt 0.31542 0.89721
vt 0.31464 0.89910
vt 0.88462 0.11268
vt 0.88810 0.11421
vt 0.89301 0.12216
vt 0.02426 0.20179
vt 0.02098 0.20221
vt 0.41956 0.43078
vt 0.17838 0.44861
vt 0.10585 0.45508
vt 0.07402 0.45736
vt 0.05173 0.45945
vt 0.04143 0.46014
vt 0.33561 0.97625
vt 0.34646 0.97684
vt 0.33652 0.97388
vt 0.42879 0.98971
vt 0.43594 0.99229
vt 0.43499 0.98960
vt 0.44137 0.99254
vt 0.43992 0.99051
vt 0.02787 0.65404
vt 0.02820 0.65132
vt 0.02340 0.65483
vt 0.02261 0.65280
vt 0.01891 0.65510
vt 0.46049 0.73006
vt 0.44550 0.99361
vt 0.45197 0.99400
vt 0.44898 0.99119
vt 0.45947 0.73658
vt 0.46188 0.73258
vt 0.45805 0.74823
vt 0.46076 0.75267
vt 0.51392 0.22404
vt 0.51277 0.22672
vt 0.51582 0.22642
vt 0.10454 0.29404
vt 0.10187 0.29625
vt 0.50615 0.22324
vt 0.10304 0.30116
vt 0.49985 0.22299
vt 0.48510 0.22430
vt 0.47510 0.22370
vt 0.46151 0.22878
vt 0.07954 0.85571
vt 0.45743 0.22620
vt 0.45846 0.22384
vt 0.45360 0.22336
vt 0.87429 0.29608
vt 0.07837 0.86216
vt 0.07693 0.86027
vt 0.07457 0.85772
vt 0.07481 0.86264
vt 0.08209 0.86437
vt 0.07774 0.86783
vt 0.07613 0.86516
vt 0.07223 0.86569
vt 0.07625 0.86951
vt 0.07416 0.86954
vt 0.07832 0.87417
vt 0.07663 0.87589
vt 0.07434 0.87456
vt 0.07219 0.87165
vt 0.07924 0.87760
vt 0.07202 0.87874
vt 0.07700 0.88105
vt 0.07667 0.87880
vt 0.08091 0.88147
vt 0.07400 0.87933
vt 0.08028 0.88644
vt 0.07833 0.88798
vt 0.07711 0.88702
vt 0.07448 0.88385
vt 0.07259 0.88547
vt 0.07989 0.89400
vt 0.08235 0.89392
vt 0.07741 0.89336
vt 0.10200 0.96998
vt 0.10765 0.97020
vt 0.10294 0.97358
vt 0.07470 0.88978
vt 0.83837 0.01081
vt 0.08368 0.89952
vt 0.07975 0.89846
vt 0.07847 0.89574
vt 0.10860 0.97275
vt 0.10682 0.97497
vt 0.84363 0.01383
vt 0.84638 0.01538
vt 0.11032 0.97002
vt 0.11226 0.97029
vt 0.11074 0.97558
vt 0.31269 0.89596
vt 0.30889 0.89853
vt 0.89410 0.12120
vt 0.89553 0.11988
vt 0.89905 0.12590
vt 0.15986 0.44707
vt 0.14218 0.45040
vt 0.11694 0.45161
vt 0.08957 0.45336
vt 0.01901 0.65132
vt 0.01611 0.65420
vt 0.46253 0.73965
vt 0.46208 0.74781
vt 0.51511 0.22058
vt 0.50992 0.22161
vt 0.50582 0.22100
vt 0.49291 0.22307
vt 0.47982 0.22205
vt 0.46580 0.22182
vt 0.45865 0.22080
vt 0.45435 0.22058
vt 0.44921 0.22208
vt 0.08152 0.86000
vt 0.08078 0.86903
vt 0.00042 0.97461
vt 0.00359 0.97581
vt 0.00522 0.97398
vt 0.00895 0.97669
vt 0.92133 0.98279
vt 0.92096 0.97932
vt 0.91512 0.98233
vt 0.01108 0.97441
vt 0.01505 0.97718
vt 0.08123 0.87467
vt 0.01814 0.97398
vt 0.02290 0.97672
vt 0.92867 0.98251
vt 0.92735 0.98093
vt 0.93453 0.97799
vt 0.93556 0.98142
vt 0.94041 0.98196
vt 0.93973 0.97909
vt 0.44662 0.06851
vt 0.45504 0.06285
vt 0.45027 0.06348
vt 0.94392 0.97997
vt 0.94248 0.97638
vt 0.30594 0.89552
vt 0.30433 0.89688
vt 0.90252 0.12457
vt 0.90164 0.12719
vt 0.18406 0.44391
vt 0.15572 0.44465
vt 0.01374 0.59146
vt 0.01788 0.59776
vt 0.01619 0.60994
vt 0.00874 0.65453
vt 0.46253 0.75542
vt 0.46033 0.75782
vt 0.46126 0.76181
vt 0.36656 0.06285
vt 0.37055 0.06678
vt 0.37230 0.06556
vt 0.37787 0.06974
vt 0.37632 0.07111
vt 0.38895 0.07645
vt 0.38874 0.07759
vt 0.40461 0.08131
vt 0.40240 0.07944
vt 0.41374 0.08035
vt 0.42162 0.07993
vt 0.41846 0.07805
vt 0.42182 0.07847
vt 0.42709 0.07772
vt 0.91160 0.97982
vt 0.92522 0.97793
vt 0.43276 0.07586
vt 0.44098 0.07347
vt 0.43952 0.07220
vt 0.01494 0.55247
vt 0.01694 0.57696
vt 0.01471 0.57263
vt 0.54361 0.88955
vt 0.54104 0.88518
vt 0.54506 0.88579
vt 0.54448 0.88311
vt 0.14658 0.67540
vt 0.15003 0.67267
vt 0.14928 0.67694
vt 0.27333 0.43222
vt 0.26928 0.43025
vt 0.26947 0.43794
vt 0.26731 0.43048
vt 0.26752 0.43369
vt 0.14919 0.66974
vt 0.15307 0.67170
vt 0.27714 0.42801
vt 0.27422 0.42476
vt 0.41783 0.63097
vt 0.41730 0.62455
vt 0.41202 0.62698
vt 0.56418 0.88490
vt 0.56078 0.88670
vt 0.56631 0.88855
vt 0.56302 0.89092
vt 0.47169 0.41334
vt 0.47227 0.40857
vt 0.47611 0.41215
vt 0.27110 0.42314
vt 0.14530 0.67643
vt 0.14280 0.66974
vt 0.19035 0.10984
vt 0.19022 0.10849
vt 0.18879 0.10934
vt 0.71167 0.57268
vt 0.71399 0.56886
vt 0.70636 0.56978
vt 0.14774 0.95640
vt 0.12789 0.96669
vt 0.95943 0.88431
vt 0.95922 0.87646
vt 0.96205 0.87986
vt 0.96002 0.87222
vt 0.48916 0.49680
vt 0.49001 0.48974
vt 0.48814 0.48695
vt 0.48948 0.48236
vt 0.14079 0.96222
vt 0.13345 0.96600
vt 0.95878 0.88881
vt 0.96361 0.87710
vt 0.96272 0.87292
vt 0.96095 0.86513
vt 0.96320 0.86731
vt 0.51765 0.83871
vt 0.96277 0.86275
vt 0.96132 0.85789
vt 0.51302 0.84038
vt 0.68951 0.94676
vt 0.68782 0.94651
vt 0.04920 0.19192
vt 0.05454 0.18913
vt 0.05431 0.19220
vt 0.48597 0.49669
vt 0.48600 0.48739
vt 0.48668 0.48064
vt 0.48974 0.47646
vt 0.48751 0.47395
vt 0.49001 0.47118
vt 0.22296 0.95296
vt 0.22505 0.95007
vt 0.22188 0.95033
vt 0.22097 0.94820
vt 0.22523 0.94258
vt 0.22209 0.94149
vt 0.22510 0.93764
vt 0.22207 0.93486
vt 0.22457 0.93087
vt 0.22187 0.92840
vt 0.22505 0.92321
vt 0.22110 0.91976
vt 0.22356 0.91473
vt 0.96367 0.91344
vt 0.96157 0.90795
vt 0.96455 0.90656
vt 0.96379 0.89980
vt 0.96235 0.89994
vt 0.96545 0.88583
vt 0.16599 0.98424
vt 0.96440 0.88182
vt 0.17134 0.99128
vt 0.51244 0.83899
vt 0.68787 0.94130
vt 0.50774 0.84004
vt 0.68909 0.93619
vt 0.02278 0.18859
vt 0.02554 0.18994
vt 0.03801 0.19214
vt 0.04430 0.19226
vt 0.56276 0.94424
vt 0.56744 0.94436
vt 0.56768 0.94293
vt 0.57246 0.94359
vt 0.57184 0.94134
vt 0.57552 0.94152
vt 0.56672 0.93704
vt 0.48438 0.49315
vt 0.57009 0.93906
vt 0.57209 0.93564
vt 0.48418 0.48837
vt 0.58194 0.93310
vt 0.48429 0.48284
vt 0.48467 0.47744
vt 0.59096 0.93392
vt 0.59115 0.93029
vt 0.22063 0.95637
vt 0.22104 0.95224
vt 0.59014 0.93618
vt 0.59785 0.93148
vt 0.59586 0.92738
vt 0.10479 0.98836
vt 0.22024 0.94294
vt 0.22008 0.93843
vt 0.21962 0.93417
vt 0.21940 0.92990
vt 0.21992 0.92732
vt 0.96486 0.92114
vt 0.96545 0.91411
vt 0.15764 0.99504
vt 0.15775 0.99345
vt 0.16279 0.99320
vt 0.52732 0.83462
vt 0.52394 0.83387
vt 0.43256 0.52003
vt 0.43167 0.51819
vt 0.52224 0.83437
vt 0.95795 0.74183
vt 0.52077 0.83412
vt 0.43112 0.51348
vt 0.39518 0.58074
vt 0.03742 0.39023
vt 0.03531 0.39251
vt 0.03677 0.38496
vt 0.51733 0.83443
vt 0.43146 0.50744
vt 0.50827 0.83636
vt 0.50257 0.83883
vt 0.68861 0.93132
vt 0.68651 0.93660
vt 0.50251 0.84104
vt 0.39819 0.56309
vt 0.69164 0.91861
vt 0.68821 0.92624
vt 0.42963 0.49892
vt 0.34918 0.79995
vt 0.80699 0.64816
vt 0.44491 0.88270
vt 0.44588 0.89071
vt 0.44294 0.88817
vt 0.02517 0.19335
vt 0.01957 0.19125
vt 0.03200 0.19248
vt 0.55115 0.94404
vt 0.55685 0.94374
vt 0.55318 0.94272
vt 0.44453 0.86934
vt 0.44357 0.86333
vt 0.44577 0.86472
vt 0.56386 0.94139
vt 0.44588 0.85709
vt 0.56822 0.94079
vt 0.57999 0.93999
vt 0.58511 0.93808
vt 0.80598 0.66013
vt 0.62718 0.88296
vt 0.93963 0.69667
vt 0.94260 0.69456
vt 0.94353 0.69696
vt 0.59779 0.92901
vt 0.94796 0.69456
vt 0.60021 0.92613
vt 0.60150 0.92733
vt 0.62676 0.87981
vt 0.62621 0.87522
vt 0.60465 0.92379
vt 0.02873 0.79063
vt 0.02292 0.79303
vt 0.02229 0.79063
vt 0.60400 0.92137
vt 0.60741 0.92025
vt 0.60575 0.91793
vt 0.12069 0.99466
vt 0.12285 0.99358
vt 0.12490 0.99508
vt 0.01291 0.79302
vt 0.39745 0.97078
vt 0.39452 0.96220
vt 0.39700 0.96245
vt 0.12865 0.99454
vt 0.12720 0.99645
vt 0.39617 0.95538
vt 0.13438 0.99590
vt 0.39429 0.94584
vt 0.39759 0.95062
vt 0.39554 0.94069
vt 0.39342 0.93500
vt 0.39461 0.93429
vt 0.39533 0.92654
vt 0.39452 0.92073
vt 0.39705 0.92039
vt 0.03888 0.41353
vt 0.03780 0.40829
vt 0.03941 0.40647
vt 0.39667 0.91393
vt 0.03727 0.40426
vt 0.03861 0.40120
vt 0.69734 0.08005
vt 0.59746 0.74660
vt 0.59659 0.74772
vt 0.60020 0.74900
vt 0.60158 0.74772
vt 0.96349 0.74770
vt 0.96020 0.74822
vt 0.03891 0.38450
vt 0.03706 0.37890
vt 0.03955 0.37798
vt 0.03941 0.37190
vt 0.69195 0.90535
vt 0.69234 0.91027
vt 0.68903 0.91176
vt 0.50294 0.83669
vt 0.43142 0.49573
vt 0.43177 0.50088
vt 0.49783 0.87435
vt 0.49917 0.87930
vt 0.49429 0.87833
vt 0.49538 0.87420
vt 0.49536 0.87919
vt 0.49882 0.88489
vt 0.49514 0.88511
vt 0.50083 0.83594
vt 0.43180 0.48850
vt 0.42936 0.47998
vt 0.60124 0.84749
vt 0.59825 0.84998
vt 0.79339 0.56620
vt 0.79249 0.58426
vt 0.44054 0.89311
vt 0.44235 0.86923
vt 0.44108 0.87440
vt 0.44171 0.86603
vt 0.03810 0.12431
vt 0.03799 0.14066
vt 0.08801 0.99599
vt 0.08322 0.99549
vt 0.06845 0.99519
vt 0.06120 0.99400
vt 0.06749 0.99655
vt 0.39823 0.96165
vt 0.09502 0.55591
vt 0.09846 0.56133
vt 0.09636 0.56425
vt 0.39842 0.94140
vt 0.09859 0.56995
vt 0.09643 0.57058
vt 0.39833 0.93355
vt 0.09921 0.57593
vt 0.09733 0.57730
vt 0.09973 0.58137
vt 0.39823 0.92476
vt 0.09687 0.58245
vt 0.09957 0.58756
vt 0.70316 0.79624
vt 0.70968 0.79864
vt 0.71047 0.79624
vt 0.64229 0.81164
vt 0.04410 0.85803
vt 0.71482 0.79790
vt 0.04455 0.86269
vt 0.64072 0.80467
vt 0.64173 0.79945
vt 0.64139 0.79530
vt 0.64280 0.78847
vt 0.64495 0.78298
vt 0.32848 0.10186
vt 0.33266 0.10048
vt 0.33267 0.10271
vt 0.33941 0.10116
vt 0.33639 0.10346
vt 0.34118 0.10404
vt 0.34566 0.10048
vt 0.34596 0.10448
vt 0.68770 0.90512
vt 0.49917 0.85308
vt 0.49890 0.85979
vt 0.49691 0.85928
vt 0.49339 0.87120
vt 0.49251 0.87509
vt 0.60358 0.85057
vt 0.45420 0.11341
vt 0.42346 0.12056
vt 0.41704 0.12076
vt 0.39165 0.12276
vt 0.35777 0.12048
vt 0.34879 0.11963
vt 0.33842 0.11881
vt 0.79064 0.58261
vt 0.79134 0.53193
vt 0.79332 0.50961
vt 0.73440 0.87902
vt 0.73341 0.88271
vt 0.73181 0.88005
vt 0.79169 0.51804
vt 0.79383 0.49935
vt 0.79713 0.49553
vt 0.43922 0.88669
vt 0.43962 0.88135
vt 0.53312 0.93799
vt 0.53825 0.94004
vt 0.53624 0.93822
vt 0.43987 0.87653
vt 0.23398 0.67519
vt 0.23315 0.67374
vt 0.26730 0.67590
vt 0.44055 0.86745
vt 0.43965 0.87052
vt 0.52884 0.93561
vt 0.04153 0.12532
vt 0.51796 0.92836
vt 0.09536 0.99521
vt 0.09160 0.99551
vt 0.08728 0.99880
vt 0.08265 0.99872
vt 0.07612 0.99828
vt 0.09676 0.53523
vt 0.29967 0.74316
vt 0.69298 0.74418
vt 0.69484 0.74259
vt 0.68306 0.74259
vt 0.68316 0.74420
vt 0.67319 0.74315
vt 0.09392 0.56457
vt 0.09382 0.56742
vt 0.09284 0.57204
vt 0.09504 0.57710
vt 0.09388 0.58087
vt 0.09665 0.58746
vt 0.09996 0.59166
vt 0.10033 0.59535
vt 0.96429 0.75004
vt 0.49505 0.85918
vt 0.49511 0.86061
vt 0.16361 0.63585
vt 0.44342 0.83432
vt 0.44255 0.83057
vt 0.44560 0.83006
vt 0.44710 0.83481
vt 0.44481 0.81216
vt 0.13114 0.26761
vt 0.13107 0.27112
vt 0.40542 0.12214
vt 0.78920 0.56605
vt 0.78831 0.58329
vt 0.79296 0.49792
vt 0.46102 0.32866
vt 0.46170 0.32450
vt 0.46003 0.32294
vt 0.52317 0.93327
vt 0.46102 0.32226
vt 0.51844 0.93013
vt 0.83857 0.54794
vt 0.28018 0.73957
vt 0.28336 0.73699
vt 0.29317 0.74247
vt 0.29826 0.68421
vt 0.29007 0.67704
vt 0.29959 0.73997
vt 0.31040 0.74032
vt 0.32471 0.73865
vt 0.32861 0.73699
vt 0.85554 0.86734
vt 0.91299 0.06655
vt 0.91132 0.06365
vt 0.91132 0.06765
vt 0.65071 0.83152
vt 0.64879 0.82130
vt 0.64741 0.81559
vt 0.09364 0.58410
vt 0.09297 0.58611
vt 0.09603 0.59608
vt 0.70653 0.07246
vt 0.60998 0.82088
vt 0.12704 0.85664
vt 0.12812 0.85508
vt 0.11792 0.85468
vt 0.11908 0.85665
vt 0.97145 0.73680
vt 0.44924 0.83057
vt 0.44755 0.81341
vt 0.44494 0.80674
vt 0.44916 0.80224
vt 0.44575 0.79684
vt 0.44613 0.78507
vt 0.44674 0.77788
vt 0.44966 0.77751
vt 0.95215 0.65052
vt 0.94186 0.64876
vt 0.94064 0.64563
vt 0.78697 0.57558
vt 0.78572 0.56089
vt 0.78871 0.53370
vt 0.79137 0.50785
vt 0.73548 0.87461
vt 0.73237 0.87485
vt 0.73056 0.87719
vt 0.78970 0.51061
vt 0.78870 0.52032
vt 0.79238 0.49995
vt 0.79078 0.50263
vt 0.95618 0.37423
vt 0.95406 0.37143
vt 0.95567 0.37080
vt 0.89550 0.32707
vt 0.89634 0.32546
vt 0.89800 0.32707
vt 0.89712 0.32786
vt 0.03365 0.06249
vt 0.03514 0.05863
vt 0.92067 0.05055
vt 0.03298 0.06841
vt 0.23529 0.68109
vt 0.59036 0.96043
vt 0.12792 0.09713
vt 0.12864 0.09968
vt 0.12614 0.09868
vt 0.27021 0.68312
vt 0.97550 0.30840
vt 0.39352 0.09420
vt 0.38805 0.09380
vt 0.38784 0.09574
vt 0.97420 0.30421
vt 0.97553 0.30288
vt 0.38131 0.09423
vt 0.97988 0.29740
vt 0.37040 0.09379
vt 0.38063 0.09607
vt 0.37186 0.09569
vt 0.72481 0.67296
vt 0.72366 0.67694
vt 0.72231 0.67214
vt 0.72481 0.66653
vt 0.34450 0.68663
vt 0.85512 0.88418
vt 0.35596 0.09222
vt 0.31758 0.73811
vt 0.85399 0.87217
vt 0.33262 0.67942
vt 0.85304 0.86726
vt 0.22689 0.79063
vt 0.49456 0.72667
vt 0.49917 0.73779
vt 0.49780 0.72762
vt 0.49758 0.72176
vt 0.49546 0.72065
vt 0.49820 0.71656
vt 0.49552 0.71310
vt 0.49826 0.71254
vt 0.49837 0.70768
vt 0.49617 0.70611
vt 0.35633 0.67977
vt 0.97164 0.74665
vt 0.20358 0.94916
vt 0.20608 0.94916
vt 0.20577 0.95076
vt 0.14280 0.85655
vt 0.14058 0.85468
vt 0.13574 0.85756
vt 0.13380 0.85508
vt 0.50550 0.75734
vt 0.50060 0.75764
vt 0.12572 0.85921
vt 0.30516 0.01155
vt 0.27985 0.01400
vt 0.49167 0.75540
vt 0.28869 0.01335
vt 0.37451 0.68843
vt 0.38933 0.68187
vt 0.38412 0.68760
vt 0.45059 0.83547
vt 0.45420 0.83077
vt 0.45327 0.82881
vt 0.45038 0.81184
vt 0.45128 0.80261
vt 0.45071 0.78859
vt 0.13197 0.31146
vt 0.69342 0.70715
vt 0.95510 0.64768
vt 0.94142 0.64431
vt 0.78389 0.57624
vt 0.78526 0.54720
vt 0.78593 0.55442
vt 0.78537 0.53158
vt 0.56264 0.56593
vt 0.56359 0.57046
vt 0.56162 0.56603
vt 0.56578 0.56693
vt 0.56290 0.56182
vt 0.96132 0.37067
vt 0.95903 0.37491
vt 0.56573 0.56167
vt 0.56490 0.55677
vt 0.56262 0.55583
vt 0.92298 0.04443
vt 0.92146 0.04481
vt 0.56233 0.55068
vt 0.56567 0.55047
vt 0.92158 0.03803
vt 0.56255 0.54670
vt 0.56578 0.54311
vt 0.12864 0.09408
vt 0.02789 0.11970
vt 0.40924 0.09167
vt 0.40391 0.09274
vt 0.40336 0.09508
vt 0.98099 0.39032
vt 0.40078 0.09342
vt 0.96679 0.31692
vt 0.96567 0.31216
vt 0.39780 0.09363
vt 0.39679 0.09652
vt 0.96540 0.30778
vt 0.38974 0.09688
vt 0.38265 0.09738
vt 0.35182 0.09201
vt 0.34750 0.09475
vt 0.02789 0.18383
vt 0.60167 0.71252
vt 0.33930 0.09167
vt 0.58489 0.72630
vt 0.92940 0.02296
vt 0.49369 0.71928
vt 0.93677 0.02362
vt 0.49334 0.71252
vt 0.50178 0.67723
vt 0.50303 0.67852
vt 0.49401 0.70450
vt 0.97377 0.75193
vt 0.97328 0.74731
vt 0.49472 0.69856
vt 0.39805 0.51370
vt 0.55840 0.73356
vt 0.14065 0.85929
vt 0.50999 0.95156
vt 0.50999 0.94676
vt 0.50846 0.94808
vt 0.50833 0.95030
vt 0.97368 0.74234
vt 0.55157 0.73352
vt 0.13224 0.85949
vt 0.39880 0.50758
vt 0.49940 0.68728
vt 0.49919 0.69169
vt 0.50093 0.69177
vt 0.54465 0.73190
vt 0.49929 0.75585
vt 0.50192 0.69531
vt 0.39927 0.50124
vt 0.53720 0.72854
vt 0.39910 0.49349
vt 0.11940 0.85922
vt 0.53929 0.73226
vt 0.11032 0.85569
vt 0.11161 0.85822
vt 0.29812 0.01401
vt 0.53289 0.72924
vt 0.39656 0.47518
vt 0.12747 0.31457
vt 0.12728 0.27766
vt 0.13114 0.27982
vt 0.45420 0.81414
vt 0.38801 0.68932
vt 0.69805 0.50197
vt 0.69006 0.50271
vt 0.70206 0.50480
vt 0.71383 0.50298
vt 0.45311 0.79106
vt 0.45300 0.77702
vt 0.12425 0.27931
vt 0.71989 0.50100
vt 0.72814 0.50329
vt 0.72670 0.50086
vt 0.66082 0.97601
vt 0.65742 0.97626
vt 0.66153 0.98332
vt 0.66150 0.98596
vt 0.66819 0.49479
vt 0.67075 0.49716
vt 0.67357 0.49279
vt 0.67486 0.49626
vt 0.70539 0.49740
vt 0.71969 0.49753
vt 0.68955 0.49372
vt 0.70737 0.49416
vt 0.72555 0.49651
vt 0.71834 0.49343
vt 0.72632 0.49279
vt 0.68002 0.72672
vt 0.67574 0.73139
vt 0.49641 0.19835
vt 0.49902 0.19639
vt 0.49853 0.20039
vt 0.50337 0.19646
vt 0.67053 0.73745
vt 0.95125 0.64540
vt 0.65801 0.75024
vt 0.94630 0.64268
vt 0.94263 0.64187
vt 0.05678 0.36666
vt 0.05946 0.35046
vt 0.06222 0.36064
vt 0.78305 0.54694
vt 0.78137 0.56584
vt 0.05663 0.37361
vt 0.05705 0.38151
vt 0.06345 0.35256
vt 0.72811 0.87445
vt 0.78651 0.50979
vt 0.78938 0.49729
vt 0.50736 0.96896
vt 0.50685 0.98201
vt 0.50837 0.98619
vt 0.50833 0.97300
vt 0.50883 0.96641
vt 0.51460 0.96561
vt 0.51351 0.96250
vt 0.51796 0.98530
vt 0.95417 0.35945
vt 0.67880 0.97404
vt 0.52378 0.97073
vt 0.67754 0.97449
vt 0.67805 0.96998
vt 0.51871 0.96442
vt 0.52363 0.96480
vt 0.67471 0.97017
vt 0.67413 0.97328
vt 0.67459 0.97784
vt 0.95667 0.35967
vt 0.95538 0.35540
vt 0.95769 0.35573
vt 0.67402 0.98508
vt 0.67454 0.98965
vt 0.52405 0.96410
vt 0.95385 0.34842
vt 0.95631 0.34753
vt 0.95165 0.34417
vt 0.95474 0.34306
vt 0.95252 0.33908
vt 0.96147 0.35870
vt 0.95620 0.34074
vt 0.95559 0.33574
vt 0.45004 0.68813
vt 0.45337 0.68415
vt 0.45337 0.68975
vt 0.96476 0.38068
vt 0.96546 0.37677
vt 0.95655 0.33547
vt 0.95261 0.33471
vt 0.95604 0.33098
vt 0.95424 0.32869
vt 0.54291 0.98568
vt 0.96818 0.38053
vt 0.96749 0.37716
vt 0.95996 0.33425
vt 0.95794 0.32780
vt 0.53053 0.96332
vt 0.96845 0.38601
vt 0.96061 0.32955
vt 0.95502 0.32151
vt 0.95831 0.32128
vt 0.95439 0.31888
vt 0.53783 0.96288
vt 0.53308 0.96971
vt 0.97363 0.39144
vt 0.97414 0.38844
vt 0.97353 0.38598
vt 0.96228 0.31597
vt 0.54336 0.98656
vt 0.97662 0.39424
vt 0.98276 0.39536
vt 0.98436 0.39972
vt 0.62685 0.67248
vt 0.63072 0.67079
vt 0.62829 0.66493
vt 0.55842 0.97701
vt 0.98946 0.39989
vt 0.62796 0.67977
vt 0.55274 0.96499
vt 0.62613 0.67953
vt 0.98986 0.40258
vt 0.39111 0.09888
vt 0.99542 0.40472
vt 0.57147 0.98639
vt 0.62635 0.68845
vt 0.62221 0.68842
vt 0.61982 0.68704
vt 0.62355 0.69395
vt 0.56765 0.96662
vt 0.55779 0.96521
vt 0.56861 0.96781
vt 0.17930 0.70397
vt 0.61394 0.70067
vt 0.61285 0.69691
vt 0.58953 0.98587
vt 0.60860 0.71105
vt 0.58680 0.97112
vt 0.58070 0.96874
vt 0.58043 0.97883
vt 0.58358 0.96798
vt 0.59298 0.97393
vt 0.58779 0.97090
vt 0.59435 0.97833
vt 0.61784 0.98679
vt 0.59672 0.97248
vt 0.58309 0.71975
vt 0.60829 0.97399
vt 0.62503 0.97795
vt 0.57527 0.72307
vt 0.33014 0.57292
vt 0.62362 0.98585
vt 0.61082 0.96449
vt 0.56797 0.72541
vt 0.61718 0.96390
vt 0.61820 0.96501
vt 0.50014 0.67893
vt 0.55910 0.72688
vt 0.50468 0.68310
vt 0.50399 0.68045
vt 0.50192 0.68338
vt 0.49917 0.68292
vt 0.50277 0.68609
vt 0.55226 0.72699
vt 0.50497 0.68771
vt 0.50347 0.68820
vt 0.50616 0.69193
vt 0.50255 0.68949
vt 0.54355 0.72541
vt 0.62746 0.96367
vt 0.64796 0.98679
vt 0.50734 0.69956
vt 0.50860 0.69644
vt 0.50452 0.69446
vt 0.53361 0.72503
vt 0.53742 0.72364
vt 0.50523 0.69743
vt 0.65349 0.98480
vt 0.53177 0.72172
vt 0.51057 0.70152
vt 0.32869 0.59987
vt 0.32983 0.60296
vt 0.32859 0.61787
vt 0.51456 0.70673
vt 0.51091 0.70473
vt 0.50830 0.70251
vt 0.52550 0.71796
vt 0.52103 0.71604
vt 0.51957 0.71237
vt 0.51159 0.70734
vt 0.65803 0.96497
vt 0.63292 0.96262
vt 0.65671 0.96245
vt 0.32995 0.62619
vt 0.66930 0.50021
vt 0.67285 0.50269
vt 0.67377 0.49970
vt 0.65944 0.96338
vt 0.66010 0.96985
vt 0.90136 0.43378
vt 0.90905 0.43356
vt 0.91216 0.43614
vt 0.89491 0.43462
vt 0.49812 0.20781
vt 0.49366 0.20573
vt 0.50272 0.20757
vt 0.50692 0.20014
vt 0.50765 0.20521
vt 0.51305 0.20869
vt 0.50895 0.19674
vt 0.93794 0.63733
vt 0.93696 0.63934
vt 0.93338 0.63592
vt 0.78790 0.50050
vt 0.72982 0.86785
vt 0.34763 0.85308
vt 0.78291 0.50898
vt 0.78176 0.51968
vt 0.78184 0.53143
vt 0.78134 0.54544
vt 0.92593 0.33607
vt 0.91799 0.32247
vt 0.92331 0.32010
vt 0.84511 0.20541
vt 0.84471 0.20151
vt 0.93502 0.36792
vt 0.93106 0.36757
vt 0.93170 0.36414
vt 0.93580 0.36404
vt 0.93985 0.36882
vt 0.93880 0.35953
vt 0.94090 0.36162
vt 0.84550 0.19682
vt 0.94719 0.36188
vt 0.92236 0.30889
vt 0.92289 0.30525
vt 0.92506 0.30718
vt 0.94257 0.36671
vt 0.17066 0.93155
vt 0.16861 0.93553
vt 0.17895 0.93291
vt 0.50837 0.96338
vt 0.16445 0.93676
vt 0.51667 0.96197
vt 0.94102 0.31754
vt 0.52010 0.96217
vt 0.94148 0.30867
vt 0.93816 0.30788
vt 0.93682 0.30905
vt 0.13602 0.70233
vt 0.96069 0.36628
vt 0.94742 0.30831
vt 0.95245 0.31066
vt 0.47252 0.32386
vt 0.47336 0.32112
vt 0.47252 0.31825
vt 0.19303 0.70356
vt 0.19076 0.43802
vt 0.18798 0.43602
vt 0.59807 0.96806
vt 0.20418 0.43915
vt 0.00541 0.01481
vt 0.00248 0.01503
vt 0.00344 0.01721
vt 0.00042 0.01481
vt 0.32671 0.57151
vt 0.32593 0.57681
vt 0.32928 0.58735
vt 0.32871 0.58950
vt 0.61912 0.96270
vt 0.62967 0.96197
vt 0.32664 0.59714
vt 0.32304 0.61913
vt 0.32603 0.62703
vt 0.33014 0.62901
vt 0.49146 0.20987
vt 0.48834 0.20941
vt 0.49166 0.20537
vt 0.33120 0.71799
vt 0.33430 0.72578
vt 0.50625 0.21112
vt 0.51415 0.20374
vt 0.51375 0.19758
vt 0.51232 0.19556
vt 0.51872 0.19496
vt 0.04557 0.23291
vt 0.04650 0.22996
vt 0.04686 0.25405
vt 0.04884 0.22998
vt 0.78575 0.50628
vt 0.73444 0.86360
vt 0.78709 0.50238
vt 0.78023 0.57300
vt 0.77256 0.57192
vt 0.72667 0.86970
vt 0.72414 0.87289
vt 0.72349 0.87162
vt 0.93320 0.34757
vt 0.93003 0.33547
vt 0.17310 0.94215
vt 0.18046 0.93900
vt 0.18958 0.93973
vt 0.93946 0.35375
vt 0.93797 0.36202
vt 0.16969 0.93994
vt 0.19192 0.93155
vt 0.93817 0.34084
vt 0.94516 0.35401
vt 0.61974 0.66333
vt 0.61437 0.66333
vt 0.61407 0.66613
vt 0.17264 0.93728
vt 0.92496 0.31016
vt 0.92542 0.31359
vt 0.62240 0.66684
vt 0.61814 0.66813
vt 0.92670 0.31607
vt 0.93124 0.31408
vt 0.93602 0.32741
vt 0.93210 0.31126
vt 0.92991 0.30874
vt 0.46848 0.19484
vt 0.93392 0.30911
vt 0.93280 0.30750
vt 0.32484 0.48668
vt 0.32595 0.49782
vt 0.32657 0.51054
vt 0.32368 0.50972
vt 0.32553 0.51215
vt 0.32604 0.51840
vt 0.32424 0.52405
vt 0.32631 0.52562
vt 0.16615 0.69295
vt 0.17077 0.43271
vt 0.15882 0.43375
vt 0.18757 0.43351
vt 0.32444 0.57137
vt 0.32383 0.58963
vt 0.31950 0.61423
vt 0.32341 0.62821
vt 0.88813 0.43504
vt 0.89816 0.44404
vt 0.91068 0.44467
vt 0.32825 0.71748
vt 0.32570 0.72560
vt 0.32892 0.70977
vt 0.32585 0.71149
vt 0.51517 0.21177
vt 0.51739 0.20956
vt 0.51936 0.20617
vt 0.51735 0.19735
vt 0.52082 0.19741
vt 0.52082 0.20872
vt 0.73167 0.86434
vt 0.78535 0.50134
vt 0.76755 0.55506
vt 0.93207 0.32819
vt 0.92668 0.31851
vt 0.47360 0.19997
vt 0.31931 0.51679
vt 0.15612 0.43254
vt 0.16211 0.43103
vt 0.20162 0.43280
vt 0.20524 0.42874
vt 0.20293 0.42907
vt 0.85470 0.73699
vt 0.85783 0.74259
vt 0.31836 0.59880
vt 0.88707 0.44499
vt 0.88527 0.44087
vt 0.32467 0.73386
vt 0.73941 0.92185
vt 0.32302 0.71763
vt 0.07346 0.47698
vt 0.07421 0.48677
vt 0.07533 0.47664
vt 0.95882 0.63272
vt 0.95617 0.63510
vt 0.95296 0.63121
vt 0.57879 0.01121
vt 0.60144 0.01243
vt 0.59347 0.01007
vt 0.59984 0.00763
vt 0.60133 0.00600
vt 0.57689 0.00600
vt 0.95305 0.63542
vt 0.95059 0.63288
vt 0.93496 0.63080
vt 0.48503 0.85402
vt 0.48641 0.87721
vt 0.48329 0.87308
vt 0.47700 0.87870
vt 0.76853 0.54477
vt 0.77969 0.54581
vt 0.72653 0.86360
vt 0.72301 0.86554
vt 0.72075 0.87140
vt 0.32943 0.54356
vt 0.33121 0.54243
vt 0.33680 0.54359
vt 0.33639 0.54756
vt 0.48023 0.19846
vt 0.32009 0.48030
vt 0.31878 0.51009
vt 0.32040 0.52549
vt 0.32265 0.52971
vt 0.32022 0.54347
vt 0.17650 0.42874
vt 0.32111 0.55087
vt 0.32199 0.56013
vt 0.31974 0.56359
vt 0.19778 0.42875
vt 0.32140 0.56394
vt 0.88527 0.44426
vt 0.24050 0.96779
vt 0.93950 0.63452
vt 0.93656 0.62980
vt 0.93900 0.63036
vt 0.94843 0.63489
vt 0.94742 0.62893
vt 0.92778 0.62653
vt 0.39861 0.99854
vt 0.04533 0.25503
vt 0.05362 0.94329
vt 0.05836 0.94608
vt 0.06194 0.93769
vt 0.06361 0.94157
vt 0.72753 0.85822
vt 0.72301 0.86067
vt 0.48431 0.20056
vt 0.31633 0.47810
vt 0.31712 0.52328
vt 0.31678 0.54065
vt 0.31716 0.55591
vt 0.31981 0.62803
vt 0.38900 0.69175
vt 0.39066 0.69169
vt 0.39119 0.71289
vt 0.31890 0.72211
vt 0.06889 0.49005
vt 0.96227 0.62591
vt 0.96566 0.63120
vt 0.95796 0.62624
vt 0.94869 0.62714
vt 0.48100 0.87654
vt 0.93251 0.62437
vt 0.92280 0.63016
vt 0.41170 0.95907
vt 0.40757 0.99423
vt 0.41274 0.99301
vt 0.41554 0.95958
vt 0.73070 0.68622
vt 0.73381 0.68492
vt 0.73068 0.69098
vt 0.78138 0.50492
vt 0.73272 0.85462
vt 0.13234 0.76661
vt 0.72035 0.85981
vt 0.32515 0.55315
vt 0.48567 0.19756
vt 0.31172 0.49594
vt 0.30959 0.57241
vt 0.88623 0.44986
vt 0.31384 0.62833
vt 0.31405 0.62967
vt 0.31297 0.71845
vt 0.07507 0.49607
vt 0.23663 0.95862
vt 0.23938 0.96118
vt 0.96745 0.62158
vt 0.95200 0.61759
vt 0.48246 0.85756
vt 0.40929 0.96184
vt 0.72725 0.69025
vt 0.73343 0.69199
vt 0.72944 0.85565
vt 0.72448 0.85706
vt 0.71649 0.86011
vt 0.33680 0.55640
vt 0.30890 0.49127
vt 0.30730 0.52695
vt 0.30612 0.60810
vt 0.91075 0.47007
vt 0.30805 0.73036
vt 0.94945 0.62085
vt 0.93831 0.62102
vt 0.94547 0.61742
vt 0.92800 0.62073
vt 0.73025 0.69637
vt 0.06917 0.93330
vt 0.07207 0.93507
vt 0.08234 0.93452
vt 0.75741 0.56906
vt 0.15174 0.76736
vt 0.72282 0.85808
vt 0.04422 0.97649
vt 0.04621 0.97572
vt 0.04527 0.97879
vt 0.30732 0.47620
vt 0.30308 0.48138
vt 0.30676 0.54256
vt 0.30632 0.56135
vt 0.30878 0.62262
vt 0.89636 0.46190
vt 0.06817 0.49868
vt 0.24247 0.96049
vt 0.57378 0.01186
vt 0.58735 0.01321
vt 0.93486 0.62249
vt 0.77923 0.50146
vt 0.77984 0.50301
vt 0.73564 0.85052
vt 0.73133 0.85232
vt 0.72585 0.85452
vt 0.04286 0.96915
vt 0.04317 0.97275
vt 0.04257 0.97773
vt 0.32596 0.55910
vt 0.30171 0.47832
vt 0.30403 0.63050
vt 0.77768 0.50245
vt 0.73548 0.84609
vt 0.73369 0.84762
vt 0.72504 0.69748
vt 0.72823 0.70103
vt 0.77776 0.50104
vt 0.72934 0.84944
vt 0.73314 0.69796
vt 0.04280 0.92878
vt 0.04621 0.93192
vt 0.08037 0.93036
vt 0.03919 0.97958
vt 0.30000 0.49627
vt 0.90114 0.46138
vt 0.30909 0.73502
vt 0.39570 0.69753
vt 0.07334 0.50886
vt 0.23890 0.95529
vt 0.24141 0.95676
vt 0.96036 0.60783
vt 0.57272 0.00767
vt 0.93583 0.61894
vt 0.48217 0.84998
vt 0.93240 0.61697
vt 0.92813 0.60887
vt 0.77806 0.49801
vt 0.73167 0.84428
vt 0.72518 0.70489
vt 0.73043 0.70468
vt 0.03887 0.92419
vt 0.08089 0.92675
vt 0.00376 0.15846
vt 0.00438 0.09059
vt 0.29653 0.48913
vt 0.30103 0.50534
vt 0.29896 0.51176
vt 0.30063 0.62843
vt 0.30420 0.62913
vt 0.88559 0.45940
vt 0.94725 0.61162
vt 0.94213 0.60796
vt 0.03923 0.85538
vt 0.40890 0.95414
vt 0.41457 0.95494
vt 0.04390 0.25785
vt 0.04682 0.25799
vt 0.77611 0.50110
vt 0.77579 0.50323
vt 0.77721 0.49915
vt 0.73306 0.70751
vt 0.30082 0.47265
vt 0.29747 0.47396
vt 0.03612 0.97912
vt 0.70983 0.32914
vt 0.70899 0.32626
vt 0.70899 0.33106
vt 0.29699 0.58068
vt 0.29556 0.59463
vt 0.23459 0.94310
vt 0.39662 0.74276
vt 0.39704 0.69256
vt 0.29630 0.72127
vt 0.57112 0.01011
vt 0.95262 0.60222
vt 0.48067 0.85023
vt 0.93312 0.60768
vt 0.94483 0.61088
vt 0.02920 0.94468
vt 0.72737 0.71153
vt 0.02821 0.96075
vt 0.02765 0.96567
vt 0.02802 0.96895
vt 0.62656 0.81145
vt 0.62490 0.81298
vt 0.62656 0.81705
vt 0.32724 0.56565
vt 0.32571 0.56211
vt 0.28962 0.54114
vt 0.06589 0.51159
vt 0.07513 0.51559
vt 0.23828 0.94913
vt 0.24169 0.95269
vt 0.54499 0.73710
vt 0.03118 0.83462
vt 0.03595 0.84092
vt 0.03141 0.83946
vt 0.41267 0.94964
vt 0.04288 0.26137
vt 0.04589 0.26303
vt 0.02911 0.93457
vt 0.02821 0.95439
vt 0.73002 0.71334
vt 0.09305 0.93193
vt 0.10326 0.92333
vt 0.30110 0.47118
vt 0.29569 0.47366
vt 0.29198 0.55606
vt 0.89120 0.47138
vt 0.91204 0.50597
vt 0.39032 0.76173
vt 0.29333 0.73442
vt 0.39752 0.73138
vt 0.29162 0.72435
vt 0.47631 0.84876
vt 0.02820 0.83523
vt 0.02847 0.84247
vt 0.41119 0.94162
vt 0.02830 0.92483
vt 0.74782 0.54547
vt 0.72494 0.71314
vt 0.72368 0.70799
vt 0.00333 0.09784
vt 0.09905 0.91701
vt 0.28655 0.47769
vt 0.28739 0.48097
vt 0.10250 0.92636
vt 0.16776 0.76926
vt 0.28972 0.50529
vt 0.29410 0.53446
vt 0.39170 0.76027
vt 0.23687 0.94397
vt 0.24088 0.94784
vt 0.96705 0.60467
vt 0.93557 0.60583
vt 0.93106 0.60365
vt 0.02870 0.83147
vt 0.02638 0.85116
vt 0.02703 0.90654
vt 0.02738 0.91690
vt 0.09717 0.78742
vt 0.09489 0.79209
vt 0.09961 0.79262
vt 0.02349 0.97228
vt 0.10044 0.91883
vt 0.28186 0.54738
vt 0.28751 0.61700
vt 0.28393 0.62530
vt 0.88699 0.48097
vt 0.97127 0.60570
vt 0.01320 0.78036
vt 0.01199 0.78333
vt 0.01867 0.78268
vt 0.08017 0.79062
vt 0.08759 0.79187
vt 0.08592 0.78565
vt 0.09169 0.78593
vt 0.10423 0.78716
vt 0.10330 0.79255
vt 0.10573 0.79286
vt 0.10774 0.78766
vt 0.02040 0.97140
vt 0.73066 0.72245
vt 0.73328 0.72234
vt 0.23983 0.94402
vt 0.48298 0.82248
vt 0.02274 0.83151
vt 0.01828 0.77992
vt 0.03223 0.78183
vt 0.02958 0.78468
vt 0.03706 0.78499
vt 0.04236 0.78091
vt 0.04396 0.78555
vt 0.05047 0.78574
vt 0.05110 0.78171
vt 0.04430 0.28787
vt 0.05555 0.78589
vt 0.06210 0.78239
vt 0.05971 0.78642
vt 0.06733 0.78749
vt 0.07076 0.78426
vt 0.07309 0.78894
vt 0.08082 0.78465
vt 0.71576 0.56353
vt 0.27632 0.47385
vt 0.18038 0.76967
vt 0.11761 0.91927
vt 0.27860 0.49516
vt 0.23649 0.93968
vt 0.28238 0.62979
vt 0.88641 0.47992
vt 0.54321 0.00637
vt 0.48450 0.82195
vt 0.94708 0.59729
vt 0.94302 0.59181
vt 0.92923 0.60019
vt 0.00605 0.77655
vt 0.00670 0.78208
vt 0.00899 0.77707
vt 0.02610 0.77925
vt 0.41639 0.90921
vt 0.05865 0.78103
vt 0.09796 0.78545
vt 0.10382 0.78507
vt 0.75059 0.53874
vt 0.12060 0.91504
vt 0.28410 0.51197
vt 0.28524 0.57268
vt 0.06948 0.53164
vt 0.07346 0.52774
vt 0.23557 0.93636
vt 0.23880 0.93885
vt 0.28503 0.72713
vt 0.29052 0.71999
vt 0.97033 0.60003
vt 0.96821 0.59995
vt 0.94112 0.59641
vt 0.92551 0.59303
vt 0.92355 0.59096
vt 0.01372 0.77422
vt 0.03243 0.77826
vt 0.07027 0.78197
vt 0.27288 0.48649
vt 0.90082 0.48585
vt 0.54431 0.00776
vt 0.93458 0.59195
vt 0.47625 0.81559
vt 0.05263 0.77851
vt 0.73129 0.73429
vt 0.12385 0.90941
vt 0.25067 0.48903
vt 0.23188 0.93366
vt 0.23476 0.93049
vt 0.27470 0.62033
vt 0.93224 0.59265
vt 0.00814 0.76990
vt 0.02186 0.77337
vt 0.03681 0.77173
vt 0.40530 0.89599
vt 0.04642 0.29712
vt 0.05688 0.77495
vt 0.04834 0.29654
vt 0.06265 0.77205
vt 0.07373 0.77350
vt 0.09462 0.77504
vt 0.71945 0.54054
vt 0.27367 0.48094
vt 0.11678 0.90921
vt 0.27141 0.52282
vt 0.27524 0.55836
vt 0.06630 0.53852
vt 0.07213 0.53518
vt 0.95355 0.58024
vt 0.93022 0.59193
vt 0.92841 0.59215
vt 0.01423 0.76870
vt 0.10128 0.77539
vt 0.27297 0.47816
vt 0.73442 0.73642
vt 0.06908 0.54032
vt 0.23241 0.92487
vt 0.89190 0.49306
vt 0.25576 0.72218
vt 0.05030 0.76868
vt 0.72810 0.73738
vt 0.18393 0.76785
vt 0.26555 0.51886
vt 0.27303 0.52999
vt 0.23699 0.92677
vt 0.08122 0.77398
vt 0.88302 0.51281
vt 0.88385 0.51924
vt 0.73144 0.74074
vt 0.73346 0.74201
vt 0.26675 0.50543
vt 0.26722 0.62827
vt 0.96046 0.57533
vt 0.94287 0.57621
vt 0.02952 0.76799
vt 0.05678 0.77008
vt 0.14882 0.89923
vt 0.20327 0.76879
vt 0.14360 0.90466
vt 0.26761 0.55210
vt 0.69396 0.88448
vt 0.06536 0.54902
vt 0.06863 0.54813
vt 0.07231 0.54836
vt 0.22846 0.91742
vt 0.23350 0.91952
vt 0.28118 0.63015
vt 0.91060 0.49902
vt 0.94706 0.57210
vt 0.01435 0.76492
vt 0.02026 0.76673
vt 0.03780 0.76756
vt 0.72381 0.75002
vt 0.23050 0.91637
vt 0.39614 0.76500
vt 0.51022 0.01197
vt 0.93138 0.57352
vt 0.92535 0.57575
vt 0.08412 0.76751
vt 0.09657 0.76762
vt 0.25529 0.47305
vt 0.26277 0.47362
vt 0.72581 0.74541
vt 0.72828 0.74758
vt 0.25026 0.49426
vt 0.14654 0.89483
vt 0.12281 0.90460
vt 0.06864 0.55363
vt 0.23531 0.91840
vt 0.26685 0.62900
vt 0.88823 0.49458
vt 0.25651 0.73230
vt 0.73140 0.75856
vt 0.26475 0.53147
vt 0.26655 0.53770
vt 0.07199 0.55398
vt 0.88480 0.53778
vt 0.26172 0.47797
vt 0.25813 0.48105
vt 0.72623 0.75531
vt 0.14629 0.89236
vt 0.73352 0.76164
vt 0.24712 0.51244
vt 0.26020 0.56059
vt 0.22763 0.91298
vt 0.24761 0.62812
vt 0.90091 0.50596
vt 0.39828 0.78094
vt 0.92214 0.56301
vt 0.92043 0.57108
vt 0.00770 0.75628
vt 0.02414 0.75406
vt 0.03775 0.76236
vt 0.04830 0.75968
vt 0.06171 0.75237
vt 0.41790 0.85189
vt 0.72855 0.75632
vt 0.22882 0.91009
vt 0.23210 0.91231
vt 0.23414 0.91355
vt 0.48069 0.80649
vt 0.01473 0.75298
vt 0.41673 0.84408
vt 0.07527 0.75154
vt 0.70102 0.54873
vt 0.71629 0.56473
vt 0.72390 0.75970
vt 0.25019 0.50563
vt 0.25075 0.52282
vt 0.24847 0.54637
vt 0.23867 0.62257
vt 0.92840 0.56055
vt 0.05120 0.32345
vt 0.24807 0.62916
vt 0.88908 0.51242
vt 0.89348 0.51075
vt 0.49937 0.01022
vt 0.47930 0.80594
vt 0.94265 0.55215
vt 0.03024 0.75366
vt 0.24480 0.47668
vt 0.72749 0.76428
vt 0.16772 0.89060
vt 0.22511 0.76777
vt 0.25129 0.58749
vt 0.07173 0.57025
vt 0.07395 0.55740
vt 0.23092 0.90710
vt 0.23354 0.90768
vt 0.90994 0.51326
vt 0.96745 0.54116
vt 0.49824 0.00778
vt 0.93265 0.55948
vt 0.03860 0.75478
vt 0.11062 0.75396
vt 0.00483 0.17246
vt 0.17177 0.88347
vt 0.23903 0.53480
vt 0.06568 0.57207
vt 0.00697 0.74303
vt 0.00845 0.74368
vt 0.10747 0.74858
vt 0.24411 0.48529
vt 0.73202 0.77468
vt 0.20885 0.55250
vt 0.07402 0.57630
vt 0.22705 0.89502
vt 0.95222 0.55952
vt 0.05905 0.75038
vt 0.70534 0.54002
vt 0.24423 0.47324
vt 0.17223 0.88041
vt 0.73480 0.78323
vt 0.06921 0.57453
vt 0.23252 0.90008
vt 0.96493 0.54967
vt 0.04877 0.32921
vt 0.09452 0.75094
vt 0.08240 0.75002
vt 0.72886 0.77538
vt 0.22495 0.53155
vt 0.06617 0.58057
vt 0.22935 0.89668
vt 0.61508 0.73646
vt 0.90785 0.52086
vt 0.47924 0.78526
vt 0.92013 0.55986
vt 0.91785 0.56177
vt 0.88370 0.55247
vt 0.24427 0.47826
vt 0.23773 0.76769
vt 0.67246 0.86508
vt 0.07206 0.58282
vt 0.24295 0.73278
vt 0.94095 0.55065
vt 0.05116 0.74683
vt 0.04314 0.32535
vt 0.04461 0.33772
vt 0.88551 0.55288
vt 0.06948 0.58383
vt 0.90169 0.52840
vt 0.95364 0.54295
vt 0.92899 0.54876
vt 0.92587 0.55291
vt 0.73223 0.78647
vt 0.18533 0.87715
vt 0.23106 0.89223
vt 0.01619 0.73318
vt 0.02773 0.74232
vt 0.72870 0.78439
vt 0.22266 0.51934
vt 0.18140 0.88303
vt 0.22764 0.88779
vt 0.23421 0.62928
vt 0.88888 0.52559
vt 0.89059 0.52722
vt 0.89271 0.52961
vt 0.91901 0.55455
vt 0.03297 0.73247
vt 0.40883 0.83700
vt 0.65643 0.55582
vt 0.22376 0.48769
vt 0.21990 0.50677
vt 0.22269 0.52305
vt 0.06576 0.58812
vt 0.06945 0.59145
vt 0.22972 0.72181
vt 0.48326 0.77758
vt 0.04026 0.73758
vt 0.22672 0.49445
vt 0.24846 0.76661
vt 0.19191 0.87535
vt 0.07354 0.59301
vt 0.22514 0.88171
vt 0.22982 0.88568
vt 0.22916 0.62811
vt 0.92046 0.54358
vt 0.06052 0.73103
vt 0.07221 0.73019
vt 0.22796 0.48112
vt 0.72870 0.79225
vt 0.73248 0.79460
vt 0.18758 0.87250
vt 0.18312 0.87073
vt 0.22721 0.88412
vt 0.94789 0.54241
vt 0.91635 0.54240
vt 0.08263 0.73138
vt 0.87719 0.55059
vt 0.88109 0.58076
vt 0.23256 0.73236
vt 0.48103 0.77476
vt 0.47650 0.76870
vt 0.00458 0.73045
vt 0.04656 0.33910
vt 0.21890 0.51305
vt 0.72676 0.79884
vt 0.65972 0.85125
vt 0.21753 0.61372
vt 0.39639 0.82128
vt 0.49417 0.00639
vt 0.48509 0.77502
vt 0.92710 0.53455
vt 0.09842 0.73468
vt 0.11125 0.74197
vt 0.21496 0.47278
vt 0.22330 0.47766
vt 0.72979 0.79866
vt 0.18980 0.86799
vt 0.19958 0.86789
vt 0.91061 0.55427
vt 0.96469 0.50965
vt 0.49662 0.01219
vt 0.05220 0.33417
vt 0.66181 0.55763
vt 0.00351 0.21710
vt 0.73347 0.80028
vt 0.73099 0.80203
vt 0.25965 0.76733
vt 0.20346 0.86942
vt 0.20245 0.54556
vt 0.07535 0.60065
vt 0.64571 0.73539
vt 0.08972 0.72141
vt 0.72746 0.80280
vt 0.72912 0.80192
vt 0.73345 0.80344
vt 0.26270 0.76721
vt 0.55745 0.99315
vt 0.67255 0.84402
vt 0.21588 0.62038
vt 0.47917 0.77467
vt 0.21229 0.62969
vt 0.88857 0.54635
vt 0.21522 0.73176
vt 0.49646 0.00986
vt 0.49574 0.00808
vt 0.95121 0.51850
vt 0.93951 0.51870
vt 0.92935 0.52455
vt 0.05482 0.71716
vt 0.04978 0.33637
vt 0.10683 0.82736
vt 0.10672 0.83000
vt 0.11191 0.82919
vt 0.67487 0.53605
vt 0.20672 0.86835
vt 0.21173 0.86938
vt 0.21312 0.86758
vt 0.22082 0.87119
vt 0.22185 0.87316
vt 0.07533 0.60517
vt 0.24934 0.88647
vt 0.28805 0.90691
vt 0.48456 0.77251
vt 0.91840 0.52702
vt 0.00925 0.71544
vt 0.01135 0.72118
vt 0.60397 0.62545
vt 0.03075 0.72355
vt 0.06528 0.71224
vt 0.05312 0.33624
vt 0.10882 0.82581
vt 0.14022 0.83807
vt 0.20930 0.49255
vt 0.18305 0.85448
vt 0.19883 0.85998
vt 0.22154 0.86725
vt 0.22767 0.87092
vt 0.24140 0.87782
vt 0.25940 0.88771
vt 0.21104 0.62890
vt 0.27985 0.89838
vt 0.39779 0.81834
vt 0.14548 0.71487
vt 0.96838 0.46036
vt 0.29078 0.90411
vt 0.10957 0.82346
vt 0.14810 0.83900
vt 0.18329 0.85258
vt 0.20450 0.86114
vt 0.50768 0.59406
vt 0.50288 0.59609
vt 0.20893 0.86211
vt 0.21464 0.86380
vt 0.22556 0.86813
vt 0.22937 0.86854
vt 0.23062 0.87030
vt 0.25780 0.88507
vt 0.91198 0.56756
vt 0.39127 0.82369
vt 0.28112 0.89734
vt 0.29150 0.90232
vt 0.47900 0.76443
vt 0.94755 0.51631
vt 0.93175 0.51809
vt 0.04885 0.34421
vt 0.21062 0.10208
vt 0.11317 0.72402
vt 0.87719 0.59281
vt 0.88551 0.58581
vt 0.59725 0.59928
vt 0.56082 0.59710
vt 0.59742 0.59701
vt 0.55101 0.59401
vt 0.52767 0.59262
vt 0.52779 0.59514
vt 0.96700 0.01001
vt 0.51610 0.59164
vt 0.51276 0.59494
vt 0.51188 0.59261
vt 0.22385 0.86537
vt 0.38473 0.08687
vt 0.39406 0.08868
vt 0.39842 0.08687
vt 0.25612 0.98919
vt 0.24063 0.87411
vt 0.25216 0.87993
vt 0.28394 0.89654
vt 0.39903 0.82931
vt 0.29176 0.90058
vt 0.48127 0.76538
vt 0.41003 0.81924
vt 0.92848 0.70840
vt 0.21545 0.09681
vt 0.23269 0.09451
vt 0.18312 0.09459
vt 0.23292 0.09247
vt 0.19503 0.47647
vt 0.19807 0.47785
vt 0.21016 0.48016
vt 0.18548 0.09261
vt 0.16321 0.09698
vt 0.16343 0.09477
vt 0.16158 0.09247
vt 0.15180 0.09762
vt 0.15135 0.09546
vt 0.14972 0.09328
vt 0.98744 0.13325
vt 0.99145 0.13323
vt 0.99376 0.13171
vt 0.21546 0.86015
vt 0.22218 0.85974
vt 0.23035 0.86498
vt 0.39263 0.09073
vt 0.03824 0.52700
vt 0.03903 0.51841
vt 0.39249 0.09087
vt 0.25158 0.99381
vt 0.25138 0.99616
vt 0.26943 0.99683
vt 0.37427 0.08866
vt 0.26984 0.99438
vt 0.25934 0.99960
vt 0.27562 0.99907
vt 0.30099 0.99425
vt 0.33166 0.99667
vt 0.90058 0.55775
vt 0.90794 0.55749
vt 0.32093 0.99878
vt 0.33257 0.99420
vt 0.33209 0.99904
vt 0.33514 0.99308
vt 0.48516 0.77017
vt 0.48283 0.76306
vt 0.92057 0.51736
vt 0.01732 0.71885
vt 0.20143 0.48781
vt 0.19401 0.53131
vt 0.51044 0.58686
vt 0.21615 0.85804
vt 0.22708 0.85848
vt 0.23319 0.86097
vt 0.23522 0.86323
vt 0.23745 0.86692
vt 0.39272 0.82939
vt 0.20083 0.72073
vt 0.00784 0.71503
vt 0.08285 0.61507
vt 0.08557 0.61518
vt 0.08489 0.60561
vt 0.08784 0.61609
vt 0.92518 0.51296
vt 0.00578 0.71521
vt 0.04697 0.36573
vt 0.65484 0.53898
vt 0.51568 0.58026
vt 0.23469 0.85673
vt 0.23773 0.86429
vt 0.48668 0.76848
vt 0.48476 0.75360
vt 0.94199 0.50201
vt 0.91632 0.50894
vt 0.04218 0.71323
vt 0.04899 0.36696
vt 0.19768 0.47350
vt 0.18882 0.51794
vt 0.98668 0.14550
vt 0.99321 0.14538
vt 0.52387 0.58019
vt 0.89147 0.55686
vt 0.08760 0.60284
vt 0.48649 0.75528
vt 0.24389 0.86299
vt 0.19053 0.61348
vt 0.08298 0.60015
vt 0.92809 0.50773
vt 0.10817 0.71562
vt 0.19420 0.50540
vt 0.52360 0.57639
vt 0.51866 0.57597
vt 0.23694 0.85439
vt 0.17782 0.56088
vt 0.24156 0.85752
vt 0.24351 0.85984
vt 0.03699 0.53509
vt 0.19228 0.61936
vt 0.91853 0.51090
vt 0.04472 0.36700
vt 0.18516 0.51246
vt 0.99319 0.15380
vt 0.51234 0.57082
vt 0.19266 0.62887
vt 0.88779 0.56490
vt 0.88768 0.54750
vt 0.19884 0.73133
vt 0.01204 0.71057
vt 0.06193 0.71341
vt 0.07379 0.70716
vt 0.52509 0.57138
vt 0.24472 0.85261
vt 0.25180 0.85961
vt 0.01789 0.70992
vt 0.02354 0.71098
vt 0.88483 0.60204
vt 0.18921 0.47790
vt 0.24488 0.85128
vt 0.03648 0.54409
vt 0.90181 0.56883
vt 0.16975 0.49602
vt 0.17616 0.57366
vt 0.25012 0.85438
vt 0.89252 0.56951
vt 0.91035 0.57695
vt 0.96496 0.48813
vt 0.47633 0.72810
vt 0.03343 0.71168
vt 0.42247 0.73458
vt 0.08454 0.70318
vt 0.19518 0.47438
vt 0.17621 0.48873
vt 0.52539 0.56547
vt 0.17396 0.54388
vt 0.16177 0.59422
vt 0.18132 0.72962
vt 0.94535 0.49361
vt 0.47973 0.72894
vt 0.93357 0.49374
vt 0.92038 0.50005
vt 0.00793 0.70175
vt 0.42402 0.73880
vt 0.42396 0.78835
vt 0.87759 0.60521
vt 0.53156 0.56035
vt 0.07868 0.90237
vt 0.25787 0.85525
vt 0.95179 0.49533
vt 0.05137 0.69727
vt 0.66003 0.53303
vt 0.99301 0.16978
vt 0.98537 0.16725
vt 0.53895 0.56050
vt 0.25178 0.84928
vt 0.17666 0.62648
vt 0.92424 0.49669
vt 0.09851 0.70758
vt 0.87938 0.60950
vt 0.00451 0.23254
vt 0.17617 0.47555
vt 0.52707 0.56037
vt 0.66634 0.80735
vt 0.26069 0.85136
vt 0.03657 0.56072
vt 0.26744 0.85505
vt 0.17189 0.71944
vt 0.96604 0.46108
vt 0.91741 0.49860
vt 0.11146 0.70954
vt 0.11396 0.71522
vt 0.61623 0.55072
vt 0.17431 0.50600
vt 0.53903 0.55669
vt 0.16882 0.55445
vt 0.25787 0.84851
vt 0.16020 0.58517
vt 0.26433 0.85277
vt 0.17789 0.62871
vt 0.48299 0.72892
vt 0.93038 0.49668
vt 0.00960 0.69577
vt 0.01207 0.69692
vt 0.01380 0.69348
vt 0.00619 0.69711
vt 0.02663 0.69770
vt 0.17609 0.47909
vt 0.99289 0.17941
vt 0.17176 0.51312
vt 0.52568 0.55422
vt 0.17438 0.53025
vt 0.88739 0.57886
vt 0.94224 0.49494
vt 0.92759 0.48871
vt 0.11000 0.70274
vt 0.88352 0.62214
vt 0.63769 0.52818
vt 0.17507 0.47486
vt 0.98940 0.17954
vt 0.54526 0.55294
vt 0.53095 0.55557
vt 0.17158 0.52313
vt 0.17392 0.51815
vt 0.16989 0.53404
vt 0.25619 0.84727
vt 0.89323 0.58624
vt 0.04682 0.38709
vt 0.54023 0.54953
vt 0.26363 0.84567
vt 0.27043 0.84441
vt 0.90234 0.58491
vt 0.90788 0.58303
vt 0.91961 0.48463
vt 0.01977 0.69413
vt 0.04436 0.69687
vt 0.05959 0.69715
vt 0.06394 0.69638
vt 0.41679 0.71226
vt 0.42681 0.74047
vt 0.04437 0.39835
vt 0.04846 0.38731
vt 0.87999 0.61770
vt 0.54467 0.55029
vt 0.52932 0.55022
vt 0.27318 0.84770
vt 0.27440 0.85025
vt 0.28389 0.84981
vt 0.15924 0.61722
vt 0.08771 0.56103
vt 0.48653 0.71364
vt 0.11398 0.70393
vt 0.87719 0.62090
vt 0.53840 0.54690
vt 0.67175 0.79685
vt 0.03622 0.57782
vt 0.03476 0.69519
vt 0.00398 0.27829
vt 0.99242 0.19135
vt 0.55366 0.54400
vt 0.53339 0.54459
vt 0.39911 0.87021
vt 0.16215 0.72895
vt 0.93375 0.47560
vt 0.92376 0.47966
vt 0.07320 0.69648
vt 0.09613 0.69954
vt 0.88358 0.62652
vt 0.62624 0.53225
vt 0.55159 0.54233
vt 0.16476 0.53030
vt 0.15789 0.56966
vt 0.26878 0.84349
vt 0.27966 0.84804
vt 0.39708 0.87097
vt 0.75247 0.82123
vt 0.95784 0.47846
vt 0.95151 0.47092
vt 0.48133 0.71201
vt 0.94547 0.46380
vt 0.94223 0.47600
vt 0.00972 0.68959
vt 0.15803 0.47885
vt 0.14921 0.48853
vt 0.54763 0.54142
vt 0.15485 0.51697
vt 0.16514 0.54347
vt 0.16306 0.55067
vt 0.16255 0.62886
vt 0.90843 0.61857
vt 0.75316 0.74835
vt 0.08522 0.54230
vt 0.48468 0.69498
vt 0.00745 0.68833
vt 0.08237 0.69720
vt 0.08722 0.69791
vt 0.54676 0.53809
vt 0.53925 0.53856
vt 0.27930 0.84060
vt 0.28518 0.84053
vt 0.28551 0.84689
vt 0.88732 0.59334
vt 0.14044 0.72347
vt 0.94869 0.46830
vt 0.02355 0.69287
vt 0.11141 0.69245
vt 0.11381 0.69879
vt 0.88185 0.62970
vt 0.11656 0.69728
vt 0.99242 0.19919
vt 0.55918 0.53814
vt 0.15960 0.53490
vt 0.28610 0.84410
vt 0.29105 0.84582
vt 0.92095 0.47473
vt 0.00960 0.68517
vt 0.02910 0.68900
vt 0.04819 0.68782
vt 0.10149 0.69484
vt 0.56016 0.53391
vt 0.55569 0.53292
vt 0.03918 0.59684
vt 0.14840 0.62597
vt 0.15927 0.62904
vt 0.02067 0.68826
vt 0.04064 0.68811
vt 0.06010 0.69117
vt 0.06349 0.69357
vt 0.11593 0.69371
vt 0.15153 0.47625
vt 0.99184 0.20592
vt 0.54323 0.53373
vt 0.14635 0.50529
vt 0.15769 0.53162
vt 0.29768 0.84453
vt 0.30367 0.84679
vt 0.08416 0.68906
vt 0.11677 0.69477
vt 0.11793 0.69947
vt 0.56427 0.53342
vt 0.14420 0.49560
vt 0.21107 0.46762
vt 0.15390 0.54209
vt 0.15627 0.62835
vt 0.88689 0.59642
vt 0.18913 0.02747
vt 0.05530 0.68793
vt 0.06621 0.68837
vt 0.07491 0.68949
vt 0.09801 0.68983
vt 0.63192 0.52567
vt 0.60184 0.54991
vt 0.56789 0.52716
vt 0.54952 0.52888
vt 0.14928 0.53661
vt 0.29009 0.83761
vt 0.29703 0.84137
vt 0.30537 0.84352
vt 0.95854 0.46481
vt 0.94231 0.46603
vt 0.01594 0.68366
vt 0.03243 0.68488
vt 0.04565 0.41529
vt 0.14343 0.47609
vt 0.56981 0.52769
vt 0.55716 0.52701
vt 0.14115 0.64592
vt 0.29736 0.83777
vt 0.88753 0.61267
vt 0.90183 0.61047
vt 0.91042 0.62299
vt 0.48207 0.69156
vt 0.17877 0.02530
vt 0.02298 0.67939
vt 0.07720 0.68658
vt 0.11287 0.69007
vt 0.11628 0.68835
vt 0.56718 0.52383
vt 0.56528 0.52244
vt 0.14590 0.54983
vt 0.29756 0.83560
vt 0.14200 0.62926
vt 0.92420 0.46258
vt 0.07140 0.68165
vt 0.07552 0.68206
vt 0.09206 0.68739
vt 0.10268 0.68828
vt 0.14306 0.61581
vt 0.39396 0.90103
vt 0.93321 0.46185
vt 0.93132 0.46186
vt 0.47596 0.69292
vt 0.92668 0.46052
vt 0.01780 0.68037
vt 0.05313 0.68036
vt 0.11709 0.68825
vt 0.57127 0.52290
vt 0.14285 0.48086
vt 0.55582 0.52173
vt 0.14244 0.57268
vt 0.31294 0.83647
vt 0.31076 0.83920
vt 0.31745 0.84145
vt 0.14332 0.71772
vt 0.01634 0.67703
vt 0.01647 0.67847
vt 0.03638 0.67922
vt 0.04287 0.67965
vt 0.04833 0.67988
vt 0.05908 0.68080
vt 0.08120 0.68069
vt 0.10549 0.68218
vt 0.60929 0.52295
vt 0.99376 0.21820
vt 0.13552 0.53924
vt 0.30392 0.83489
vt 0.13519 0.72692
vt 0.48056 0.69112
vt 0.95066 0.44538
vt 0.92064 0.46444
vt 0.02089 0.67816
vt 0.09038 0.68105
vt 0.09624 0.68148
vt 0.11466 0.68387
vt 0.11771 0.68356
vt 0.14233 0.53160
vt 0.30587 0.83350
vt 0.13233 0.62222
vt 0.04232 0.61704
vt 0.03836 0.61089
vt 0.08778 0.53307
vt 0.48651 0.68578
vt 0.94334 0.45873
vt 0.02150 0.67528
vt 0.02594 0.67659
vt 0.43142 0.71489
vt 0.11712 0.68335
vt 0.57940 0.51565
vt 0.57057 0.51710
vt 0.13814 0.50500
vt 0.31033 0.83302
vt 0.91216 0.64493
vt 0.39243 0.90160
vt 0.94789 0.45301
vt 0.93017 0.45411
vt 0.92456 0.45420
vt 0.42624 0.71253
vt 0.06992 0.67654
vt 0.10826 0.68209
vt 0.58181 0.50983
vt 0.13268 0.58832
vt 0.31332 0.83131
vt 0.32128 0.83622
vt 0.94381 0.45544
vt 0.01591 0.67344
vt 0.01867 0.67283
vt 0.02066 0.67364
vt 0.02816 0.67438
vt 0.02383 0.67305
vt 0.45537 0.91393
vt 0.45349 0.90994
vt 0.03340 0.67383
vt 0.03713 0.67383
vt 0.04080 0.67398
vt 0.04411 0.67403
vt 0.05342 0.67432
vt 0.04773 0.67387
vt 0.05817 0.67421
vt 0.07999 0.67694
vt 0.59597 0.52125
vt 0.11881 0.67889
vt 0.56950 0.51271
vt 0.13236 0.52733
vt 0.12920 0.62967
vt 0.89790 0.62839
vt 0.97127 0.45822
vt 0.96618 0.45623
vt 0.02897 0.67156
vt 0.45636 0.90374
vt 0.03302 0.67120
vt 0.42422 0.70872
vt 0.42648 0.70936
vt 0.03906 0.67144
vt 0.43021 0.70996
vt 0.04344 0.67155
vt 0.04394 0.41812
vt 0.04671 0.41813
vt 0.04710 0.67134
vt 0.05154 0.67402
vt 0.05805 0.67200
vt 0.06397 0.67396
vt 0.06837 0.67418
vt 0.07566 0.67433
vt 0.07821 0.67469
vt 0.08695 0.67710
vt 0.09553 0.67618
vt 0.10993 0.67667
vt 0.11582 0.67786
vt 0.57524 0.51067
vt 0.13295 0.49226
vt 0.13418 0.50323
vt 0.32007 0.83083
vt 0.88580 0.62457
vt 0.88937 0.62408
vt 0.32838 0.83759
vt 0.95759 0.44529
vt 0.93388 0.44877
vt 0.92698 0.44845
vt 0.16773 0.02681
vt 0.02395 0.67162
vt 0.45176 0.90661
vt 0.45496 0.90095
vt 0.45088 0.89957
vt 0.45905 0.89398
vt 0.05263 0.67184
vt 0.06490 0.67109
vt 0.06879 0.67081
vt 0.07415 0.67194
vt 0.07874 0.67288
vt 0.08199 0.67275
vt 0.08510 0.67396
vt 0.10271 0.67600
vt 0.59850 0.53404
vt 0.58502 0.51005
vt 0.56741 0.50929
vt 0.12595 0.48152
vt 0.11965 0.61539
vt 0.32790 0.83237
vt 0.03822 0.62185
vt 0.96376 0.44448
vt 0.45269 0.89445
vt 0.45004 0.89298
vt 0.45056 0.88757
vt 0.42047 0.70377
vt 0.42504 0.70386
vt 0.42727 0.70395
vt 0.45753 0.89166
vt 0.45231 0.88349
vt 0.03616 0.67013
vt 0.45675 0.88062
vt 0.04290 0.67004
vt 0.04792 0.67031
vt 0.46024 0.87381
vt 0.45690 0.86054
vt 0.45405 0.85429
vt 0.05779 0.67081
vt 0.98656 0.24128
vt 0.99130 0.24248
vt 0.46276 0.85183
vt 0.07614 0.67122
vt 0.08436 0.67297
vt 0.09423 0.67291
vt 0.46324 0.84243
vt 0.58357 0.50651
vt 0.57709 0.50356
vt 0.12620 0.47767
vt 0.12584 0.47692
vt 0.12353 0.52833
vt 0.12111 0.54288
vt 0.32084 0.82926
vt 0.32988 0.83405
vt 0.13217 0.71546
vt 0.96881 0.44747
vt 0.48151 0.68441
vt 0.94650 0.44737
vt 0.93008 0.44367
vt 0.16142 0.02283
vt 0.43136 0.69779
vt 0.04489 0.42568
vt 0.04659 0.42645
vt 0.04916 0.42599
vt 0.45634 0.84386
vt 0.45429 0.84440
vt 0.98515 0.24559
vt 0.45519 0.83869
vt 0.99242 0.24604
vt 0.07578 0.66631
vt 0.07804 0.66814
vt 0.59179 0.50301
vt 0.46011 0.83840
vt 0.45822 0.83380
vt 0.08691 0.67197
vt 0.53283 0.67473
vt 0.53664 0.67214
vt 0.53566 0.68479
vt 0.10015 0.67235
vt 0.59618 0.54831
vt 0.11335 0.67273
vt 0.58225 0.50314
vt 0.11984 0.67385
vt 0.12678 0.52040
vt 0.75372 0.73144
vt 0.08494 0.52760
vt 0.48446 0.66493
vt 0.93234 0.44710
vt 0.41704 0.70471
vt 0.99106 0.25079
vt 0.08562 0.66940
vt 0.08075 0.66774
vt 0.53082 0.67655
vt 0.53531 0.69295
vt 0.53455 0.70181
vt 0.53664 0.71092
vt 0.57187 0.50348
vt 0.45977 0.81590
vt 0.91051 0.63484
vt 0.32740 0.82812
vt 0.40008 0.89908
vt 0.33677 0.83263
vt 0.03957 0.63465
vt 0.59327 0.49998
vt 0.07694 0.66627
vt 0.08472 0.66749
vt 0.08786 0.67060
vt 0.92044 0.76985
vt 0.91465 0.76741
vt 0.91753 0.77092
vt 0.08117 0.66502
vt 0.58365 0.68975
vt 0.43265 0.20490
vt 0.91927 0.77296
vt 0.92218 0.77469
vt 0.92153 0.77608
vt 0.52755 0.67888
vt 0.53104 0.68827
vt 0.53398 0.69606
vt 0.57664 0.49820
vt 0.11890 0.67048
vt 0.53444 0.71563
vt 0.53336 0.71857
vt 0.45781 0.81255
vt 0.12474 0.48999
vt 0.13079 0.50161
vt 0.12529 0.51103
vt 0.12027 0.60432
vt 0.12124 0.62917
vt 0.12576 0.72552
vt 0.33751 0.82994
vt 0.12502 0.71439
vt 0.34170 0.83443
vt 0.94878 0.44004
vt 0.94568 0.44049
vt 0.93501 0.43829
vt 0.93235 0.43851
vt 0.92640 0.43787
vt 0.15125 0.02500
vt 0.41823 0.66554
vt 0.98480 0.25074
vt 0.99308 0.24933
vt 0.92314 0.77670
vt 0.91465 0.41331
vt 0.91068 0.41593
vt 0.91031 0.41325
vt 0.52523 0.68074
vt 0.52498 0.68692
vt 0.52683 0.69589
vt 0.53204 0.70488
vt 0.90549 0.40950
vt 0.90704 0.40435
vt 0.12340 0.48326
vt 0.12556 0.49601
vt 0.12107 0.50891
vt 0.11828 0.62521
vt 0.96743 0.44055
vt 0.04214 0.63924
vt 0.04635 0.44256
vt 0.59346 0.49509
vt 0.59096 0.49626
vt 0.08820 0.66392
vt 0.09039 0.66434
vt 0.92687 0.76983
vt 0.93011 0.76839
vt 0.58506 0.49630
vt 0.06120 0.62698
vt 0.00942 0.29725
vt 0.89726 0.40569
vt 0.89620 0.40355
vt 0.88914 0.39976
vt 0.52690 0.70613
vt 0.53017 0.71447
vt 0.12529 0.49982
vt 0.90077 0.64075
vt 0.95788 0.43958
vt 0.48178 0.66525
vt 0.47514 0.66413
vt 0.42798 0.66581
vt 0.42255 0.66448
vt 0.05454 0.43305
vt 0.98617 0.25682
vt 0.99074 0.25413
vt 0.59563 0.49924
vt 0.59651 0.49603
vt 0.07974 0.66244
vt 0.08651 0.66177
vt 0.59769 0.69137
vt 0.11775 0.66746
vt 0.11577 0.66867
vt 0.52757 0.71328
vt 0.52859 0.71638
vt 0.11782 0.47655
vt 0.11917 0.47798
vt 0.12074 0.48186
vt 0.12114 0.48862
vt 0.11921 0.50639
vt 0.11287 0.58415
vt 0.11782 0.62804
vt 0.39736 0.89774
vt 0.12043 0.72404
vt 0.34879 0.82860
vt 0.96228 0.43547
vt 0.03966 0.64292
vt 0.34992 0.83109
vt 0.94664 0.43671
vt 0.47973 0.66527
vt 0.98452 0.25716
vt 0.59707 0.49214
vt 0.59742 0.49589
vt 0.59545 0.49264
vt 0.58099 0.49406
vt 0.07759 0.65887
vt 0.07898 0.65937
vt 0.08618 0.64320
vt 0.93120 0.77862
vt 0.11807 0.53792
vt 0.11711 0.55155
vt 0.11154 0.59746
vt 0.11155 0.61656
vt 0.11324 0.62619
vt 0.90137 0.64611
vt 0.11938 0.70999
vt 0.34685 0.82624
vt 0.08784 0.51217
vt 0.48668 0.66495
vt 0.93397 0.43435
vt 0.43302 0.66795
vt 0.04482 0.44376
vt 0.59260 0.52076
vt 0.58848 0.53888
vt 0.58881 0.54864
vt 0.08199 0.66016
vt 0.08292 0.66171
vt 0.86053 0.39306
vt 0.86310 0.38856
vt 0.11419 0.48151
vt 0.11473 0.48643
vt 0.11512 0.49013
vt 0.88627 0.37834
vt 0.68655 0.17014
vt 0.11549 0.53461
vt 0.11120 0.59352
vt 0.11148 0.60810
vt 0.11060 0.62757
vt 0.88537 0.64198
vt 0.11699 0.70977
vt 0.34694 0.82414
vt 0.71332 0.73239
vt 0.96158 0.43319
vt 0.08341 0.53148
vt 0.08541 0.51201
vt 0.49513 0.52569
vt 0.49182 0.52706
vt 0.93428 0.42923
vt 0.04912 0.44268
vt 0.59498 0.48796
vt 0.23855 0.91793
vt 0.24297 0.92059
vt 0.24486 0.91993
vt 0.08807 0.65899
vt 0.09205 0.65898
vt 0.08094 0.65843
vt 0.58659 0.54655
vt 0.06120 0.61451
vt 0.01234 0.29788
vt 0.86807 0.39031
vt 0.87566 0.37965
vt 0.88197 0.36953
vt 0.11330 0.52012
vt 0.88755 0.36863
vt 0.88532 0.36285
vt 0.11321 0.52776
vt 0.13644 0.87369
vt 0.07898 0.01428
vt 0.06439 0.01562
vt 0.08719 0.01641
vt 0.09779 0.01316
vt 0.09811 0.01587
vt 0.10268 0.01549
vt 0.10283 0.01209
vt 0.11048 0.58510
vt 0.11135 0.62580
vt 0.88823 0.64466
vt 0.89412 0.64382
vt 0.75285 0.71348
vt 0.14478 0.02341
vt 0.93738 0.76741
vt 0.59059 0.52259
vt 0.59142 0.52011
vt 0.59998 0.68975
vt 0.60241 0.69173
vt 0.08350 0.65860
vt 0.86454 0.38459
vt 0.86977 0.38264
vt 0.86127 0.38451
vt 0.86906 0.37865
vt 0.87325 0.37815
vt 0.86568 0.37121
vt 0.86451 0.36668
vt 0.86056 0.38138
vt 0.87597 0.37097
vt 0.87862 0.37067
vt 0.87312 0.37127
vt 0.86441 0.35400
vt 0.87114 0.36847
vt 0.87037 0.36732
vt 0.87855 0.36349
vt 0.87169 0.36238
vt 0.88202 0.36261
vt 0.86882 0.35687
vt 0.88391 0.35845
vt 0.86945 0.35066
vt 0.86490 0.34687
vt 0.86956 0.34093
vt 0.86408 0.34223
vt 0.86295 0.34484
vt 0.86188 0.34422
vt 0.86889 0.33720
vt 0.86141 0.34082
vt 0.86291 0.33672
vt 0.06831 0.01161
vt 0.06370 0.01389
vt 0.87009 0.33607
vt 0.07195 0.01263
vt 0.08512 0.01194
vt 0.09677 0.01161
vt 0.11077 0.56953
vt 0.11022 0.57518
vt 0.87367 0.30801
vt 0.87334 0.31059
vt 0.86778 0.30982
vt 0.86696 0.30784
vt 0.10923 0.59191
vt 0.90314 0.26675
vt 0.58826 0.53444
vt 0.07858 0.65675
vt 0.93765 0.77320
vt 0.90819 0.19563
vt 0.91065 0.17077
vt 0.87748 0.35875
vt 0.88011 0.35508
vt 0.87404 0.35916
vt 0.87284 0.35445
vt 0.87117 0.34825
vt 0.87129 0.34159
vt 0.87212 0.32643
vt 0.86341 0.32257
vt 0.77942 0.46077
vt 0.77810 0.45837
vt 0.77977 0.45907
vt 0.77942 0.45036
vt 0.87231 0.31730
vt 0.60789 0.55925
vt 0.86550 0.31292
vt 0.87139 0.31539
vt 0.87505 0.31351
vt 0.87787 0.30835
vt 0.87606 0.30612
vt 0.88140 0.30051
vt 0.60789 0.58967
vt 0.10699 0.58307
vt 0.89381 0.29264
vt 0.10714 0.59172
vt 0.89554 0.28297
vt 0.88875 0.28212
vt 0.43838 0.22858
vt 0.43838 0.22618
vt 0.43672 0.22665
vt 0.10772 0.59240
vt 0.89653 0.27452
vt 0.89023 0.27863
vt 0.89867 0.26706
vt 0.89560 0.64579
vt 0.94280 0.42627
vt 0.94022 0.42460
vt 0.08884 0.65401
vt 0.94213 0.76959
vt 0.12893 0.66479
vt 0.07439 0.65451
vt 0.09395 0.66255
vt 0.09705 0.65753
vt 0.09547 0.65628
vt 0.24188 0.00615
vt 0.23620 0.00512
vt 0.22945 0.00793
vt 0.22998 0.00591
vt 0.91036 0.38695
vt 0.22852 0.00440
vt 0.22843 0.00756
vt 0.22113 0.00569
vt 0.20077 0.00440
vt 0.20368 0.00743
vt 0.20001 0.00555
vt 0.97822 0.95160
vt 0.87825 0.34962
vt 0.96497 0.94173
vt 0.88140 0.34165
vt 0.96388 0.93855
vt 0.94237 0.90422
vt 0.88917 0.30312
vt 0.88914 0.29129
vt 0.93910 0.87725
vt 0.93864 0.87405
vt 0.94014 0.86911
vt 0.94340 0.86272
vt 0.96423 0.83978
vt 0.94638 0.85730
vt 0.95959 0.84136
vt 0.94928 0.85150
vt 0.95415 0.84544
vt 0.89362 0.26092
vt 0.89773 0.25476
vt 0.90020 0.24952
vt 0.37705 0.90546
vt 0.91179 0.64652
vt 0.90832 0.22695
vt 0.50928 0.54235
vt 0.95106 0.42182
vt 0.94707 0.42362
vt 0.94638 0.42172
vt 0.93759 0.42376
vt 0.73897 0.58764
vt 0.73955 0.58086
vt 0.74261 0.58210
vt 0.74333 0.58911
vt 0.14040 0.01728
vt 0.17256 0.66162
vt 0.20161 0.66351
vt 0.14993 0.65829
vt 0.10779 0.65780
vt 0.07504 0.65135
vt 0.73256 0.32946
vt 0.72648 0.32828
vt 0.72732 0.32626
vt 0.73303 0.32771
vt 0.12781 0.96837
vt 0.12531 0.96837
vt 0.12548 0.96998
vt 0.22856 0.99239
vt 0.23106 0.99239
vt 0.22897 0.99400
vt 0.22884 0.01021
vt 0.22011 0.00968
vt 0.47721 0.24909
vt 0.47624 0.24765
vt 0.73980 0.32924
vt 0.21537 0.01081
vt 0.47900 0.25191
vt 0.24137 0.93395
vt 0.24332 0.92700
vt 0.28296 0.92688
vt 0.48288 0.25444
vt 0.48120 0.25556
vt 0.19942 0.00710
vt 0.94047 0.39752
vt 0.48176 0.25655
vt 0.36973 0.76982
vt 0.95887 0.23748
vt 0.95827 0.24519
vt 0.95523 0.24607
vt 0.87696 0.34332
vt 0.87602 0.34032
vt 0.95660 0.24794
vt 0.95771 0.25381
vt 0.95473 0.25655
vt 0.95674 0.26571
vt 0.87896 0.31711
vt 0.87673 0.32331
vt 0.88011 0.30949
vt 0.95756 0.27653
vt 0.95441 0.26987
vt 0.95543 0.27729
vt 0.88350 0.31305
vt 0.95727 0.27926
vt 0.94474 0.90367
vt 0.95587 0.28642
vt 0.94151 0.89013
vt 0.35676 0.91494
vt 0.33553 0.91237
vt 0.35303 0.90953
vt 0.94009 0.88475
vt 0.93997 0.88053
vt 0.87430 0.42233
vt 0.87158 0.42380
vt 0.96907 0.83838
vt 0.86912 0.43002
vt 0.87013 0.43774
vt 0.86741 0.43672
vt 0.86890 0.44396
vt 0.86684 0.46443
vt 0.86904 0.46547
vt 0.86880 0.47041
vt 0.86865 0.45057
vt 0.86699 0.44539
vt 0.86609 0.45465
vt 0.86879 0.45862
vt 0.38262 0.90929
vt 0.39222 0.90578
vt 0.48790 0.95723
vt 0.49251 0.95717
vt 0.92669 0.28445
vt 0.95309 0.42340
vt 0.95120 0.42019
vt 0.95267 0.41914
vt 0.90388 0.23493
vt 0.93848 0.42179
vt 0.74014 0.59435
vt 0.74738 0.58343
vt 0.17503 0.65917
vt 0.20230 0.65950
vt 0.12847 0.65538
vt 0.07899 0.65162
vt 0.09596 0.65240
vt 0.19739 0.97968
vt 0.19739 0.98045
vt 0.20190 0.98009
vt 0.20737 0.98258
vt 0.21462 0.98536
vt 0.21492 0.98385
vt 0.73899 0.32626
vt 0.18808 0.97389
vt 0.19225 0.97775
vt 0.19530 0.97648
vt 0.21732 0.98242
vt 0.22319 0.98640
vt 0.22330 0.98422
vt 0.22802 0.98587
vt 0.18175 0.96951
vt 0.17971 0.97077
vt 0.18582 0.97521
vt 0.23273 0.98759
vt 0.23215 0.98392
vt 0.23703 0.98704
vt 0.23916 0.98342
vt 0.27747 0.63611
vt 0.27519 0.63371
vt 0.28435 0.63371
vt 0.22810 0.97643
vt 0.23975 0.98645
vt 0.48526 0.25890
vt 0.17228 0.96193
vt 0.17290 0.96476
vt 0.24395 0.98584
vt 0.49105 0.26113
vt 0.49524 0.26259
vt 0.17916 0.96009
vt 0.24326 0.98068
vt 0.24724 0.98265
vt 0.24836 0.98467
vt 0.24683 0.97862
vt 0.25357 0.97822
vt 0.48776 0.26641
vt 0.49249 0.26708
vt 0.96146 0.21257
vt 0.49102 0.27092
vt 0.29332 0.91909
vt 0.95359 0.24657
vt 0.87888 0.32972
vt 0.88202 0.32032
vt 0.95299 0.27018
vt 0.95279 0.25481
vt 0.95413 0.27815
vt 0.95440 0.28709
vt 0.95827 0.29038
vt 0.95682 0.29205
vt 0.95985 0.29487
vt 0.95820 0.29656
vt 0.95974 0.29967
vt 0.96295 0.30440
vt 0.95954 0.30464
vt 0.87455 0.41193
vt 0.87635 0.41485
vt 0.87415 0.41519
vt 0.87418 0.41876
vt 0.87211 0.41652
vt 0.87065 0.41929
vt 0.86657 0.47111
vt 0.04402 0.15973
vt 0.04143 0.16533
vt 0.86523 0.46452
vt 0.86582 0.44298
vt 0.86351 0.44421
vt 0.86410 0.45470
vt 0.49057 0.97625
vt 0.39205 0.90764
vt 0.75525 0.60289
vt 0.75722 0.61289
vt 0.75229 0.61104
vt 0.74612 0.60907
vt 0.74772 0.60636
vt 0.74445 0.60796
vt 0.90257 0.22419
vt 0.74471 0.60264
vt 0.74053 0.60416
vt 0.74197 0.59608
vt 0.75607 0.59697
vt 0.74861 0.59057
vt 0.17866 0.65580
vt 0.15509 0.65479
vt 0.13886 0.65369
vt 0.08440 0.65047
vt 0.11592 0.65295
vt 0.07654 0.64886
vt 0.09835 0.65284
vt 0.84152 0.23537
vt 0.43547 0.24202
vt 0.43256 0.23733
vt 0.43650 0.23951
vt 0.46886 0.24138
vt 0.47950 0.24224
vt 0.49080 0.24199
vt 0.49619 0.24325
vt 0.49929 0.24925
vt 0.19348 0.97304
vt 0.22154 0.98052
vt 0.22759 0.98173
vt 0.24798 0.93327
vt 0.18639 0.97031
vt 0.18278 0.96748
vt 0.23647 0.98160
vt 0.50010 0.26064
vt 0.17970 0.96447
vt 0.24216 0.97858
vt 0.16838 0.95895
vt 0.17218 0.95768
vt 0.17462 0.95825
vt 0.16629 0.95443
vt 0.16876 0.95408
vt 0.17489 0.95615
vt 0.24791 0.97375
vt 0.75146 0.67250
vt 0.24903 0.97628
vt 0.25416 0.97406
vt 0.95367 0.22486
vt 0.25856 0.97542
vt 0.25982 0.97072
vt 0.49570 0.27612
vt 0.49889 0.27250
vt 0.95393 0.22855
vt 0.26305 0.97213
vt 0.49353 0.27578
vt 0.95355 0.23319
vt 0.49774 0.27968
vt 0.95315 0.24028
vt 0.95254 0.24673
vt 0.49942 0.28482
vt 0.50214 0.28986
vt 0.50050 0.29021
vt 0.95170 0.25544
vt 0.95129 0.26944
vt 0.29289 0.92586
vt 0.33490 0.91890
vt 0.99709 0.06525
vt 0.99958 0.06525
vt 0.99878 0.06685
vt 0.79226 0.48454
vt 0.78992 0.48399
vt 0.78124 0.48703
vt 0.95174 0.28055
vt 0.95198 0.26997
vt 0.95257 0.28356
vt 0.77920 0.48656
vt 0.77429 0.48808
vt 0.95302 0.28741
vt 0.76872 0.48902
vt 0.95377 0.29346
vt 0.95513 0.29424
vt 0.76649 0.48888
vt 0.95608 0.29789
vt 0.76165 0.49054
vt 0.76148 0.49275
vt 0.95720 0.30136
vt 0.75491 0.49279
vt 0.75560 0.49058
vt 0.87278 0.41426
vt 0.74993 0.49016
vt 0.74296 0.48879
vt 0.86964 0.42251
vt 0.86789 0.42577
vt 0.86649 0.48051
vt 0.47156 0.35614
vt 0.47668 0.35082
vt 0.47573 0.35527
vt 0.86706 0.48340
vt 0.47263 0.35743
vt 0.02410 0.91723
vt 0.86584 0.42981
vt 0.86555 0.43384
vt 0.73566 0.48641
vt 0.73288 0.48399
vt 0.73125 0.48519
vt 0.86424 0.43851
vt 0.86261 0.47157
vt 0.86220 0.45898
vt 0.86180 0.46687
vt 0.86265 0.44562
vt 0.86152 0.45664
vt 0.86059 0.46120
vt 0.38882 0.91063
vt 0.49139 0.98182
vt 0.03001 0.20044
vt 0.03352 0.20409
vt 0.03207 0.20493
vt 0.03377 0.21986
vt 0.64654 0.99480
vt 0.39291 0.90921
vt 0.74753 0.59722
vt 0.19761 0.65401
vt 0.17343 0.65251
vt 0.13915 0.65073
vt 0.07962 0.64782
vt 0.09834 0.64973
vt 0.09006 0.49620
vt 0.50420 0.23452
vt 0.50253 0.23360
vt 0.51534 0.23263
vt 0.51834 0.23194
vt 0.52381 0.23179
vt 0.48750 0.23490
vt 0.52452 0.23993
vt 0.46934 0.23582
vt 0.46060 0.23953
vt 0.50444 0.24544
vt 0.44939 0.23849
vt 0.51223 0.25415
vt 0.28934 0.05885
vt 0.28768 0.06207
vt 0.28934 0.06605
vt 0.40924 0.55685
vt 0.41084 0.55920
vt 0.21357 0.87588
vt 0.84221 0.67374
vt 0.84221 0.66894
vt 0.83972 0.67137
vt 0.51728 0.28311
vt 0.16445 0.95168
vt 0.20994 0.88745
vt 0.16778 0.94999
vt 0.25205 0.97257
vt 0.97080 0.34916
vt 0.96961 0.34215
vt 0.16534 0.94836
vt 0.25557 0.97118
vt 0.21035 0.89076
vt 0.20944 0.89536
vt 0.20791 0.89657
vt 0.97281 0.35518
vt 0.20887 0.89992
vt 0.26195 0.96895
vt 0.26650 0.96798
vt 0.20740 0.90047
vt 0.26852 0.97024
vt 0.27124 0.96665
vt 0.20864 0.90592
vt 0.20719 0.90680
vt 0.27037 0.96527
vt 0.27283 0.96685
vt 0.27644 0.96265
vt 0.27588 0.96051
vt 0.20871 0.91378
vt 0.50274 0.29501
vt 0.50114 0.30350
vt 0.28435 0.95208
vt 0.20913 0.91912
vt 0.20761 0.92056
vt 0.50252 0.30192
vt 0.28295 0.95120
vt 0.50523 0.30717
vt 0.21026 0.93074
vt 0.28331 0.94958
vt 0.50229 0.31763
vt 0.49840 0.30459
vt 0.49856 0.31658
vt 0.21244 0.94167
vt 0.20877 0.93679
vt 0.50079 0.32026
vt 0.21055 0.94356
vt 0.21234 0.94321
vt 0.49844 0.32800
vt 0.49952 0.33160
vt 0.49695 0.31969
vt 0.21357 0.95156
vt 0.68485 0.29263
vt 0.68332 0.28381
vt 0.49485 0.33524
vt 0.50425 0.34613
vt 0.68273 0.27792
vt 0.68237 0.27325
vt 0.49200 0.33474
vt 0.49233 0.34199
vt 0.68349 0.27034
vt 0.68236 0.26675
vt 0.68264 0.26278
vt 0.48485 0.35017
vt 0.48977 0.34435
vt 0.68351 0.25934
vt 0.68485 0.25548
vt 0.47858 0.35453
vt 0.48127 0.34989
vt 0.68370 0.25180
vt 0.00752 0.57606
vt 0.00980 0.57911
vt 0.00698 0.57928
vt 0.00977 0.58350
vt 0.00721 0.58346
vt 0.47782 0.35860
vt 0.00904 0.58802
vt 0.48938 0.37457
vt 0.01041 0.58732
vt 0.00793 0.59513
vt 0.86374 0.47786
vt 0.46944 0.35925
vt 0.47285 0.36023
vt 0.47629 0.35691
vt 0.01034 0.59456
vt 0.01041 0.59990
vt 0.86061 0.47565
vt 0.47212 0.40232
vt 0.47190 0.40472
vt 0.47571 0.40233
vt 0.86053 0.47334
vt 0.47918 0.40412
vt 0.47110 0.36822
vt 0.46586 0.40233
vt 0.47096 0.37442
vt 0.46019 0.36812
vt 0.45957 0.37264
vt 0.45787 0.37030
vt 0.45977 0.37405
vt 0.50578 0.38145
vt 0.49251 0.98563
vt 0.02880 0.21577
vt 0.03455 0.22831
vt 0.03416 0.23781
vt 0.03290 0.23298
vt 0.48046 0.37826
vt 0.03198 0.23879
vt 0.03189 0.24638
vt 0.49260 0.37983
vt 0.49123 0.38138
vt 0.02778 0.26225
vt 0.03071 0.25613
vt 0.03126 0.27620
vt 0.51378 0.38342
vt 0.52417 0.37959
vt 0.52314 0.38471
vt 0.19523 0.64938
vt 0.08895 0.64814
vt 0.09860 0.64873
vt 0.11535 0.64824
vt 0.85763 0.26628
vt 0.85891 0.28369
vt 0.85634 0.27768
vt 0.07566 0.64616
vt 0.85798 0.23464
vt 0.86137 0.23417
vt 0.86015 0.24400
vt 0.08701 0.48539
vt 0.54116 0.91657
vt 0.56261 0.91873
vt 0.30535 0.96629
vt 0.30309 0.96765
vt 0.30954 0.97005
vt 0.29733 0.96411
vt 0.20606 0.89559
vt 0.20575 0.89976
vt 0.26165 0.96537
vt 0.26632 0.96501
vt 0.26565 0.96129
vt 0.26874 0.96183
vt 0.27081 0.96210
vt 0.26992 0.95876
vt 0.20608 0.96918
vt 0.20608 0.96677
vt 0.20441 0.96708
vt 0.27326 0.95755
vt 0.27558 0.95767
vt 0.27498 0.95288
vt 0.10985 0.31048
vt 0.20700 0.92582
vt 0.27904 0.94836
vt 0.98901 0.10048
vt 0.28043 0.94957
vt 0.20443 0.92087
vt 0.20768 0.93858
vt 0.52298 0.32675
vt 0.52413 0.32602
vt 0.88985 0.04066
vt 0.89841 0.03101
vt 0.89257 0.04043
vt 0.49792 0.31178
vt 0.88763 0.04708
vt 0.89005 0.04684
vt 0.49496 0.32400
vt 0.88495 0.05452
vt 0.88689 0.05484
vt 0.48885 0.33078
vt 0.49000 0.33230
vt 0.88490 0.06034
vt 0.88270 0.06057
vt 0.48747 0.33471
vt 0.48989 0.33633
vt 0.48824 0.33748
vt 0.88354 0.06491
vt 0.48602 0.33975
vt 0.88144 0.06525
vt 0.88216 0.06768
vt 0.48775 0.34271
vt 0.48549 0.34511
vt 0.52333 0.35146
vt 0.48349 0.34367
vt 0.88245 0.07139
vt 0.88021 0.07185
vt 0.88224 0.07529
vt 0.87994 0.07540
vt 0.88210 0.07864
vt 0.87997 0.07897
vt 0.88230 0.08248
vt 0.00672 0.58920
vt 0.00658 0.59864
vt 0.80789 0.01432
vt 0.81678 0.01427
vt 0.83421 0.01962
vt 0.10949 0.67134
vt 0.10949 0.66813
vt 0.10699 0.66941
vt 0.46173 0.36481
vt 0.46213 0.36364
vt 0.46565 0.36315
vt 0.00580 0.64732
vt 0.00458 0.64648
vt 0.00580 0.64412
vt 0.00708 0.64512
vt 0.02809 0.20366
vt 0.02892 0.23303
vt 0.02890 0.24434
vt 0.02426 0.24553
vt 0.03096 0.28460
vt 0.85604 0.30351
vt 0.85689 0.32180
vt 0.85441 0.32257
vt 0.16821 0.64742
vt 0.85571 0.28895
vt 0.85877 0.23007
vt 0.85629 0.25246
vt 0.85889 0.25336
vt 0.85425 0.27175
vt 0.85194 0.28942
vt 0.85060 0.30366
vt 0.85024 0.31746
vt 0.85620 0.23385
vt 0.85620 0.22963
vt 0.85460 0.25178
vt 0.85228 0.27138
vt 0.85047 0.28655
vt 0.85437 0.23551
vt 0.85237 0.25140
vt 0.32280 0.97356
vt 0.32171 0.97486
vt 0.33456 0.98038
vt 0.33753 0.97906
vt 0.42114 0.98759
vt 0.41840 0.98941
vt 0.42295 0.99194
vt 0.42721 0.99091
vt 0.31655 0.97076
vt 0.31474 0.97138
vt 0.42942 0.99184
vt 0.31107 0.96762
vt 0.30451 0.96376
vt 0.10235 0.26574
vt 0.10131 0.27568
vt 0.97312 0.33082
vt 0.10065 0.28099
vt 0.09954 0.28655
vt 0.10038 0.29139
vt 0.97843 0.34827
vt 0.20297 0.89665
vt 0.10524 0.29619
vt 0.20286 0.90048
vt 0.10529 0.29961
vt 0.20275 0.90459
vt 0.98285 0.36292
vt 0.90670 0.01829
vt 0.91299 0.01401
vt 0.90832 0.01921
vt 0.98596 0.37064
vt 0.90008 0.02382
vt 0.90080 0.02595
vt 0.13383 0.11269
vt 0.13867 0.11409
vt 0.14698 0.11092
vt 0.99239 0.38337
vt 0.99792 0.38783
vt 0.88737 0.04068
vt 0.49524 0.31185
vt 0.49575 0.30320
vt 0.15853 0.11205
vt 0.49353 0.31877
vt 0.88437 0.04805
vt 0.12281 0.34468
vt 0.87635 0.28143
vt 0.87319 0.28490
vt 0.88411 0.05114
vt 0.88198 0.05510
vt 0.87987 0.06083
vt 0.87775 0.06775
vt 0.87928 0.06710
vt 0.87779 0.07510
vt 0.87412 0.07436
vt 0.87886 0.08411
vt 0.88199 0.08568
vt 0.88256 0.08965
vt 0.87940 0.09031
vt 0.88309 0.09511
vt 0.83408 0.01158
vt 0.88380 0.10167
vt 0.00541 0.59608
vt 0.89591 0.11766
vt 0.89062 0.11087
vt 0.89721 0.11720
vt 0.87705 0.09526
vt 0.00639 0.60729
vt 0.89044 0.11259
vt 0.87691 0.09827
vt 0.87815 0.10048
vt 0.88019 0.10530
vt 0.12281 0.97053
vt 0.02502 0.20444
vt 0.02575 0.21870
vt 0.02546 0.22917
vt 0.02410 0.23836
vt 0.51530 0.42314
vt 0.51119 0.42390
vt 0.02405 0.26388
vt 0.02421 0.27630
vt 0.47447 0.42725
vt 0.02450 0.29041
vt 0.45609 0.42887
vt 0.85377 0.30272
vt 0.85212 0.31804
vt 0.34504 0.97954
vt 0.42852 0.98786
vt 0.32688 0.97355
vt 0.98645 0.30747
vt 0.98994 0.30174
vt 0.98862 0.30820
vt 0.99289 0.30238
vt 0.99356 0.29979
vt 0.99792 0.29824
vt 0.33136 0.97276
vt 0.98556 0.31410
vt 0.98398 0.31309
vt 0.99156 0.30636
vt 0.98071 0.31973
vt 0.98893 0.31261
vt 0.99285 0.30690
vt 0.98094 0.32307
vt 0.98377 0.31937
vt 0.97702 0.32704
vt 0.45362 0.99036
vt 0.97768 0.33094
vt 0.98040 0.32678
vt 0.45769 0.99380
vt 0.45840 0.99154
vt 0.97844 0.33587
vt 0.46372 0.99247
vt 0.97898 0.34290
vt 0.10074 0.30154
vt 0.10253 0.30923
vt 0.12745 0.10934
vt 0.13348 0.10844
vt 0.14100 0.10885
vt 0.15641 0.10822
vt 0.16202 0.10900
vt 0.08368 0.85056
vt 0.87145 0.29104
vt 0.87136 0.29661
vt 0.87434 0.30120
vt 0.87211 0.30464
vt 0.08268 0.88949
vt 0.01207 0.93235
vt 0.01150 0.93395
vt 0.00291 0.93235
vt 0.02191 0.20572
vt 0.02248 0.22313
vt 0.01931 0.20589
vt 0.02082 0.21525
vt 0.01901 0.22502
vt 0.02084 0.23323
vt 0.02320 0.24830
vt 0.01983 0.24228
vt 0.02219 0.26116
vt 0.01871 0.25293
vt 0.01803 0.26038
vt 0.02010 0.26700
vt 0.02200 0.28060
vt 0.02242 0.29302
vt 0.01774 0.27289
vt 0.01965 0.28163
vt 0.01867 0.28810
vt 0.01741 0.29549
vt 0.02837 0.55791
vt 0.02839 0.57820
vt 0.02486 0.56852
vt 0.02492 0.58372
vt 0.02763 0.59653
vt 0.35491 0.97813
vt 0.43888 0.98784
vt 0.34418 0.97359
vt 0.34813 0.97481
vt 0.44786 0.98765
vt 0.45868 0.98853
vt 0.46336 0.98980
vt 0.09700 0.28650
vt 0.09759 0.28166
vt 0.09814 0.29308
vt 0.09899 0.29767
vt 0.11894 0.10847
vt 0.12714 0.10612
vt 0.14978 0.10666
vt 0.16778 0.10630
vt 0.90520 0.97855
vt 0.90134 0.98163
vt 0.90697 0.98189
vt 0.44186 0.06922
vt 0.43406 0.07216
vt 0.44531 0.06642
vt 0.90334 0.12249
vt 0.90730 0.12438
vt 0.94756 0.97869
vt 0.02498 0.55088
vt 0.02365 0.56246
vt 0.02312 0.58883
vt 0.14238 0.44779
vt 0.02417 0.60041
vt 0.02708 0.60755
vt 0.02290 0.60620
vt 0.01852 0.60854
vt 0.06557 0.45413
vt 0.04158 0.45549
vt 0.35731 0.97458
vt 0.36079 0.97494
vt 0.36316 0.97570
vt 0.46669 0.98759
vt 0.10620 0.10407
vt 0.10200 0.10537
vt 0.10941 0.10641
vt 0.11615 0.10368
vt 0.11457 0.10690
vt 0.12094 0.10528
vt 0.13795 0.10531
vt 0.16001 0.10368
vt 0.89467 0.97638
vt 0.44943 0.06909
vt 0.90707 0.13067
vt 0.90918 0.12964
vt 0.91299 0.13251
vt 0.94879 0.97689
vt 0.01667 0.50623
vt 0.01918 0.50402
vt 0.01782 0.51819
vt 0.02376 0.51670
vt 0.02095 0.52887
vt 0.01916 0.53493
vt 0.02428 0.53884
vt 0.02189 0.55163
vt 0.01327 0.49800
vt 0.01471 0.52053
vt 0.01680 0.53595
vt 0.01759 0.54842
vt 0.01291 0.53124
vt 0.01550 0.53809
vt 0.01795 0.56583
vt 0.01952 0.57848
vt 0.13344 0.44522
vt 0.11514 0.44707
vt 0.01932 0.58849
vt 0.08934 0.44982
vt 0.01674 0.58606
vt 0.07185 0.44960
vt 0.36709 0.97043
vt 0.37677 0.96897
vt 0.37320 0.97292
vt 0.38144 0.96537
vt 0.38009 0.96865
vt 0.37472 0.96699
vt 0.38168 0.96345
vt 0.38631 0.96181
vt 0.38630 0.95868
vt 0.39259 0.95556
vt 0.37037 0.06859
vt 0.39058 0.95973
vt 0.36595 0.06704
vt 0.37025 0.07103
vt 0.37601 0.07246
vt 0.13301 0.10445
vt 0.37971 0.07558
vt 0.40094 0.08226
vt 0.40948 0.08056
vt 0.41139 0.08367
vt 0.41597 0.08254
vt 0.90994 0.97770
vt 0.42879 0.07924
vt 0.42697 0.08190
vt 0.43071 0.07967
vt 0.43948 0.07691
vt 0.44609 0.07252
vt 0.76126 0.44561
vt 0.75846 0.44155
vt 0.76290 0.44155
vt 0.54399 0.89462
vt 0.54007 0.89204
vt 0.53957 0.89430
vt 0.76170 0.44933
vt 0.76467 0.44601
vt 0.27705 0.43198
vt 0.42058 0.63028
vt 0.42319 0.62608
vt 0.53758 0.88777
vt 0.76894 0.44383
vt 0.41560 0.62330
vt 0.47387 0.40793
vt 0.47763 0.41060
vt 0.53580 0.89078
f 2305/1 2306/2 2307/3
f 2308/4 2309/5 2310/6
f 2311/7 2312/8 2313/9
f 2311/7 2313/9 2310/6
f 2309/5 2311/7 2310/6
f 2314/10 2315/11 2316/12
f 2317/13 2318/14 2319/15
f 2320/16 2321/17 2322/18
f 2323/19 2324/20 2325/21
f 2326/22 2327/23 2328/24
f 2329/25 2328/24 2327/23
f 2326/22 2330/26 2327/23
f 2331/27 2332/28 2327/23
f 2333/29 2334/30 2335/31
f 2336/32 2337/33 2338/34
f 2339/35 2314/10 2316/12
f 2340/36 2341/37 2339/35
f 2335/31 2342/38 2343/39
f 2344/40 2345/41 2346/42
f 2342/38 2346/42 2345/41
f 2336/32 2344/40 2346/42
f 2346/42 2342/38 2335/31
f 2347/43 2323/19 2325/21
f 2323/19 2348/44 2349/45
f 2349/45 2350/46 2351/47
f 2352/48 2339/35 2341/37
f 2353/49 2318/14 2317/13
f 2340/36 2316/12 2337/33
f 2341/37 2340/36 2319/15
f 2326/22 2354/50 2330/26
f 2355/51 2356/52 2357/53
f 2358/54 2320/16 2347/43
f 2321/17 2320/16 2332/28
f 2354/50 2359/55 2330/26
f 2321/17 2330/26 2360/56
f 2321/17 2332/28 2330/26
f 2322/18 2347/43 2320/16
f 2323/19 2349/45 2324/20
f 2322/18 2321/17 2360/56
f 2345/41 2351/47 2343/39
f 2343/39 2342/38 2345/41
f 2350/46 2333/29 2351/47
f 2344/40 2351/47 2345/41
f 2341/37 2318/14 2352/48
f 2343/39 2333/29 2335/31
f 2315/11 2338/34 2337/33
f 2341/37 2319/15 2318/14
f 2349/45 2348/44 2350/46
f 2353/49 2317/13 2361/57
f 2362/58 2353/49 2361/57
f 2339/35 2316/12 2340/36
f 2315/11 2337/33 2316/12
f 2325/21 2324/20 2358/54
f 2338/34 2344/40 2336/32
f 2333/29 2343/39 2351/47
f 2350/46 2348/44 2333/29
f 2363/59 2362/58 2361/57
f 2364/60 2365/61 2366/62
f 2348/44 2334/30 2333/29
f 2325/21 2358/54 2347/43
f 2367/63 2368/64 2369/65
f 2359/55 2360/56 2330/26
f 2352/48 2318/14 2353/49
f 2327/23 2330/26 2331/27
f 2370/66 2371/67 2372/68
f 2373/69 2374/70 2375/71
f 2376/72 2377/73 2378/74
f 2379/75 2380/76 2381/77
f 2380/76 2382/78 2381/77
f 2383/79 2384/80 2385/81
f 2385/81 2384/80 2386/82
f 2386/82 2387/83 2385/81
f 2388/84 2389/85 2390/86
f 2389/85 2391/87 2390/86
f 2391/87 2392/88 2393/89
f 2388/84 2390/86 2394/90
f 2391/87 2393/89 2390/86
f 2392/88 2395/91 2393/89
f 2393/89 2396/92 2390/86
f 2393/89 2395/91 2396/92
f 2394/90 2390/86 2397/93
f 2395/91 2398/94 2396/92
f 2390/86 2396/92 2397/93
f 2396/92 2398/94 2399/95
f 2396/92 2399/95 2400/96
f 2396/92 2400/96 2397/93
f 2397/93 2400/96 2401/97
f 2399/95 2402/98 2400/96
f 2399/95 2403/99 2402/98
f 2400/96 2404/100 2401/97
f 2403/99 2405/101 2402/98
f 2400/96 2402/98 2404/100
f 2402/98 2406/102 2404/100
f 2402/98 2405/101 2406/102
f 2407/103 2408/104 2409/105
f 2409/105 2408/104 2410/106
f 2405/101 2411/107 2406/102
f 2407/103 2412/108 2408/104
f 2413/109 2414/110 2415/111
f 2407/103 2416/112 2412/108
f 2412/108 2417/113 2408/104
f 2417/113 2418/114 2410/106
f 2408/104 2417/113 2410/106
f 2412/108 2419/115 2417/113
f 2412/108 2416/112 2420/116
f 2412/108 2420/116 2419/115
f 2419/115 2420/116 2421/117
f 2419/115 2422/118 2417/113
f 2419/115 2423/119 2422/118
f 2419/115 2421/117 2423/119
f 2422/118 2424/120 2417/113
f 2417/113 2424/120 2418/114
f 2423/119 2425/121 2422/118
f 2422/118 2426/122 2424/120
f 2425/121 2423/119 2427/123
f 2428/124 2426/122 2422/118
f 2425/121 2428/124 2422/118
f 2429/125 2428/124 2425/121
f 2425/121 2427/123 2429/125
f 2428/124 2430/126 2426/122
f 2429/125 2427/123 2431/127
f 2431/127 2428/124 2429/125
f 2428/124 2432/128 2430/126
f 2432/128 2433/129 2430/126
f 2434/130 2432/128 2428/124
f 2431/127 2435/131 2428/124
f 2431/127 2436/132 2435/131
f 2437/133 2433/129 2432/128
f 2438/134 2434/130 2428/124
f 2435/131 2438/134 2428/124
f 2439/135 2437/133 2432/128
f 2434/130 2439/135 2432/128
f 2438/134 2440/136 2434/130
f 2440/136 2439/135 2434/130
f 2435/131 2441/137 2438/134
f 2441/137 2442/138 2438/134
f 2438/134 2442/138 2440/136
f 2443/139 2444/140 2445/141
f 2443/139 2446/142 2444/140
f 2444/140 2446/142 2389/85
f 2446/142 2447/143 2389/85
f 2448/144 2444/140 2388/84
f 2448/144 2388/84 2449/145
f 2450/146 2451/147 2452/148
f 2447/143 2453/149 2389/85
f 2389/85 2453/149 2391/87
f 2391/87 2453/149 2392/88
f 2394/90 2454/150 2455/151
f 2397/93 2456/152 2454/150
f 2457/153 2458/154 2459/155
f 2397/93 2460/156 2456/152
f 2401/97 2461/157 2460/156
f 2399/95 2398/94 2462/158
f 2401/97 2463/159 2461/157
f 2464/160 2465/161 2466/162
f 2466/162 2467/163 2468/164
f 2404/100 2469/165 2463/159
f 2468/164 2467/163 2470/166
f 2468/164 2470/166 2471/167
f 2468/164 2471/167 2472/168
f 2473/169 2474/170 2475/171
f 2476/172 2477/173 2478/174
f 2478/174 2477/173 2479/175
f 2480/176 2481/177 2482/178
f 2483/179 2484/180 2485/181
f 2485/181 2486/182 2487/183
f 2487/183 2488/184 2489/185
f 2490/186 2491/187 2435/131
f 2490/186 2435/131 2492/188
f 2493/189 2439/135 2440/136
f 2494/190 2441/137 2491/187
f 2495/191 2493/189 2440/136
f 2496/192 2497/193 2498/194
f 2442/138 2495/191 2440/136
f 2442/138 2499/195 2495/191
f 2500/196 2442/138 2441/137
f 2501/197 2500/196 2441/137
f 2502/198 2499/195 2442/138
f 2503/199 2504/200 2505/201
f 2502/198 2506/202 2499/195
f 2500/196 2502/198 2442/138
f 2507/203 2508/204 2443/139
f 2507/203 2443/139 2509/205
f 2509/205 2443/139 2510/206
f 2511/207 2512/208 2513/209
f 2443/139 2508/204 2446/142
f 2508/204 2514/210 2446/142
f 2514/210 2515/211 2446/142
f 2515/211 2447/143 2446/142
f 2516/212 2517/213 2450/146
f 2450/146 2517/213 2451/147
f 2451/147 2518/214 2452/148
f 2519/215 2518/214 2520/216
f 2521/217 2522/218 2457/153
f 2457/153 2522/218 2458/154
f 2459/155 2458/154 2523/219
f 2523/219 2524/220 2525/221
f 2525/221 2526/222 2527/223
f 2527/223 2526/222 2528/224
f 2528/224 2529/225 2473/169
f 2473/169 2529/225 2474/170
f 2529/225 2530/226 2474/170
f 2530/226 2531/227 2532/228
f 2475/171 2530/226 2532/228
f 2533/229 2534/230 2535/231
f 2532/228 2531/227 2536/232
f 2531/227 2537/233 2536/232
f 2536/232 2538/234 2480/176
f 2539/235 2540/236 2541/237
f 2542/238 2543/239 2540/236
f 2544/240 2545/241 2546/242
f 2547/243 2548/244 2544/240
f 2549/245 2550/246 2548/244
f 2549/245 2548/244 2547/243
f 2551/247 2552/248 2549/245
f 2505/201 2552/248 2551/247
f 2553/249 2554/250 2497/193
f 2504/200 2555/251 2505/201
f 2505/201 2555/251 2552/248
f 2556/252 2557/253 2500/196
f 2556/252 2500/196 2501/197
f 2503/199 2555/251 2504/200
f 2558/254 2559/255 2560/256
f 2559/255 2561/257 2560/256
f 2559/255 2562/258 2561/257
f 2563/259 2564/260 2565/261
f 2565/261 2564/260 2503/199
f 2566/262 2567/263 2568/264
f 2566/262 2569/265 2567/263
f 2570/266 2571/267 2507/203
f 2570/266 2507/203 2509/205
f 2572/268 2573/269 2574/270
f 2571/267 2575/271 2507/203
f 2507/203 2575/271 2508/204
f 2575/271 2576/272 2514/210
f 2575/271 2514/210 2508/204
f 2514/210 2576/272 2577/273
f 2578/274 2579/275 2580/276
f 2581/277 2582/278 2583/279
f 2584/280 2585/281 2586/282
f 2587/283 2588/284 2589/285
f 2590/286 2591/287 2592/288
f 2593/289 2594/290 2523/219
f 2524/220 2595/291 2525/221
f 2525/221 2595/291 2526/222
f 2528/224 2526/222 2529/225
f 2529/225 2596/292 2597/293
f 2598/294 2599/295 2600/296
f 2531/227 2601/297 2537/233
f 2537/233 2601/297 2602/298
f 2536/232 2537/233 2603/299
f 2481/177 2543/239 2604/300
f 2605/301 2606/302 2607/303
f 2608/304 2609/305 2610/306
f 2611/307 2612/308 2613/309
f 2612/308 2614/310 2613/309
f 2615/311 2616/312 2617/313
f 2613/309 2614/310 2618/314
f 2613/309 2618/314 2619/315
f 2618/314 2620/316 2619/315
f 2614/310 2621/317 2618/314
f 2614/310 2622/318 2621/317
f 2623/319 2624/320 2625/321
f 2626/322 2627/323 2552/248
f 2552/248 2627/323 2549/245
f 2618/314 2628/324 2620/316
f 2621/317 2629/325 2618/314
f 2621/317 2630/326 2629/325
f 2618/314 2629/325 2628/324
f 2628/324 2629/325 2631/327
f 2628/324 2631/327 2632/328
f 2631/327 2633/329 2632/328
f 2632/328 2633/329 2634/330
f 2634/330 2633/329 2558/254
f 2634/330 2558/254 2635/331
f 2564/260 2636/332 2555/251
f 2629/325 2637/333 2631/327
f 2629/325 2638/334 2637/333
f 2631/327 2637/333 2633/329
f 2637/333 2558/254 2633/329
f 2563/259 2639/335 2564/260
f 2638/334 2640/336 2637/333
f 2637/333 2640/336 2558/254
f 2558/254 2640/336 2559/255
f 2640/336 2562/258 2559/255
f 2640/336 2641/337 2562/258
f 2642/338 2643/339 2644/340
f 2644/340 2643/339 2645/341
f 2644/340 2645/341 2646/342
f 2645/341 2643/339 2647/343
f 2645/341 2647/343 2648/344
f 2645/341 2648/344 2646/342
f 2648/344 2649/345 2646/342
f 2646/342 2649/345 2650/346
f 2648/344 2647/343 2651/347
f 2648/344 2651/347 2649/345
f 2650/346 2649/345 2652/348
f 2649/345 2651/347 2653/349
f 2653/349 2654/350 2649/345
f 2649/345 2654/350 2652/348
f 2652/348 2654/350 2655/351
f 2652/348 2655/351 2656/352
f 2656/352 2655/351 2657/353
f 2656/352 2657/353 2658/354
f 2655/351 2659/355 2657/353
f 2657/353 2660/356 2658/354
f 2658/354 2660/356 2661/357
f 2659/355 2662/358 2657/353
f 2657/353 2662/358 2660/356
f 2663/359 2664/360 2566/262
f 2663/359 2566/262 2568/264
f 2664/360 2665/361 2666/362
f 2666/362 2566/262 2664/360
f 2667/363 2668/364 2665/361
f 2665/361 2668/364 2666/362
f 2668/364 2669/365 2666/362
f 2670/366 2671/367 2672/368
f 2672/368 2671/367 2673/369
f 2672/368 2673/369 2674/370
f 2673/369 2675/371 2674/370
f 2674/370 2675/371 2676/372
f 2676/372 2675/371 2667/363
f 2667/363 2675/371 2677/373
f 2667/363 2677/373 2668/364
f 2677/373 2678/374 2668/364
f 2668/364 2678/374 2669/365
f 2669/365 2678/374 2679/375
f 2669/365 2679/375 2569/265
f 2679/375 2680/376 2569/265
f 2680/376 2681/377 2569/265
f 2680/376 2682/378 2681/377
f 2675/371 2683/379 2677/373
f 2677/373 2683/379 2678/374
f 2683/379 2684/380 2678/374
f 2684/380 2685/381 2678/374
f 2685/381 2686/382 2679/375
f 2678/374 2685/381 2679/375
f 2685/381 2687/383 2686/382
f 2679/375 2686/382 2680/376
f 2688/384 2689/385 2670/366
f 2670/366 2690/386 2688/384
f 2670/366 2689/385 2671/367
f 2689/385 2691/387 2673/369
f 2671/367 2689/385 2673/369
f 2673/369 2691/387 2675/371
f 2675/371 2691/387 2692/388
f 2675/371 2692/388 2683/379
f 2683/379 2692/388 2684/380
f 2692/388 2693/389 2684/380
f 2684/380 2693/389 2687/383
f 2684/380 2687/383 2685/381
f 2689/385 2688/384 2694/390
f 2689/385 2694/390 2691/387
f 2691/387 2694/390 2695/391
f 2691/387 2695/391 2696/392
f 2691/387 2696/392 2692/388
f 2692/388 2696/392 2693/389
f 2688/384 2697/393 2694/390
f 2694/390 2697/393 2698/394
f 2698/394 2695/391 2694/390
f 2699/395 2571/267 2570/266
f 2700/396 2701/397 2699/395
f 2699/395 2701/397 2571/267
f 2701/397 2575/271 2571/267
f 2702/398 2703/399 2704/400
f 2705/401 2706/402 2707/403
f 2700/396 2708/404 2709/405
f 2700/396 2709/405 2701/397
f 2709/405 2710/406 2701/397
f 2701/397 2710/406 2575/271
f 2711/407 2712/408 2710/406
f 2575/271 2710/406 2576/272
f 2710/406 2712/408 2576/272
f 2713/409 2714/410 2715/411
f 2716/412 2702/398 2581/277
f 2717/413 2706/402 2705/401
f 2708/404 2718/414 2709/405
f 2719/415 2711/407 2718/414
f 2709/405 2718/414 2710/406
f 2718/414 2711/407 2710/406
f 2720/416 2721/417 2717/413
f 2717/413 2721/417 2706/402
f 2722/418 2723/419 2708/404
f 2708/404 2723/419 2718/414
f 2724/420 2725/421 2726/422
f 2727/423 2724/420 2726/422
f 2720/416 2728/424 2721/417
f 2729/425 2723/419 2722/418
f 2730/426 2731/427 2727/423
f 2731/427 2724/420 2727/423
f 2732/428 2728/424 2720/416
f 2586/282 2730/426 2733/429
f 2584/280 2586/282 2733/429
f 2586/282 2734/430 2730/426
f 2735/431 2736/432 2737/433
f 2738/434 2585/281 2584/280
f 2739/435 2740/436 2728/424
f 2586/282 2741/437 2734/430
f 2742/438 2743/439 2737/433
f 2743/439 2735/431 2737/433
f 2739/435 2744/440 2740/436
f 2745/441 2744/440 2746/442
f 2585/281 2747/443 2741/437
f 2747/443 2748/444 2741/437
f 2749/445 2750/446 2745/441
f 2745/441 2750/446 2740/436
f 2749/445 2751/447 2750/446
f 2752/448 2753/449 2754/450
f 2755/451 2756/452 2757/453
f 2756/452 2758/454 2747/443
f 2757/453 2756/452 2747/443
f 2756/452 2759/455 2758/454
f 2760/456 2761/457 2756/452
f 2755/451 2760/456 2756/452
f 2754/450 2753/449 2762/458
f 2761/457 2759/455 2756/452
f 2760/456 2763/459 2761/457
f 2762/458 2764/460 2765/461
f 2761/457 2766/462 2759/455
f 2767/463 2768/464 2761/457
f 2763/459 2767/463 2761/457
f 2761/457 2768/464 2766/462
f 2764/460 2769/465 2765/461
f 2768/464 2770/466 2766/462
f 2763/459 2771/467 2767/463
f 2765/461 2769/465 2772/468
f 2767/463 2770/466 2768/464
f 2771/467 2773/469 2767/463
f 2767/463 2773/469 2770/466
f 2769/465 2774/470 2772/468
f 2769/465 2775/471 2774/470
f 2771/467 2776/472 2773/469
f 2773/469 2776/472 2770/466
f 2776/472 2777/473 2770/466
f 2778/474 2779/475 2771/467
f 2771/467 2779/475 2776/472
f 2778/474 2780/476 2779/475
f 2774/470 2775/471 2781/477
f 2782/478 2783/479 2784/480
f 2779/475 2785/481 2776/472
f 2776/472 2785/481 2777/473
f 2785/481 2786/482 2777/473
f 2779/475 2780/476 2785/481
f 2780/476 2787/483 2788/484
f 2780/476 2788/484 2785/481
f 2782/478 2784/480 2789/485
f 2785/481 2788/484 2786/482
f 2786/482 2788/484 2790/486
f 2788/484 2791/487 2790/486
f 2787/483 2792/488 2788/484
f 2792/488 2793/489 2788/484
f 2788/484 2793/489 2791/487
f 2792/488 2787/483 2794/490
f 2791/487 2793/489 2795/491
f 2796/492 2797/493 2798/494
f 2792/488 2794/490 2793/489
f 2798/494 2799/495 2800/496
f 2798/494 2797/493 2799/495
f 2796/492 2801/497 2797/493
f 2797/493 2801/497 2799/495
f 2796/492 2802/498 2801/497
f 2803/499 2804/500 2805/501
f 2801/497 2806/502 2799/495
f 2801/497 2802/498 2807/503
f 2801/497 2807/503 2806/502
f 2807/503 2808/504 2806/502
f 2802/498 2809/505 2807/503
f 2802/498 2810/506 2809/505
f 2807/503 2809/505 2611/307
f 2807/503 2611/307 2811/507
f 2807/503 2811/507 2808/504
f 2809/505 2812/508 2612/308
f 2809/505 2612/308 2611/307
f 2809/505 2810/506 2813/509
f 2809/505 2813/509 2812/508
f 2814/510 2815/511 2816/512
f 2817/513 2818/514 2819/515
f 2819/515 2818/514 2820/516
f 2819/515 2820/516 2821/517
f 2822/518 2823/519 2824/520
f 2812/508 2825/521 2612/308
f 2826/522 2827/523 2828/524
f 2612/308 2825/521 2614/310
f 2614/310 2825/521 2622/318
f 2622/318 2829/525 2621/317
f 2829/525 2630/326 2621/317
f 2830/526 2632/328 2831/527
f 2630/326 2832/528 2629/325
f 2630/326 2833/529 2832/528
f 2832/528 2638/334 2629/325
f 2832/528 2834/530 2638/334
f 2835/531 2836/532 2639/335
f 2638/334 2834/530 2837/533
f 2638/334 2837/533 2640/336
f 2640/336 2837/533 2641/337
f 2838/534 2642/338 2839/535
f 2839/535 2642/338 2644/340
f 2840/536 2841/537 2842/538
f 2842/538 2841/537 2843/539
f 2838/534 2844/540 2845/541
f 2838/534 2845/541 2642/338
f 2841/537 2846/542 2847/543
f 2843/539 2841/537 2847/543
f 2845/541 2643/339 2642/338
f 2846/542 2848/544 2847/543
f 2847/543 2848/544 2849/545
f 2845/541 2850/546 2643/339
f 2848/544 2851/547 2849/545
f 2849/545 2851/547 2852/548
f 2851/547 2853/549 2852/548
f 2850/546 2854/550 2643/339
f 2855/551 2856/552 2857/553
f 2643/339 2854/550 2647/343
f 2647/343 2854/550 2651/347
f 2854/550 2858/554 2651/347
f 2857/553 2859/555 2860/556
f 2853/549 2861/557 2862/558
f 2861/557 2863/559 2862/558
f 2858/554 2864/560 2651/347
f 2651/347 2864/560 2653/349
f 2865/561 2866/562 2867/563
f 2863/559 2865/561 2867/563
f 2864/560 2868/564 2653/349
f 2869/565 2870/566 2871/567
f 2653/349 2868/564 2654/350
f 2868/564 2872/568 2654/350
f 2654/350 2872/568 2655/351
f 2872/568 2873/569 2655/351
f 2873/569 2874/570 2655/351
f 2875/571 2876/572 2877/573
f 2655/351 2874/570 2659/355
f 2659/355 2874/570 2662/358
f 2878/574 2879/575 2880/576
f 2881/577 2882/578 2878/574
f 2883/579 2884/580 2881/577
f 2881/577 2884/580 2885/581
f 2886/582 2887/583 2670/366
f 2888/584 2889/585 2890/586
f 2888/584 2890/586 2891/587
f 2687/383 2892/588 2686/382
f 2892/588 2893/589 2686/382
f 2686/382 2893/589 2680/376
f 2680/376 2893/589 2682/378
f 2894/590 2895/591 2896/592
f 2897/593 2892/588 2693/389
f 2693/389 2892/588 2687/383
f 2898/594 2688/384 2690/386
f 2894/590 2896/592 2899/595
f 2696/392 2900/596 2693/389
f 2693/389 2900/596 2897/593
f 2898/594 2697/393 2688/384
f 2898/594 2901/597 2697/393
f 2695/391 2902/598 2903/599
f 2695/391 2903/599 2696/392
f 2903/599 2900/596 2696/392
f 2697/393 2904/600 2698/394
f 2698/394 2904/600 2902/598
f 2698/394 2902/598 2695/391
f 2905/601 2906/602 2907/603
f 2908/604 2909/605 2910/606
f 2911/607 2912/608 2907/603
f 2913/609 2914/610 2716/412
f 2716/412 2914/610 2915/611
f 2916/612 2917/613 2913/609
f 2913/609 2917/613 2914/610
f 2918/614 2919/615 2916/612
f 2920/616 2921/617 2922/618
f 2923/619 2920/616 2922/618
f 2924/620 2925/621 2918/614
f 2926/622 2927/623 2928/624
f 2929/625 2930/626 2931/627
f 2742/438 2932/628 2743/439
f 2931/627 2930/626 2933/629
f 2930/626 2934/630 2933/629
f 2934/630 2935/631 2753/449
f 2933/629 2934/630 2753/449
f 2935/631 2936/632 2753/449
f 2753/449 2936/632 2762/458
f 2936/632 2937/633 2762/458
f 2762/458 2937/633 2764/460
f 2938/634 2939/635 2940/636
f 2941/637 2942/638 2943/639
f 2942/638 2944/640 2945/641
f 2943/639 2942/638 2945/641
f 2937/633 2946/642 2764/460
f 2764/460 2946/642 2769/465
f 2942/638 2947/643 2944/640
f 2942/638 2948/644 2947/643
f 2769/465 2946/642 2949/645
f 2769/465 2949/645 2775/471
f 2948/644 2950/646 2951/647
f 2948/644 2951/647 2947/643
f 2948/644 2952/648 2953/649
f 2948/644 2953/649 2950/646
f 2947/643 2951/647 2954/650
f 2783/479 2955/651 2956/652
f 2783/479 2956/652 2784/480
f 2950/646 2953/649 2957/653
f 2950/646 2958/654 2951/647
f 2950/646 2959/655 2958/654
f 2950/646 2957/653 2959/655
f 2951/647 2960/656 2954/650
f 2784/480 2956/652 2961/657
f 2958/654 2960/656 2951/647
f 2957/653 2962/658 2959/655
f 2959/655 2963/659 2958/654
f 2959/655 2964/660 2963/659
f 2959/655 2962/658 2964/660
f 2963/659 2965/661 2958/654
f 2958/654 2965/661 2960/656
f 2961/657 2966/662 2784/480
f 2784/480 2966/662 2789/485
f 2964/660 2962/658 2967/663
f 2964/660 2968/664 2963/659
f 2963/659 2969/665 2965/661
f 2964/660 2970/666 2968/664
f 2964/660 2967/663 2970/666
f 2968/664 2969/665 2963/659
f 2789/485 2966/662 2803/499
f 2966/662 2971/667 2803/499
f 2970/666 2972/668 2968/664
f 2968/664 2972/668 2973/669
f 2968/664 2973/669 2969/665
f 2974/670 2972/668 2970/666
f 2971/667 2804/500 2803/499
f 2975/671 2976/672 2977/673
f 2975/671 2978/674 2976/672
f 2817/513 2979/675 2818/514
f 2818/514 2827/523 2820/516
f 2818/514 2980/676 2827/523
f 2823/519 2981/677 2824/520
f 2982/678 2983/679 2984/680
f 2829/525 2833/529 2630/326
f 2985/681 2986/682 2987/683
f 2832/528 2988/684 2834/530
f 2986/682 2989/685 2987/683
f 2834/530 2990/686 2837/533
f 2641/337 2837/533 2991/687
f 2641/337 2991/687 2992/688
f 2993/689 2994/690 2842/538
f 2993/689 2842/538 2995/691
f 2843/539 2847/543 2996/692
f 2997/693 2998/694 2999/695
f 3000/696 2849/545 2852/548
f 3001/697 3002/698 3003/699
f 3003/699 3002/698 3004/700
f 3003/699 3004/700 2855/551
f 2855/551 3004/700 3005/701
f 2855/551 3005/701 2856/552
f 2856/552 2859/555 2857/553
f 2856/552 3006/702 2859/555
f 2859/555 3006/702 2860/556
f 2860/556 3006/702 3007/703
f 2860/556 3007/703 2869/565
f 2869/565 3007/703 2870/566
f 2870/566 3008/704 2871/567
f 2871/567 3008/704 3009/705
f 2871/567 3009/705 3010/706
f 3010/706 3009/705 2876/572
f 2876/572 3009/705 2877/573
f 2875/571 2877/573 3011/707
f 3012/708 3013/709 2888/584
f 2896/592 3014/710 2899/595
f 3015/711 3016/712 3017/713
f 2901/597 3018/714 2697/393
f 2697/393 3018/714 2904/600
f 3019/715 3020/716 3021/717
f 3019/715 3021/717 3022/718
f 3021/717 3023/719 3022/718
f 3017/713 3024/720 3025/721
f 2902/598 2904/600 3026/722
f 2904/600 3027/723 3026/722
f 2902/598 3026/722 3028/724
f 3029/725 3030/726 3020/716
f 3020/716 3030/726 3021/717
f 3028/724 3031/727 3032/728
f 3017/713 3016/712 3024/720
f 3026/722 3033/729 3028/724
f 3034/730 3035/731 3036/732
f 3037/733 3038/734 2919/615
f 2919/615 3038/734 2917/613
f 3016/712 3039/735 3024/720
f 3040/736 3041/737 3042/738
f 3043/739 3044/740 3045/741
f 2926/622 3046/742 2927/623
f 3047/743 3041/737 3040/736
f 3024/720 3039/735 3048/744
f 3049/745 3050/746 3051/747
f 3052/748 3049/745 3051/747
f 3052/748 3051/747 3053/749
f 3039/735 3054/750 3048/744
f 3050/746 3055/751 3051/747
f 3051/747 3056/752 3053/749
f 3051/747 3057/753 3056/752
f 3051/747 3055/751 3057/753
f 3058/754 3059/755 3060/756
f 3059/755 3061/757 3060/756
f 3057/753 2941/637 3056/752
f 3056/752 2941/637 2943/639
f 3039/735 3062/758 3054/750
f 3048/744 3054/750 3063/759
f 3057/753 3064/760 2941/637
f 3057/753 3065/761 3064/760
f 3060/756 3066/762 3067/763
f 3064/760 3068/764 2941/637
f 3069/765 3070/766 3071/767
f 3072/768 3073/769 3074/770
f 3075/771 2942/638 2941/637
f 3068/764 3075/771 2941/637
f 3071/767 3076/772 3077/773
f 3078/774 3079/775 3080/776
f 3078/774 3081/777 3079/775
f 3082/778 3083/779 3084/780
f 3075/771 2948/644 2942/638
f 3075/771 3085/781 2948/644
f 3085/781 2952/648 2948/644
f 3086/782 3087/783 3062/758
f 3088/784 3089/785 3090/786
f 3090/786 3089/785 3091/787
f 3090/786 3091/787 3092/788
f 3087/783 3093/789 3062/758
f 3091/787 3094/790 3092/788
f 3092/788 3094/790 3095/791
f 3062/758 3093/789 3054/750
f 3093/789 3096/792 3054/750
f 3054/750 3096/792 3063/759
f 3094/790 3097/793 3095/791
f 3096/792 3098/794 3063/759
f 3095/791 3097/793 3099/795
f 3097/793 3100/796 3099/795
f 3099/795 3100/796 3101/797
f 3102/798 3103/799 2967/663
f 3104/800 3105/801 3106/802
f 2967/663 3103/799 3107/803
f 2967/663 3107/803 2970/666
f 3093/789 2987/683 3096/792
f 3108/804 3109/805 3110/806
f 3106/802 3105/801 3111/807
f 3112/808 2974/670 2970/666
f 3113/809 3114/810 3115/811
f 2974/670 3116/812 2972/668
f 2972/668 3116/812 2973/669
f 3109/805 3108/804 3117/813
f 2974/670 3118/814 3116/812
f 3112/808 2978/674 2974/670
f 2978/674 3118/814 2974/670
f 3119/815 2987/683 3093/789
f 3108/804 3120/816 3117/813
f 3121/817 3122/818 3123/819
f 2978/674 2975/671 3118/814
f 3120/816 2810/506 3117/813
f 2978/674 3124/820 2976/672
f 3119/815 3125/821 2987/683
f 3120/816 3126/822 2810/506
f 2810/506 3126/822 2813/509
f 3126/822 2825/521 2813/509
f 2827/523 2980/676 3127/823
f 2827/523 3127/823 2828/524
f 3128/824 3129/825 2983/679
f 2982/678 3128/824 2983/679
f 3130/826 3131/827 3132/828
f 3126/822 3133/829 2825/521
f 3132/828 3131/827 3134/830
f 3134/830 3131/827 3135/831
f 2825/521 3133/829 2829/525
f 3125/821 2985/681 2987/683
f 3133/829 3136/832 2829/525
f 3136/832 3137/833 2829/525
f 2829/525 3137/833 2833/529
f 3125/821 3138/834 2985/681
f 2833/529 3137/833 2988/684
f 3137/833 3139/835 2988/684
f 2988/684 3139/835 2834/530
f 3139/835 2990/686 2834/530
f 3140/836 3141/837 3142/838
f 3143/839 3144/840 3145/841
f 2992/688 2991/687 3146/842
f 3147/843 3148/844 3149/845
f 2990/686 3150/846 2837/533
f 3148/844 3151/847 3149/845
f 2837/533 3150/846 2991/687
f 3150/846 3152/848 2991/687
f 2998/694 3153/849 3154/850
f 2998/694 3154/850 2999/695
f 3155/851 3000/696 3156/852
f 2985/681 3157/853 3158/854
f 3156/852 2852/548 3159/855
f 3158/854 2986/682 2985/681
f 3004/700 3160/856 3005/701
f 3005/701 3161/857 2856/552
f 2856/552 3161/857 3006/702
f 3161/857 3162/858 3006/702
f 3162/858 3163/859 3006/702
f 3163/859 3164/860 3006/702
f 3006/702 3164/860 3007/703
f 3007/703 3164/860 2870/566
f 3164/860 3165/861 2870/566
f 2870/566 3166/862 3008/704
f 3009/705 3167/863 3168/864
f 3168/864 2877/573 3009/705
f 2877/573 3169/865 3011/707
f 3170/866 3171/867 3172/868
f 3173/869 3174/870 2883/579
f 3175/871 3176/872 3177/873
f 3177/873 3176/872 3178/874
f 2895/591 3179/875 3180/876
f 2895/591 3180/876 2896/592
f 2896/592 3180/876 3181/877
f 3181/877 3014/710 2896/592
f 3181/877 3182/878 3014/710
f 3015/711 3022/718 3183/879
f 3015/711 3183/879 3184/880
f 3014/710 3182/878 3185/881
f 3184/880 3016/712 3015/711
f 3018/714 3186/882 2904/600
f 3023/719 3183/879 3022/718
f 2904/600 3186/882 3187/883
f 3031/727 3028/724 3188/884
f 3188/884 3189/885 3031/727
f 3031/727 3190/886 3032/728
f 3031/727 3189/885 3190/886
f 3021/717 3191/887 3023/719
f 3191/887 3192/888 3023/719
f 3023/719 3192/888 3193/889
f 3023/719 3193/889 3183/879
f 3194/890 3195/891 3196/892
f 3197/893 3194/890 3196/892
f 3193/889 3198/894 3183/879
f 3196/892 3195/891 3199/895
f 3187/883 3027/723 2904/600
f 3027/723 3033/729 3026/722
f 3033/729 3188/884 3028/724
f 3198/894 3200/896 3183/879
f 3200/896 3201/897 3183/879
f 3183/879 3201/897 3184/880
f 3202/898 3203/899 3204/900
f 3200/896 3205/901 3201/897
f 3206/902 3207/903 3208/904
f 3206/902 3208/904 3209/905
f 3210/906 3211/907 3212/908
f 3203/899 3213/909 3204/900
f 3212/908 3211/907 3214/910
f 3204/900 3213/909 3215/911
f 3204/900 3215/911 3216/912
f 3201/897 3016/712 3184/880
f 3209/905 3217/913 3206/902
f 3206/902 3217/913 3218/914
f 3206/902 3218/914 3219/915
f 3220/916 3221/917 3222/918
f 3221/917 3223/919 3222/918
f 3215/911 3224/920 3216/912
f 3224/920 3225/921 3216/912
f 3205/901 3226/922 3201/897
f 3209/905 3227/923 3217/913
f 3209/905 3208/904 3227/923
f 3228/924 3229/925 3230/926
f 3223/919 3221/917 3231/927
f 3224/920 3232/928 3225/921
f 3232/928 3233/929 3225/921
f 3234/930 3235/931 3236/932
f 3221/917 3237/933 3231/927
f 3214/910 3238/934 3239/935
f 3240/936 3241/937 3236/932
f 3237/933 3242/938 3231/927
f 3225/921 3233/929 3243/939
f 3226/922 3244/940 3201/897
f 3245/941 3246/942 3241/937
f 3245/941 3241/937 3240/936
f 3247/943 3248/944 3249/945
f 3242/938 3250/946 3251/947
f 3231/927 3242/938 3251/947
f 3233/929 3252/948 3243/939
f 3253/949 3247/943 3249/945
f 3254/950 3255/951 3256/952
f 3242/938 3049/745 3250/946
f 3252/948 3257/953 3243/939
f 3226/922 3258/954 3244/940
f 3244/940 3016/712 3201/897
f 3259/955 3260/956 3246/942
f 3250/946 3049/745 3052/748
f 3252/948 3261/957 3257/953
f 3257/953 3261/957 3262/958
f 3259/955 3263/959 3264/960
f 3265/961 3266/962 3267/963
f 3265/961 3267/963 3268/964
f 3256/952 3269/965 3270/966
f 3261/957 3058/754 3262/958
f 3262/958 3058/754 3271/967
f 3244/940 3272/968 3016/712
f 3266/962 3273/969 3274/970
f 3264/960 3275/971 3276/972
f 3266/962 3274/970 3267/963
f 3269/965 3277/973 3270/966
f 3058/754 3278/974 3271/967
f 3278/974 3279/975 3271/967
f 3280/976 3281/977 3272/968
f 3280/976 3272/968 3244/940
f 3273/969 3282/978 3274/970
f 3270/966 3277/973 3283/979
f 3272/968 3039/735 3016/712
f 3273/969 3284/980 3282/978
f 3273/969 3285/981 3284/980
f 3276/972 3275/971 3286/982
f 3276/972 3286/982 3287/983
f 3288/984 3289/985 3290/986
f 3278/974 3067/763 3279/975
f 3281/977 3291/987 3272/968
f 3285/981 3292/988 3284/980
f 3284/980 3292/988 3282/978
f 3055/751 3065/761 3057/753
f 3272/968 3074/770 3039/735
f 3293/989 3294/990 3295/991
f 3272/968 3291/987 3074/770
f 3285/981 3296/992 3292/988
f 3297/993 3070/766 3069/765
f 3298/994 3299/995 3285/981
f 3300/996 3301/997 3287/983
f 3293/989 3295/991 3302/998
f 3293/989 3302/998 3303/999
f 3285/981 3299/995 3296/992
f 3299/995 3304/1000 3296/992
f 3305/1001 3306/1002 3307/1003
f 3308/1004 3086/782 3039/735
f 3074/770 3308/1004 3039/735
f 3298/994 3309/1005 3299/995
f 3039/735 3086/782 3062/758
f 3298/994 3310/1006 3309/1005
f 3303/999 3302/998 3311/1007
f 3303/999 3311/1007 3312/1008
f 3308/1004 3313/1009 3086/782
f 3309/1005 3304/1000 3299/995
f 3314/1010 3315/1011 3316/1012
f 3315/1011 3317/1013 3316/1012
f 3313/1009 3318/1014 3086/782
f 3086/782 3318/1014 3319/1015
f 3310/1006 3320/1016 3309/1005
f 3312/1008 3311/1007 3321/1017
f 3309/1005 3320/1016 3304/1000
f 3316/1012 3317/1013 3322/1018
f 3319/1015 3087/783 3086/782
f 3310/1006 3323/1019 3320/1016
f 3310/1006 3324/1020 3323/1019
f 3082/778 3325/1021 3083/779
f 3316/1012 3322/1018 3326/1022
f 3313/1009 3327/1023 3318/1014
f 3325/1021 3328/1024 3083/779
f 3089/785 3329/1025 3091/787
f 3323/1019 3330/1026 3320/1016
f 3327/1023 3331/1027 3332/1028
f 3327/1023 3332/1028 3318/1014
f 3318/1014 3332/1028 3087/783
f 3318/1014 3087/783 3319/1015
f 3325/1021 3333/1029 3328/1024
f 3324/1020 3334/1030 3323/1019
f 3333/1029 3335/1031 3328/1024
f 3336/1032 3337/1033 3330/1026
f 3323/1019 3336/1032 3330/1026
f 3323/1019 3334/1030 3336/1032
f 3332/1028 3338/1034 3087/783
f 3338/1034 3093/789 3087/783
f 3339/1035 3340/1036 3341/1037
f 3097/793 3342/1038 3343/1039
f 3337/1033 3344/1040 3330/1026
f 3345/1041 3346/1042 3347/1043
f 3348/1044 3349/1045 3100/796
f 3336/1032 3350/1046 3344/1040
f 3337/1033 3336/1032 3344/1040
f 3344/1040 3350/1046 3104/800
f 3341/1037 3351/1047 3352/1048
f 3347/1043 3346/1042 3353/1049
f 3351/1047 3354/1050 3352/1048
f 3355/1051 3356/1052 3357/1053
f 3100/796 3349/1045 3358/1054
f 3346/1042 3359/1055 3353/1049
f 3357/1053 3356/1052 3360/1056
f 3361/1057 3119/815 3338/1034
f 3338/1034 3119/815 3093/789
f 3350/1046 3105/801 3104/800
f 3353/1049 3359/1055 3362/1058
f 3361/1057 3363/1059 3119/815
f 3359/1055 3364/1060 3362/1058
f 3354/1050 3365/1061 3366/1062
f 3367/1063 3368/1064 3113/809
f 3365/1061 3369/1065 3366/1062
f 3113/809 3368/1064 3114/810
f 3370/1066 3371/1067 3372/1068
f 3362/1058 3364/1060 3121/817
f 3365/1061 3373/1069 3369/1065
f 3114/810 3368/1064 3374/1070
f 3121/817 3364/1060 3122/818
f 3373/1069 3375/1071 3369/1065
f 3376/1072 3377/1073 3378/1074
f 3373/1069 3379/1075 3375/1071
f 3374/1070 3380/1076 3114/810
f 3381/1077 3382/1078 3130/826
f 3379/1075 3383/1079 3375/1071
f 3112/808 3124/820 2978/674
f 3114/810 3380/1076 3384/1080
f 3385/1081 3386/1082 2981/677
f 3363/1059 3387/1083 3119/815
f 3130/826 3382/1078 3131/827
f 3388/1084 3389/1085 3390/1086
f 3389/1085 3391/1087 3390/1086
f 3392/1088 3393/1089 3394/1090
f 3393/1089 3395/1091 3396/1092
f 3387/1083 3125/821 3119/815
f 3389/1085 3397/1093 3391/1087
f 3398/1094 3399/1095 3400/1096
f 3391/1087 3397/1093 3401/1097
f 3402/1098 3393/1089 3392/1088
f 3403/1099 3402/1098 3392/1088
f 3387/1083 3404/1100 3125/821
f 3131/827 3405/1101 3135/831
f 3402/1098 3406/1102 3393/1089
f 3135/831 3405/1101 3407/1103
f 3399/1095 3408/1104 3409/1105
f 3400/1096 3399/1095 3409/1105
f 3410/1106 3411/1107 3412/1108
f 3409/1105 3408/1104 3413/1109
f 3414/1110 3415/1111 3402/1098
f 3402/1098 3415/1111 3406/1102
f 3416/1112 3417/1113 3412/1108
f 3135/831 3407/1103 3418/1114
f 3409/1105 3413/1109 3419/1115
f 3413/1109 3420/1116 3419/1115
f 3421/1117 3422/1118 3414/1110
f 3414/1110 3422/1118 3423/1119
f 3423/1119 3424/1120 3414/1110
f 3414/1110 3424/1120 3415/1111
f 3425/1121 3417/1113 3416/1112
f 3418/1114 3426/1122 3427/1123
f 3420/1116 3428/1124 3419/1115
f 3419/1115 3428/1124 3422/1118
f 3419/1115 3422/1118 3421/1117
f 3423/1119 3429/1125 3424/1120
f 3427/1123 3426/1122 3430/1126
f 3431/1127 3432/1128 3147/843
f 3433/1129 3431/1127 3147/843
f 3147/843 3432/1128 3148/844
f 3125/821 3404/1100 3434/1130
f 3125/821 3434/1130 3138/834
f 3138/834 3157/853 2985/681
f 3434/1130 3435/1131 3436/1132
f 3434/1130 3436/1132 3138/834
f 3155/851 3156/852 3159/855
f 3138/834 3436/1132 3157/853
f 3153/849 3437/1133 3154/850
f 3002/698 3438/1134 3004/700
f 3438/1134 3160/856 3004/700
f 3160/856 3439/1135 3005/701
f 3005/701 3439/1135 3161/857
f 3161/857 3440/1136 3162/858
f 3440/1136 3163/859 3162/858
f 3441/1137 3442/1138 3168/864
f 3167/863 3441/1137 3168/864
f 3443/1139 3444/1140 3445/1141
f 3168/864 3446/1142 2877/573
f 3446/1142 3447/1143 2877/573
f 3448/1144 3449/1145 3443/1139
f 3443/1139 3449/1145 3444/1140
f 3445/1141 3444/1140 3450/1146
f 2877/573 3447/1143 3169/865
f 3449/1145 3451/1147 3444/1140
f 3444/1140 3452/1148 3450/1146
f 3448/1144 3453/1149 3449/1145
f 3448/1144 3454/1150 3453/1149
f 3449/1145 3453/1149 3451/1147
f 3451/1147 3455/1151 3452/1148
f 3444/1140 3451/1147 3452/1148
f 3454/1150 3456/1152 3453/1149
f 3456/1152 3457/1153 3453/1149
f 3453/1149 3457/1153 3451/1147
f 3457/1153 3458/1154 3451/1147
f 3451/1147 3458/1154 3459/1155
f 3451/1147 3459/1155 3455/1151
f 3182/878 3460/1156 3185/881
f 3185/881 3460/1156 3461/1157
f 3460/1156 3462/1158 3461/1157
f 3186/882 3463/1159 3187/883
f 3188/884 3464/1160 3189/885
f 3189/885 3465/1161 3190/886
f 3190/886 3465/1161 3197/893
f 3197/893 3465/1161 3194/890
f 3195/891 3466/1162 3199/895
f 3463/1159 3467/1163 3187/883
f 3462/1158 3468/1164 3469/1165
f 3187/883 3467/1163 3027/723
f 3470/1166 3203/899 3202/898
f 3470/1166 3202/898 3471/1167
f 3471/1167 3202/898 3472/1168
f 3471/1167 3472/1168 3473/1169
f 3199/895 3466/1162 3474/1170
f 3475/1171 3206/902 3219/915
f 3476/1172 3477/1173 3478/1174
f 3475/1171 3219/915 3479/1175
f 3463/1159 3480/1176 3467/1163
f 3467/1163 3481/1177 3027/723
f 3470/1166 3482/1178 3203/899
f 3472/1168 3216/912 3483/1179
f 3484/1180 3205/901 3200/896
f 3485/1181 3484/1180 3200/896
f 3467/1163 3486/1182 3481/1177
f 3481/1177 3486/1182 3211/907
f 3481/1177 3211/907 3210/906
f 3486/1182 3487/1183 3211/907
f 3211/907 3487/1183 3488/1184
f 3480/1176 3489/1185 3467/1163
f 3467/1163 3489/1185 3490/1186
f 3467/1163 3490/1186 3486/1182
f 3490/1186 3487/1183 3486/1182
f 3211/907 3488/1184 3214/910
f 3488/1184 3491/1187 3214/910
f 3488/1184 3492/1188 3491/1187
f 3493/1189 3225/921 3494/1190
f 3495/1191 3226/922 3205/901
f 3484/1180 3495/1191 3205/901
f 3234/930 3227/923 3208/904
f 3235/931 3234/930 3208/904
f 3489/1185 3496/1192 3490/1186
f 3496/1192 3497/1193 3490/1186
f 3491/1187 3238/934 3214/910
f 3491/1187 3492/1188 3498/1194
f 3491/1187 3498/1194 3238/934
f 3494/1190 3225/921 3499/1195
f 3225/921 3500/1196 3499/1195
f 3495/1191 3258/954 3226/922
f 3501/1197 3502/1198 3503/1199
f 3503/1199 3502/1198 3489/1185
f 3489/1185 3502/1198 3496/1192
f 3502/1198 3504/1200 3496/1192
f 3504/1200 3497/1193 3496/1192
f 3498/1194 3505/1201 3238/934
f 3238/934 3505/1201 3239/935
f 3500/1196 3506/1202 3507/1203
f 3508/1204 3509/1205 3510/1206
f 3511/1207 3512/1208 3513/1209
f 3495/1191 3514/1210 3258/954
f 3501/1197 3249/945 3502/1198
f 3248/944 3504/1200 3502/1198
f 3249/945 3248/944 3502/1198
f 3239/935 3505/1201 3515/1211
f 3506/1202 3243/939 3516/1212
f 3517/1213 3518/1214 3245/941
f 3519/1215 3520/1216 3254/950
f 3243/939 3257/953 3516/1212
f 3516/1212 3257/953 3511/1207
f 3511/1207 3262/958 3512/1208
f 3259/955 3518/1214 3521/1217
f 3522/1218 3523/1219 3524/1220
f 3254/950 3520/1216 3255/951
f 3257/953 3262/958 3511/1207
f 3514/1210 3244/940 3258/954
f 3255/951 3525/1221 3256/952
f 3526/1222 3280/976 3514/1210
f 3256/952 3525/1221 3269/965
f 3514/1210 3280/976 3244/940
f 3527/1223 3528/1224 3529/1225
f 3253/949 3530/1226 3531/1227
f 3532/1228 3533/1229 3534/1230
f 3529/1225 3528/1224 3294/990
f 3295/991 3535/1231 3302/998
f 3302/998 3536/1232 3311/1007
f 3537/1233 3538/1234 3539/1235
f 3311/1007 3536/1232 3321/1017
f 3537/1233 3540/1236 3538/1234
f 3536/1232 3541/1237 3321/1017
f 3537/1233 3542/1238 3543/1239
f 3537/1233 3544/1240 3540/1236
f 3321/1017 3541/1237 3545/1241
f 3543/1239 3546/1242 3537/1233
f 3546/1242 3547/1243 3537/1233
f 3537/1233 3547/1243 3548/1244
f 3537/1233 3548/1244 3544/1240
f 3544/1240 3548/1244 3549/1245
f 3550/1246 3551/1247 3552/1248
f 3321/1017 3545/1241 3553/1249
f 3550/1246 3554/1250 3551/1247
f 3554/1250 3555/1251 3551/1247
f 3556/1252 3557/1253 3332/1028
f 3558/1254 3556/1252 3332/1028
f 3546/1242 3559/1255 3547/1243
f 3559/1255 3560/1256 3547/1243
f 3557/1253 3338/1034 3332/1028
f 3545/1241 3561/1257 3553/1249
f 3556/1252 3562/1258 3557/1253
f 3557/1253 3361/1057 3338/1034
f 3562/1258 3361/1057 3557/1253
f 3563/1259 3564/1260 3565/1261
f 3566/1262 3361/1057 3562/1258
f 3360/1056 3356/1052 3567/1263
f 3568/1264 3569/1265 3566/1262
f 3360/1056 3567/1263 3570/1266
f 3566/1262 3363/1059 3361/1057
f 3569/1265 3363/1059 3566/1262
f 3368/1064 3571/1267 3374/1070
f 3572/1268 3363/1059 3569/1265
f 3573/1269 3574/1270 3381/1077
f 3374/1070 3575/1271 3380/1076
f 3376/1072 3576/1272 3377/1073
f 3577/1273 3578/1274 3572/1268
f 3572/1268 3578/1274 3363/1059
f 3381/1077 3574/1270 3579/1275
f 3577/1273 3580/1276 3578/1274
f 3381/1077 3579/1275 3382/1078
f 3380/1076 3581/1277 3384/1080
f 3380/1076 3582/1278 3581/1277
f 3583/1279 3584/1280 3376/1072
f 3585/1281 3586/1282 3587/1283
f 3578/1274 3387/1083 3363/1059
f 3588/1284 3589/1285 3590/1286
f 3591/1287 3387/1083 3592/1288
f 3592/1288 3593/1289 3591/1287
f 3592/1288 3387/1083 3578/1274
f 3594/1290 3595/1291 3581/1277
f 3581/1277 3595/1291 3384/1080
f 3596/1292 3597/1293 3598/1294
f 3385/1081 3599/1295 3600/1296
f 3385/1081 3600/1296 3601/1297
f 3598/1294 3597/1293 3591/1287
f 3382/1078 3602/1298 3131/827
f 3129/825 3603/1299 3599/1295
f 3129/825 3599/1295 3385/1081
f 3603/1299 3604/1300 3599/1295
f 3597/1293 3404/1100 3591/1287
f 3591/1287 3404/1100 3387/1083
f 3605/1301 3606/1302 3594/1290
f 3603/1299 3607/1303 3604/1300
f 3131/827 3602/1298 3405/1101
f 3608/1304 3606/1302 3605/1301
f 3597/1293 3609/1305 3404/1100
f 3597/1293 3610/1306 3609/1305
f 3405/1101 3611/1307 3407/1103
f 3612/1308 3613/1309 3608/1304
f 3614/1310 3615/1311 3616/1312
f 3617/1313 3618/1314 3619/1315
f 3620/1316 3621/1317 3414/1110
f 3412/1108 3417/1113 3410/1106
f 3622/1318 3623/1319 3624/1320
f 3611/1307 3625/1321 3418/1114
f 3407/1103 3611/1307 3418/1114
f 3419/1115 3421/1117 3621/1317
f 3626/1322 3623/1319 3622/1318
f 3627/1323 3626/1322 3622/1318
f 3628/1324 3626/1322 3629/1325
f 3629/1325 3626/1322 3627/1323
f 3630/1326 3631/1327 3432/1128
f 3432/1128 3632/1328 3148/844
f 3151/847 3632/1328 3633/1329
f 3151/847 3633/1329 3628/1324
f 3628/1324 3633/1329 3626/1322
f 3609/1305 3434/1130 3404/1100
f 3609/1305 3634/1330 3434/1130
f 3635/1331 3636/1332 3637/1333
f 3635/1331 3637/1333 3638/1334
f 3638/1334 3637/1333 3639/1335
f 3634/1330 3640/1336 3434/1130
f 3639/1335 3637/1333 3641/1337
f 3642/1338 3437/1133 3153/849
f 3437/1133 3643/1339 3154/850
f 3160/856 3438/1134 3439/1135
f 3439/1135 3644/1340 3161/857
f 3161/857 3644/1340 3440/1136
f 3440/1136 3644/1340 3645/1341
f 3164/860 3646/1342 3165/861
f 3647/1343 3448/1144 3648/1344
f 3648/1344 3448/1144 3443/1139
f 3168/864 3442/1138 3649/1345
f 3650/1346 3651/1347 3652/1348
f 3653/1349 3654/1350 3655/1351
f 3656/1352 3657/1353 3651/1347
f 3650/1346 3656/1352 3651/1347
f 3656/1352 3658/1354 3657/1353
f 3656/1352 3659/1355 3658/1354
f 3459/1155 3660/1356 3661/1357
f 3662/1358 3663/1359 3664/1360
f 3456/1152 3665/1361 3666/1362
f 3456/1152 3666/1362 3457/1153
f 3666/1362 3667/1363 3457/1153
f 3457/1153 3667/1363 3458/1154
f 3458/1154 3667/1363 3459/1155
f 3668/1364 3669/1365 3670/1366
f 3179/875 3671/1367 3180/876
f 3671/1367 3672/1368 3180/876
f 3180/876 3672/1368 3181/877
f 3181/877 3672/1368 3182/878
f 3182/878 3672/1368 3673/1369
f 3182/878 3673/1369 3460/1156
f 3460/1156 3673/1369 3462/1158
f 3674/1370 3675/1371 3676/1372
f 3462/1158 3673/1369 3468/1164
f 3677/1373 3678/1374 3679/1375
f 3678/1374 3680/1376 3679/1375
f 3679/1375 3680/1376 3681/1377
f 3681/1377 3680/1376 3682/1378
f 3683/1379 3684/1380 3685/1381
f 3685/1381 3684/1380 3686/1382
f 3687/1383 3688/1384 3689/1385
f 3690/1386 3691/1387 3692/1388
f 3689/1385 3688/1384 3693/1389
f 3465/1161 3694/1390 3194/890
f 3194/890 3694/1390 3466/1162
f 3194/890 3466/1162 3195/891
f 3693/1389 3688/1384 3695/1391
f 3696/1392 3697/1393 3698/1394
f 3699/1395 3700/1396 3701/1397
f 3702/1398 3513/1209 3703/1399
f 3703/1399 3513/1209 3704/1400
f 3705/1401 3706/1402 3698/1394
f 3706/1402 3696/1392 3698/1394
f 3701/1397 3700/1396 3707/1403
f 3693/1389 3695/1391 3708/1404
f 3702/1398 3516/1212 3513/1209
f 3709/1405 3710/1406 3705/1401
f 3516/1212 3511/1207 3513/1209
f 3711/1407 3712/1408 3713/1409
f 3708/1404 3695/1391 3714/1410
f 3715/1411 3716/1412 3717/1413
f 3718/1414 3518/1214 3517/1213
f 3524/1220 3719/1415 3712/1408
f 3524/1220 3712/1408 3711/1407
f 3523/1219 3719/1415 3524/1220
f 3522/1218 3720/1416 3523/1219
f 3721/1417 3722/1418 3723/1419
f 3724/1420 3725/1421 3726/1422
f 3528/1224 3727/1423 3728/1424
f 3725/1421 3729/1425 3726/1422
f 3294/990 3728/1424 3730/1426
f 3726/1422 3729/1425 3731/1427
f 3729/1425 3732/1428 3731/1427
f 3732/1428 3542/1238 3731/1427
f 3731/1427 3542/1238 3733/1429
f 3732/1428 3734/1430 3542/1238
f 3542/1238 3539/1235 3733/1429
f 3733/1429 3539/1235 3735/1431
f 3735/1431 3539/1235 3538/1234
f 3535/1231 3736/1432 3536/1232
f 3542/1238 3537/1233 3539/1235
f 3536/1232 3736/1432 3541/1237
f 3737/1433 3738/1434 3739/1435
f 3734/1430 3740/1436 3543/1239
f 3734/1430 3543/1239 3542/1238
f 3541/1237 3736/1432 3545/1241
f 3741/1437 3742/1438 3743/1439
f 3543/1239 3744/1440 3745/1441
f 3745/1441 3746/1442 3543/1239
f 3543/1239 3746/1442 3546/1242
f 3746/1442 3559/1255 3546/1242
f 3746/1442 3563/1259 3559/1255
f 3747/1443 3748/1444 3749/1445
f 3745/1441 3564/1260 3746/1442
f 3746/1442 3564/1260 3563/1259
f 3750/1446 3751/1447 3752/1448
f 3753/1449 3754/1450 3755/1451
f 3752/1448 3753/1449 3755/1451
f 3756/1452 3757/1453 3758/1454
f 3755/1451 3754/1450 3759/1455
f 3760/1456 3761/1457 3586/1282
f 3761/1457 3762/1458 3587/1283
f 3586/1282 3761/1457 3587/1283
f 3582/1278 3763/1459 3581/1277
f 3764/1460 3765/1461 3766/1462
f 3766/1462 3765/1461 3767/1463
f 3759/1455 3768/1464 3769/1465
f 3763/1459 3770/1466 3594/1290
f 3769/1465 3768/1464 3771/1467
f 3765/1461 3772/1468 3635/1331
f 3767/1463 3765/1461 3635/1331
f 3773/1469 3774/1470 3775/1471
f 3624/1320 3776/1472 3777/1473
f 3623/1319 3778/1474 3776/1472
f 3623/1319 3776/1472 3624/1320
f 3626/1322 3779/1475 3778/1474
f 3626/1322 3778/1474 3623/1319
f 3636/1332 3772/1468 3780/1476
f 3631/1327 3781/1477 3632/1328
f 3632/1328 3781/1477 3633/1329
f 3633/1329 3781/1477 3626/1322
f 3637/1333 3782/1478 3641/1337
f 3641/1337 3782/1478 3783/1479
f 3784/1480 3785/1481 3786/1482
f 3787/1483 3652/1348 3788/1484
f 3789/1485 3790/1486 3791/1487
f 3787/1483 3792/1488 3650/1346
f 3792/1488 3793/1489 3650/1346
f 3650/1346 3793/1489 3656/1352
f 3459/1155 3794/1490 3660/1356
f 3666/1362 3795/1491 3667/1363
f 3795/1491 3796/1492 3667/1363
f 3667/1363 3796/1492 3459/1155
f 3459/1155 3796/1492 3794/1490
f 3176/872 3797/1493 3798/1494
f 3678/1374 3799/1495 3680/1376
f 3800/1496 3801/1497 3683/1379
f 3675/1371 3802/1498 3690/1386
f 3803/1499 3804/1500 3805/1501
f 3688/1384 3806/1502 3695/1391
f 3807/1503 3808/1504 3809/1505
f 3810/1506 3811/1507 3812/1508
f 3810/1506 3812/1508 3813/1509
f 3809/1505 3808/1504 3814/1510
f 3814/1510 3815/1511 3816/1512
f 3724/1420 3817/1513 3725/1421
f 3817/1513 3729/1425 3725/1421
f 3732/1428 3818/1514 3734/1430
f 3740/1436 3744/1440 3543/1239
f 3744/1440 3819/1515 3745/1441
f 3820/1516 3821/1517 3822/1518
f 3823/1519 3824/1520 3820/1516
f 3825/1521 3564/1260 3745/1441
f 3745/1441 3826/1522 3825/1521
f 3825/1521 3565/1261 3564/1260
f 3827/1523 3761/1457 3760/1456
f 3761/1457 3828/1524 3762/1458
f 3762/1458 3828/1524 3829/1525
f 3830/1526 3829/1525 3831/1527
f 3830/1526 3831/1527 3832/1528
f 3831/1527 3833/1529 3832/1528
f 3833/1529 3834/1530 3835/1531
f 3787/1483 3788/1484 3836/1532
f 3837/1533 3838/1534 3839/1535
f 3839/1535 3838/1534 3840/1536
f 3840/1536 3841/1537 3839/1535
f 3842/1538 3843/1539 3844/1540
f 3845/1541 3793/1489 3792/1488
f 3656/1352 3793/1489 3659/1355
f 3666/1362 3665/1361 3795/1491
f 3846/1542 3847/1543 3848/1544
f 3849/1545 3670/1366 3669/1365
f 3849/1545 3850/1546 3670/1366
f 3851/1547 3852/1548 3853/1549
f 3854/1550 3855/1551 3856/1552
f 3857/1553 3858/1554 3859/1555
f 3854/1550 3856/1552 3860/1556
f 3800/1496 3861/1557 3801/1497
f 3683/1379 3801/1497 3862/1558
f 3862/1558 3863/1559 3864/1560
f 3865/1561 3866/1562 3867/1563
f 3867/1563 3866/1562 3724/1420
f 3868/1564 3869/1565 3870/1566
f 3866/1562 3817/1513 3724/1420
f 3866/1562 3871/1567 3817/1513
f 3868/1564 3872/1568 3869/1565
f 3869/1565 3872/1568 3873/1569
f 3871/1567 3874/1570 3732/1428
f 3871/1567 3732/1428 3817/1513
f 3872/1568 3875/1571 3876/1572
f 3872/1568 3877/1573 3875/1571
f 3878/1574 3879/1575 3880/1576
f 3879/1575 3881/1577 3882/1578
f 3880/1576 3879/1575 3882/1578
f 3879/1575 3883/1579 3881/1577
f 3881/1577 3883/1579 3884/1580
f 3740/1436 3885/1581 3744/1440
f 3883/1579 3886/1582 3884/1580
f 3887/1583 3888/1584 3889/1585
f 3887/1583 3889/1585 3890/1586
f 3883/1579 3891/1587 3886/1582
f 3890/1586 3889/1585 3892/1588
f 3892/1588 3889/1585 3893/1589
f 3819/1515 3826/1522 3745/1441
f 3894/1590 3895/1591 3896/1592
f 3819/1515 3744/1440 3826/1522
f 3826/1522 3827/1523 3825/1521
f 3826/1522 3761/1457 3827/1523
f 3826/1522 3897/1593 3828/1524
f 3826/1522 3828/1524 3761/1457
f 3897/1593 3898/1594 3828/1524
f 3898/1594 3829/1525 3828/1524
f 3898/1594 3831/1527 3829/1525
f 3831/1527 3899/1595 3833/1529
f 3831/1527 3900/1596 3899/1595
f 3899/1595 3834/1530 3833/1529
f 3899/1595 3836/1532 3834/1530
f 3899/1595 3787/1483 3836/1532
f 3899/1595 3901/1597 3787/1483
f 3902/1598 3903/1599 3904/1600
f 2328/24 2329/25 3905/1601
f 3787/1483 3901/1597 3792/1488
f 3905/1601 2329/25 3838/1534
f 3842/1538 3841/1537 3906/1602
f 3906/1602 3843/1539 3842/1538
f 3901/1597 3845/1541 3792/1488
f 3845/1541 3907/1603 3793/1489
f 3907/1603 3908/1604 3793/1489
f 3793/1489 3908/1604 3659/1355
f 3909/1605 3910/1606 3662/1358
f 3910/1606 3911/1607 3663/1359
f 3662/1358 3910/1606 3663/1359
f 3912/1608 3913/1609 3914/1610
f 3911/1607 3915/1611 3663/1359
f 3916/1612 3917/1613 3918/1614
f 3918/1614 3917/1613 3919/1615
f 3918/1614 3919/1615 3920/1616
f 3796/1492 3921/1617 3794/1490
f 3920/1616 3919/1615 3922/1618
f 3923/1619 3924/1620 3925/1621
f 3925/1621 3924/1620 3926/1622
f 3927/1623 3848/1544 3847/1543
f 3928/1624 3851/1547 3929/1625
f 3930/1626 3931/1627 3932/1628
f 3930/1626 3932/1628 3933/1629
f 3934/1630 3935/1631 3936/1632
f 3937/1633 3938/1634 3939/1635
f 3940/1636 3941/1637 3942/1638
f 3941/1637 3943/1639 3944/1640
f 3941/1637 3944/1640 3942/1638
f 3943/1639 3945/1641 3944/1640
f 2376/72 3946/1642 2377/73
f 2377/73 3946/1642 3947/1643
f 3947/1643 3946/1642 3948/1644
f 3946/1642 3949/1645 3948/1644
f 3943/1639 3950/1646 3945/1641
f 3951/1647 3952/1648 3953/1649
f 3943/1639 3954/1650 3950/1646
f 3951/1647 3866/1562 3952/1648
f 3949/1645 3869/1565 3955/1651
f 3866/1562 3956/1652 3874/1570
f 3866/1562 3874/1570 3871/1567
f 3869/1565 3957/1653 3955/1651
f 3955/1651 3957/1653 3958/1654
f 3869/1565 3873/1569 3957/1653
f 3873/1569 3959/1655 3957/1653
f 3959/1655 3960/1656 3957/1653
f 3873/1569 3876/1572 3959/1655
f 3876/1572 3961/1657 3959/1655
f 3876/1572 3962/1658 3961/1657
f 3961/1657 3963/1659 3959/1655
f 3959/1655 3963/1659 3960/1656
f 3963/1659 3964/1660 3960/1656
f 3960/1656 3964/1660 3965/1661
f 3964/1660 3966/1662 3965/1661
f 3962/1658 3878/1574 3961/1657
f 3961/1657 3878/1574 3963/1659
f 3878/1574 3880/1576 3963/1659
f 3963/1659 3880/1576 3964/1660
f 3880/1576 3882/1578 3964/1660
f 3964/1660 3882/1578 3966/1662
f 3882/1578 3881/1577 3966/1662
f 3967/1663 3968/1664 3969/1665
f 3888/1584 3970/1666 3889/1585
f 3968/1664 3971/1667 3969/1665
f 3972/1668 3973/1669 3889/1585
f 3970/1666 3972/1668 3889/1585
f 3974/1670 3975/1671 3976/1672
f 3889/1585 3973/1669 3893/1589
f 3744/1440 3977/1673 3826/1522
f 3826/1522 3977/1673 3978/1674
f 3826/1522 3978/1674 3897/1593
f 3978/1674 3898/1594 3897/1593
f 3898/1594 3979/1675 3900/1596
f 3898/1594 3900/1596 3831/1527
f 3899/1595 3900/1596 3901/1597
f 2327/23 3838/1534 2329/25
f 3980/1676 3981/1677 3982/1678
f 3983/1679 3984/1680 3985/1681
f 3983/1679 3985/1681 3986/1682
f 3986/1682 3985/1681 3987/1683
f 3988/1684 3914/1610 3913/1609
f 3847/1543 3989/1685 3927/1623
f 3990/1686 3850/1546 3849/1545
f 3928/1624 3991/1687 3851/1547
f 3851/1547 3992/1688 3852/1548
f 3993/1689 3994/1690 3995/1691
f 3932/1628 3996/1692 3933/1629
f 3995/1691 3997/1693 3937/1633
f 3997/1693 3938/1634 3937/1633
f 3998/1694 3999/1695 4000/1696
f 3998/1694 4000/1696 3858/1554
f 4000/1696 3859/1555 3858/1554
f 4001/1697 4002/1698 4003/1699
f 4004/1700 4005/1701 4006/1702
f 4005/1701 4007/1703 4006/1702
f 4008/1704 2377/73 4009/1705
f 4004/1700 4010/1706 4005/1701
f 4009/1705 3948/1644 4011/1707
f 4010/1706 4012/1708 4005/1701
f 4013/1709 4014/1710 4010/1706
f 4010/1706 4014/1710 4012/1708
f 4014/1710 3953/1649 4012/1708
f 4013/1709 3951/1647 4014/1710
f 4014/1710 3951/1647 3953/1649
f 4013/1709 4015/1711 3951/1647
f 4015/1711 4016/1712 3956/1652
f 4015/1711 3956/1652 3866/1562
f 3956/1652 4017/1713 3874/1570
f 3744/1440 4018/1714 3977/1673
f 3978/1674 3979/1675 3898/1594
f 3900/1596 4019/1715 3901/1597
f 2327/23 2332/28 3838/1534
f 3838/1534 4020/1716 3840/1536
f 3840/1536 4021/1717 3841/1537
f 3841/1537 4021/1717 3906/1602
f 4022/1718 4023/1719 4024/1720
f 4025/1721 4026/1722 4027/1723
f 3845/1541 4028/1724 3907/1603
f 4024/1720 4029/1725 4030/1726
f 4030/1726 4031/1727 4032/1728
f 4033/1729 4034/1730 4035/1731
f 4036/1732 4033/1729 4035/1731
f 4035/1731 4034/1730 4037/1733
f 3909/1605 4038/1734 3910/1606
f 4037/1733 4039/1735 3980/1676
f 3980/1676 4039/1735 3981/1677
f 3987/1683 4040/1736 4041/1737
f 3917/1613 4042/1738 3919/1615
f 3919/1615 4043/1739 3922/1618
f 4044/1740 4045/1741 4046/1742
f 4044/1740 4047/1743 4045/1741
f 4048/1744 4049/1745 4050/1746
f 4049/1745 4051/1747 4050/1746
f 3991/1687 3992/1688 3851/1547
f 3931/1627 4052/1748 3932/1628
f 3852/1548 4053/1749 3853/1549
f 4054/1750 4055/1751 4056/1752
f 4008/1704 4009/1705 4057/1753
f 4009/1705 4011/1707 4057/1753
f 4058/1754 4010/1706 4004/1700
f 4059/1755 4013/1709 4010/1706
f 4059/1755 4010/1706 4058/1754
f 4060/1756 4061/1757 4062/1758
f 4063/1759 4013/1709 4059/1755
f 4063/1759 4016/1712 4013/1709
f 4060/1756 4064/1760 4061/1757
f 4016/1712 4015/1711 4013/1709
f 4060/1756 4065/1761 4064/1760
f 4016/1712 4017/1713 3956/1652
f 4017/1713 4066/1762 3874/1570
f 3874/1570 4066/1762 4067/1763
f 3874/1570 4067/1763 3818/1514
f 3818/1514 4067/1763 3740/1436
f 4067/1763 3885/1581 3740/1436
f 4068/1764 4069/1765 4070/1766
f 3885/1581 4071/1767 3744/1440
f 4072/1768 4073/1769 4074/1770
f 3977/1673 4018/1714 3978/1674
f 4019/1715 4075/1771 3901/1597
f 3901/1597 4075/1771 3845/1541
f 2332/28 4020/1716 3838/1534
f 3845/1541 4075/1771 4028/1724
f 4028/1724 4076/1772 3907/1603
f 4029/1725 4031/1727 4030/1726
f 4077/1773 4078/1774 4079/1775
f 4080/1776 4081/1777 4082/1778
f 4076/1772 4083/1779 3908/1604
f 3907/1603 4076/1772 3908/1604
f 3910/1606 4038/1734 3911/1607
f 3911/1607 4038/1734 4084/1780
f 3911/1607 4084/1780 3915/1611
f 3923/1619 4085/1781 3924/1620
f 3924/1620 4086/1782 3926/1622
f 3926/1622 4086/1782 4087/1783
f 4088/1784 4089/1785 3849/1545
f 4049/1745 4090/1786 4051/1747
f 4047/1743 4091/1787 4045/1741
f 3992/1688 4092/1788 3852/1548
f 4093/1789 3994/1690 3993/1689
f 3931/1627 4094/1790 4052/1748
f 4056/1752 4095/1791 4096/1792
f 3938/1634 4097/1793 4098/1794
f 3938/1634 4098/1794 4099/1795
f 4100/1796 4097/1793 3997/1693
f 3995/1691 4100/1796 3997/1693
f 3997/1693 4097/1793 3938/1634
f 3932/1628 4052/1748 4101/1797
f 4000/1696 4102/1798 3859/1555
f 3859/1555 4103/1799 4104/1800
f 4062/1758 4105/1801 4106/1802
f 4058/1754 4107/1803 4059/1755
f 4059/1755 4107/1803 4063/1759
f 4062/1758 4061/1757 4105/1801
f 4064/1760 4108/1804 4061/1757
f 4016/1712 4109/1805 4017/1713
f 4064/1760 4110/1806 4108/1804
f 4017/1713 4111/1807 4066/1762
f 4071/1767 4112/1808 3744/1440
f 3744/1440 4112/1808 4018/1714
f 3978/1674 4018/1714 4113/1809
f 3978/1674 4113/1809 3979/1675
f 3979/1675 4113/1809 4114/1810
f 4114/1810 3900/1596 3979/1675
f 3900/1596 4114/1810 4019/1715
f 4020/1716 4115/1811 3840/1536
f 4023/1719 4116/1812 4024/1720
f 4027/1723 4026/1722 4117/1813
f 4024/1720 4116/1812 4029/1725
f 4029/1725 4118/1814 4031/1727
f 4119/1815 4120/1816 4121/1817
f 4121/1817 4120/1816 4122/1818
f 4123/1819 4038/1734 3909/1605
f 3985/1681 4124/1820 3987/1683
f 3987/1683 4124/1820 4040/1736
f 3915/1611 4084/1780 4125/1821
f 3988/1684 4126/1822 3914/1610
f 3919/1615 4042/1738 4043/1739
f 3849/1545 4127/1823 4128/1824
f 3849/1545 4128/1824 3990/1686
f 4047/1743 4129/1825 4130/1826
f 4090/1786 4131/1827 4051/1747
f 3852/1548 4092/1788 4053/1749
f 4056/1752 4055/1751 4095/1791
f 3994/1690 4100/1796 3995/1691
f 4052/1748 4132/1828 4101/1797
f 4133/1829 4134/1830 4135/1831
f 4002/1698 4136/1832 4003/1699
f 4102/1798 4103/1799 3859/1555
f 4107/1803 4137/1833 4063/1759
f 4137/1833 4016/1712 4063/1759
f 4137/1833 4109/1805 4016/1712
f 4017/1713 4109/1805 4111/1807
f 4115/1811 4138/1834 3840/1536
f 3840/1536 4138/1834 4021/1717
f 4139/1835 4140/1836 4023/1719
f 4116/1812 4118/1814 4029/1725
f 4077/1773 4141/1837 4078/1774
f 4078/1774 4141/1837 4120/1816
f 4078/1774 4120/1816 4119/1815
f 4038/1734 4142/1838 4084/1780
f 4143/1839 4144/1840 4145/1841
f 4146/1842 4147/1843 4148/1844
f 4147/1843 4149/1845 4150/1846
f 4148/1844 4147/1843 4150/1846
f 3989/1685 4151/1847 4152/1848
f 3989/1685 4152/1848 3927/1623
f 4047/1743 4130/1826 4091/1787
f 4045/1741 4091/1787 4153/1849
f 4154/1850 4155/1851 4090/1786
f 4049/1745 4154/1850 4090/1786
f 4092/1788 4156/1852 4053/1749
f 4055/1751 4157/1853 4095/1791
f 3994/1690 4158/1854 4100/1796
f 4100/1796 4158/1854 4097/1793
f 4097/1793 4159/1855 4098/1794
f 4107/1803 4160/1856 4137/1833
f 4108/1804 4110/1806 4161/1857
f 4066/1762 4162/1858 4067/1763
f 4067/1763 4071/1767 3885/1581
f 4112/1808 4113/1809 4018/1714
f 4113/1809 4163/1859 4114/1810
f 4019/1715 4164/1860 4075/1771
f 4020/1716 2332/28 4115/1811
f 4140/1836 4165/1861 4023/1719
f 4075/1771 4166/1862 4028/1724
f 4023/1719 4165/1861 4116/1812
f 4028/1724 4166/1862 4076/1772
f 4118/1814 4167/1863 4031/1727
f 4084/1780 4142/1838 4168/1864
f 4084/1780 4168/1864 4125/1821
f 4168/1864 4169/1865 4125/1821
f 4042/1738 4170/1866 4171/1867
f 4042/1738 4171/1867 4043/1739
f 4043/1739 4171/1867 4172/1868
f 4086/1782 4173/1869 4087/1783
f 4174/1870 4175/1871 4176/1872
f 4177/1873 4178/1874 4179/1875
f 4180/1876 4181/1877 4182/1878
f 4183/1879 4128/1824 4184/1880
f 4184/1880 4128/1824 4127/1823
f 4149/1845 4185/1881 4150/1846
f 4129/1825 4186/1882 4130/1826
f 4090/1786 4155/1851 4131/1827
f 4158/1854 4159/1855 4097/1793
f 3999/1695 4187/1883 4188/1884
f 3999/1695 4188/1884 4000/1696
f 4160/1856 4189/1885 4137/1833
f 4137/1833 4189/1885 4190/1886
f 4137/1833 4191/1887 4109/1805
f 4109/1805 4192/1888 4111/1807
f 4161/1857 4193/1889 4194/1890
f 4111/1807 4192/1888 4195/1891
f 4111/1807 4195/1891 4066/1762
f 4066/1762 4195/1891 4162/1858
f 4067/1763 4162/1858 4071/1767
f 4196/1892 3895/1591 4197/1893
f 4113/1809 4112/1808 4163/1859
f 4163/1859 4198/1894 4114/1810
f 4114/1810 4198/1894 4019/1715
f 4019/1715 4198/1894 4164/1860
f 4075/1771 4164/1860 4199/1895
f 4200/1896 4201/1897 4140/1836
f 3906/1602 4202/1898 3843/1539
f 3843/1539 4202/1898 4203/1899
f 4199/1895 4166/1862 4075/1771
f 4116/1812 4165/1861 4204/1900
f 4116/1812 4204/1900 4118/1814
f 4205/1901 4206/1902 4141/1837
f 4207/1903 4208/1904 4122/1818
f 4141/1837 4206/1902 4120/1816
f 4120/1816 4206/1902 4207/1903
f 4034/1730 4209/1905 4037/1733
f 4210/1906 4211/1907 4212/1908
f 4123/1819 4142/1838 4038/1734
f 4171/1867 4213/1909 4172/1868
f 4175/1871 4214/1910 4176/1872
f 4176/1872 4214/1910 4177/1873
f 4181/1877 4215/1911 4182/1878
f 4147/1843 4216/1912 4149/1845
f 4217/1913 4218/1914 4184/1880
f 4149/1845 4216/1912 4219/1915
f 3991/1687 4220/1916 3992/1688
f 3992/1688 4220/1916 4221/1917
f 3992/1688 4221/1917 4092/1788
f 4222/1918 4223/1919 4224/1920
f 4092/1788 4221/1917 4225/1921
f 4092/1788 4225/1921 4156/1852
f 4157/1853 4226/1922 4093/1789
f 4093/1789 4226/1922 3994/1690
f 3994/1690 4226/1922 4158/1854
f 4223/1919 4227/1923 4224/1920
f 4224/1920 4227/1923 4228/1924
f 4158/1854 4229/1925 4159/1855
f 4159/1855 4229/1925 4098/1794
f 4223/1919 4230/1926 4231/1927
f 4223/1919 4231/1927 4232/1928
f 4223/1919 4232/1928 4227/1923
f 4227/1923 4233/1929 4228/1924
f 4228/1924 4233/1929 4234/1930
f 4233/1929 4227/1923 4235/1931
f 4233/1929 4236/1932 4234/1930
f 4052/1748 4237/1933 4132/1828
f 4103/1799 4238/1934 4104/1800
f 4239/1935 4240/1936 4241/1937
f 4231/1927 4242/1938 4232/1928
f 4232/1928 4242/1938 4227/1923
f 4242/1938 4235/1931 4227/1923
f 4236/1932 4233/1929 4243/1939
f 4236/1932 4243/1939 4244/1940
f 4231/1927 4245/1941 4242/1938
f 4233/1929 4235/1931 4243/1939
f 4244/1940 4243/1939 4246/1942
f 4245/1941 4247/1943 4235/1931
f 4242/1938 4245/1941 4235/1931
f 4235/1931 4247/1943 4248/1944
f 4235/1931 4248/1944 4243/1939
f 4243/1939 4249/1945 4246/1942
f 4248/1944 4250/1946 4243/1939
f 4243/1939 4250/1946 4249/1945
f 4245/1941 4251/1947 4247/1943
f 4247/1943 4251/1947 4252/1948
f 4247/1943 4252/1948 4248/1944
f 4248/1944 4252/1948 4250/1946
f 4251/1947 4253/1949 4252/1948
f 4137/1833 4190/1886 4191/1887
f 4109/1805 4191/1887 4192/1888
f 4201/1897 4165/1861 4140/1836
f 4204/1900 4254/1950 4118/1814
f 4255/1951 4205/1901 4141/1837
f 4118/1814 4254/1950 4167/1863
f 4205/1901 4256/1952 4206/1902
f 4206/1902 4256/1952 4207/1903
f 4209/1905 4257/1953 4037/1733
f 4037/1733 4257/1953 4039/1735
f 4214/1910 4258/1954 4177/1873
f 4177/1873 4258/1954 4178/1874
f 4259/1955 4260/1956 3991/1687
f 3991/1687 4260/1956 4220/1916
f 4149/1845 4219/1915 4185/1881
f 4222/1918 4224/1920 4261/1957
f 4224/1920 4228/1924 4261/1957
f 4094/1790 4262/1958 4237/1933
f 4157/1853 4263/1959 4226/1922
f 4264/1960 4265/1961 4266/1962
f 4266/1962 4265/1961 4267/1963
f 4226/1922 4229/1925 4158/1854
f 4267/1963 4265/1961 4268/1964
f 4269/1965 4270/1966 4230/1926
f 4270/1966 4231/1927 4230/1926
f 4237/1933 4262/1958 4132/1828
f 4133/1829 4271/1967 4134/1830
f 4270/1966 4245/1941 4231/1927
f 4270/1966 4272/1968 4245/1941
f 4245/1941 4272/1968 4251/1947
f 4251/1947 4272/1968 4273/1969
f 4273/1969 4253/1949 4251/1947
f 4274/1970 4275/1971 4276/1972
f 4190/1886 4277/1973 4191/1887
f 4071/1767 4278/1974 4112/1808
f 4112/1808 4279/1975 4163/1859
f 2332/28 2320/16 4115/1811
f 4255/1951 4280/1976 4205/1901
f 4256/1952 4208/1904 4207/1903
f 4142/1838 4281/1977 4168/1864
f 4282/1978 4283/1979 4126/1822
f 4259/1955 4284/1980 4260/1956
f 4185/1881 4219/1915 4285/1981
f 4186/1882 4286/1982 4130/1826
f 4226/1922 4263/1959 4287/1983
f 4226/1922 4287/1983 4229/1925
f 4131/1827 4155/1851 4288/1984
f 4229/1925 4287/1983 4289/1985
f 4268/1964 4290/1986 4291/1987
f 4091/1787 4292/1988 4153/1849
f 4091/1787 4130/1826 4292/1988
f 4269/1965 4293/1989 4270/1966
f 4289/1985 4274/1970 4294/1990
f 4270/1966 4293/1989 4272/1968
f 4274/1970 4295/1991 4275/1971
f 4277/1973 4296/1992 4191/1887
f 4296/1992 4297/1993 4191/1887
f 4192/1888 4297/1993 4195/1891
f 4298/1994 4299/1995 4300/1996
f 4195/1891 4301/1997 4162/1858
f 4302/1998 4300/1996 4299/1995
f 4162/1858 4278/1974 4071/1767
f 4112/1808 4278/1974 4303/1999
f 4112/1808 4303/1999 4279/1975
f 4163/1859 4304/2000 4198/1894
f 4201/1897 4200/1896 4305/2001
f 4306/2002 4165/1861 4201/1897
f 4307/2003 4308/2004 4309/2005
f 4165/1861 4310/2006 4204/1900
f 4199/1895 4311/2007 4166/1862
f 4205/1901 4280/1976 4256/1952
f 4166/1862 4312/2008 4076/1772
f 4123/1819 4313/2009 4142/1838
f 3985/1681 4314/2010 4124/1820
f 4124/1820 4314/2010 4040/1736
f 4168/1864 4315/2011 4169/1865
f 4170/1866 4316/2012 4171/1867
f 4316/2012 4317/2013 4213/1909
f 4171/1867 4316/2012 4213/1909
f 4318/2014 4319/2015 4320/2016
f 4318/2014 4320/2016 4321/2017
f 4321/2017 4320/2016 4322/2018
f 4319/2015 4323/2019 4320/2016
f 4320/2016 4324/2020 4322/2018
f 4323/2019 4324/2020 4320/2016
f 4322/2018 4324/2020 4325/2021
f 4181/1877 4326/2022 4215/1911
f 4323/2019 4327/2023 4324/2020
f 4324/2020 4327/2023 4328/2024
f 4324/2020 4328/2024 4325/2021
f 4327/2023 4329/2025 4328/2024
f 4328/2024 4330/2026 4325/2021
f 4325/2021 4330/2026 4331/2027
f 4329/2025 4332/2028 4328/2024
f 4328/2024 4332/2028 4330/2026
f 4330/2026 4332/2028 4333/2029
f 4334/2030 4335/2031 4336/2032
f 4216/1912 4337/2033 4219/1915
f 4338/2034 4266/1962 4339/2035
f 4266/1962 4267/1963 4339/2035
f 4094/1790 4340/2036 4262/1958
f 4341/2037 4342/2038 4343/2039
f 4188/1884 4344/2040 4000/1696
f 4000/1696 4344/2040 4102/1798
f 4271/1967 4345/2041 4134/1830
f 4262/1958 4346/2042 4347/2043
f 4134/1830 4345/2041 4348/2044
f 4134/1830 4348/2044 4349/2045
f 4154/1850 4350/2046 4155/1851
f 4289/1985 4351/2047 4274/1970
f 4351/2047 4295/1991 4274/1970
f 4191/1887 4297/1993 4192/1888
f 4195/1891 4352/2048 4301/1997
f 4162/1858 4301/1997 4278/1974
f 4198/1894 4353/2049 4164/1860
f 4305/2001 4354/2050 4306/2002
f 4164/1860 4355/2051 4199/1895
f 4306/2002 4356/2052 4165/1861
f 4356/2052 4310/2006 4165/1861
f 4115/1811 4357/2053 4138/1834
f 4138/1834 4357/2053 4358/2054
f 4021/1717 4359/2055 3906/1602
f 4202/1898 4360/2056 4203/1899
f 4203/1899 4360/2056 4361/2057
f 4204/1900 4362/2058 4254/1950
f 4363/2059 4364/2060 4280/1976
f 4255/1951 4363/2059 4280/1976
f 4208/1904 4256/1952 4365/2061
f 4209/1905 4366/2062 4257/1953
f 4123/1819 4367/2063 4313/2009
f 4211/1907 4368/2064 4212/1908
f 4040/1736 4314/2010 4369/2065
f 4169/1865 4315/2011 4370/2066
f 4170/1866 4371/2067 4316/2012
f 4317/2013 4372/2068 4213/1909
f 4373/2069 4374/2070 4375/2071
f 4373/2069 4376/2072 4374/2070
f 4377/2073 4378/2074 4379/2075
f 4376/2072 4319/2015 4374/2070
f 4374/2070 4319/2015 4318/2014
f 4376/2072 4380/2076 4319/2015
f 4376/2072 4381/2077 4380/2076
f 4144/1840 4382/2078 4383/2079
f 4085/1781 4384/2080 3924/1620
f 4319/2015 4380/2076 4323/2019
f 4385/2081 4386/2082 4387/2083
f 4380/2076 4388/2084 4323/2019
f 4086/1782 4389/2085 4173/1869
f 4390/2086 4391/2087 4214/1910
f 4175/1871 4390/2086 4214/1910
f 4214/1910 4391/2087 4258/1954
f 4388/2084 4392/2088 4323/2019
f 4323/2019 4392/2088 4327/2023
f 4386/2082 4393/2089 4394/2090
f 4325/2021 4331/2027 4395/2091
f 4392/2088 4396/2092 4327/2023
f 4396/2092 4329/2025 4327/2023
f 4395/2091 4331/2027 4397/2093
f 4331/2027 4398/2094 4397/2093
f 4331/2027 4333/2029 4398/2094
f 4398/2094 4399/2095 4397/2093
f 4329/2025 4396/2092 4332/2028
f 4398/2094 4333/2029 4399/2095
f 4333/2029 4400/2096 4399/2095
f 4396/2092 4401/2097 4332/2028
f 4333/2029 4402/2098 4400/2096
f 4337/2033 4403/2099 4219/1915
f 4332/2028 4404/2100 4342/2038
f 4332/2028 4342/2038 4333/2029
f 4333/2029 4405/2101 4402/2098
f 4332/2028 4401/2097 4404/2100
f 4333/2029 4342/2038 4405/2101
f 4219/1915 4403/2099 4406/2102
f 4401/2097 4407/2103 4404/2100
f 4342/2038 4341/2037 4405/2101
f 4219/1915 4406/2102 4285/1981
f 4404/2100 4407/2103 4342/2038
f 4407/2103 4343/2039 4342/2038
f 4340/2036 4346/2042 4262/1958
f 4407/2103 4408/2104 4343/2039
f 4130/1826 4286/1982 4409/2105
f 4410/2106 4411/2107 4412/2108
f 4345/2041 4413/2109 4348/2044
f 4130/1826 4409/2105 4292/1988
f 4287/1983 4414/2110 4289/1985
f 4154/1850 4415/2111 4350/2046
f 4414/2110 4416/2112 4289/1985
f 4292/1988 4417/2113 4153/1849
f 4416/2112 4351/2047 4289/1985
f 4351/2047 4418/2114 4295/1991
f 4295/1991 4419/2115 4275/1971
f 4297/1993 4352/2048 4195/1891
f 4301/1997 4303/1999 4278/1974
f 4279/1975 4304/2000 4163/1859
f 4304/2000 4353/2049 4198/1894
f 2320/16 4420/2116 4115/1811
f 4021/1717 4138/1834 4359/2055
f 3906/1602 4359/2055 4202/1898
f 4204/1900 4421/2117 4362/2058
f 4280/1976 4364/2060 4256/1952
f 4166/1862 4311/2007 4312/2008
f 4076/1772 4312/2008 4083/1779
f 4314/2010 4422/2118 4369/2065
f 4373/2069 4423/2119 4424/2120
f 4424/2120 4376/2072 4373/2069
f 4378/2074 4425/2121 4426/2122
f 4424/2120 4381/2077 4376/2072
f 4426/2122 4425/2121 4387/2083
f 4381/2077 4427/2123 4380/2076
f 4387/2083 4394/2090 4428/2124
f 3924/1620 4429/2125 4086/1782
f 4427/2123 4388/2084 4380/2076
f 4427/2123 4430/2126 4388/2084
f 4394/2090 4393/2089 4428/2124
f 4428/2124 4393/2089 4431/2127
f 4388/2084 4430/2126 4392/2088
f 4393/2089 4432/2128 4431/2127
f 4395/2091 4397/2093 4433/2129
f 4434/2130 4435/2131 4436/2132
f 4436/2132 4435/2131 4437/2133
f 4397/2093 4399/2095 4433/2129
f 4433/2129 4399/2095 4438/2134
f 4437/2133 4435/2131 4439/2135
f 4437/2133 4439/2135 4440/2136
f 4439/2135 4441/2137 4440/2136
f 4441/2137 4442/2138 4440/2136
f 4440/2136 4442/2138 4443/2139
f 4340/2036 4444/2140 4346/2042
f 4285/1981 4406/2102 4445/2141
f 4442/2138 4414/2110 4443/2139
f 4446/2142 4410/2106 4412/2108
f 4447/2143 4448/2144 4449/2145
f 4286/1982 4450/2146 4409/2105
f 4443/2139 4414/2110 4287/1983
f 4413/2109 2375/71 4348/2044
f 4451/2147 4452/2148 4453/2149
f 4453/2149 4454/2150 4451/2147
f 4348/2044 2375/71 2374/70
f 4292/1988 4455/2151 4417/2113
f 4418/2114 4456/2152 4295/1991
f 4295/1991 4456/2152 4419/2115
f 4296/1992 4457/2153 4297/1993
f 4164/1860 4353/2049 4355/2051
f 4458/2154 4307/2003 4309/2005
f 4115/1811 4420/2116 4357/2053
f 4360/2056 4459/2155 4361/2057
f 4366/2062 4460/2156 4257/1953
f 4460/2156 4461/2157 4039/1735
f 4257/1953 4460/2156 4039/1735
f 4039/1735 4461/2157 3981/1677
f 3984/1680 4462/2158 3985/1681
f 3985/1681 4462/2158 4463/2159
f 3985/1681 4463/2159 4314/2010
f 4314/2010 4463/2159 4422/2118
f 4423/2119 4464/2160 4424/2120
f 4379/2075 4378/2074 4426/2122
f 4464/2160 4465/2161 4424/2120
f 4426/2122 4387/2083 4466/2162
f 4387/2083 4467/2163 4466/2162
f 4468/2164 4469/2165 4470/2166
f 4144/1840 4471/2167 4382/2078
f 4381/2077 4472/2168 4427/2123
f 4387/2083 4428/2124 4467/2163
f 4467/2163 4428/2124 4473/2169
f 4384/2080 4474/2170 4429/2125
f 4086/1782 4429/2125 4475/2171
f 4428/2124 4431/2127 4473/2169
f 4086/1782 4475/2171 4389/2085
f 4476/2172 4477/2173 4434/2130
f 4431/2127 4432/2128 4478/2174
f 4432/2128 4479/2175 4478/2174
f 4478/2174 4479/2175 4480/2176
f 4480/2176 4479/2175 4481/2177
f 4482/2178 4446/2142 4412/2108
f 4482/2178 4483/2179 4446/2142
f 4414/2110 4484/2180 4416/2112
f 4292/1988 4409/2105 4455/2151
f 4416/2112 4485/2181 4351/2047
f 4351/2047 4485/2181 4418/2114
f 4456/2152 4486/2182 4419/2115
f 4300/1996 4487/2183 4488/2184
f 4303/1999 4301/1997 4489/2185
f 4490/2186 4306/2002 4354/2050
f 4490/2186 4491/2187 4306/2002
f 4356/2052 4491/2187 4310/2006
f 4492/2188 4359/2055 4138/1834
f 4364/2060 4493/2189 4494/2190
f 4281/1977 4495/2191 4168/1864
f 4168/1864 4495/2191 4315/2011
f 4423/2119 4496/2192 4464/2160
f 4144/1840 4497/2193 4471/2167
f 4498/2194 4499/2195 4476/2172
f 4473/2169 4431/2127 4500/2196
f 4500/2196 4431/2127 4501/2197
f 4181/1877 4502/2198 4326/2022
f 4434/2130 4477/2173 4503/2199
f 4434/2130 4503/2199 4435/2131
f 4435/2131 4504/2200 4439/2135
f 4439/2135 4505/2201 4441/2137
f 4441/2137 4505/2201 4442/2138
f 4442/2138 4506/2202 4484/2180
f 4442/2138 4484/2180 4414/2110
f 4415/2111 4507/2203 4350/2046
f 4418/2114 4508/2204 4456/2152
f 4419/2115 4486/2182 4509/2205
f 4352/2048 4510/2206 4301/1997
f 4489/2185 4279/1975 4303/1999
f 4304/2000 4279/1975 4511/2207
f 4304/2000 4512/2208 4353/2049
f 4491/2187 4513/2209 4310/2006
f 4514/2210 4421/2117 4204/1900
f 4310/2006 4514/2210 4204/1900
f 4421/2117 4515/2211 4362/2058
f 4516/2212 4493/2189 4363/2059
f 4199/1895 4355/2051 4311/2007
f 4363/2059 4493/2189 4364/2060
f 4358/2054 4492/2188 4138/1834
f 4517/2213 4518/2214 4519/2215
f 4519/2215 4518/2214 4520/2216
f 4519/2215 4520/2216 4468/2164
f 4468/2164 4520/2216 4469/2165
f 4498/2194 4521/2217 4499/2195
f 4258/1954 4522/2218 4178/1874
f 4181/1877 4523/2219 4502/2198
f 4499/2195 4477/2173 4476/2172
f 4503/2199 4504/2200 4435/2131
f 4504/2200 4505/2201 4439/2135
f 4340/2036 4524/2220 4444/2140
f 4505/2201 4506/2202 4442/2138
f 4525/2221 4526/2222 4527/2223
f 4445/2141 4406/2102 4528/2224
f 4445/2141 4528/2224 4529/2225
f 4416/2112 4484/2180 4485/2181
f 4485/2181 4508/2204 4418/2114
f 4300/1996 4530/2226 4487/2183
f 4301/1997 4510/2206 4489/2185
f 4489/2185 4531/2227 4279/1975
f 4279/1975 4531/2227 4511/2207
f 4532/2228 4533/2229 4534/2230
f 4304/2000 4511/2207 4512/2208
f 4512/2208 4355/2051 4353/2049
f 4458/2154 4535/2231 4536/2232
f 4513/2209 4514/2210 4310/2006
f 4493/2189 4537/2233 4494/2190
f 4494/2190 4537/2233 4538/2234
f 4313/2009 4539/2235 4142/1838
f 4142/1838 4539/2235 4281/1977
f 4316/2012 4540/2236 4317/2013
f 4520/2216 4541/2237 4469/2165
f 4542/2238 4543/2239 4544/2240
f 4545/2241 4546/2242 4406/2102
f 4505/2201 4547/2243 4506/2202
f 4344/2040 4548/2244 4102/1798
f 4406/2102 4546/2242 4528/2224
f 4528/2224 4549/2245 4529/2225
f 4455/2151 4550/2246 4417/2113
f 4415/2111 4551/2247 4507/2203
f 4297/1993 4552/2248 4352/2048
f 4553/2249 4490/2186 4554/2250
f 4553/2249 4491/2187 4490/2186
f 4514/2210 4515/2211 4421/2117
f 2320/16 2358/54 4420/2116
f 4495/2191 4555/2251 4315/2011
f 4556/2252 4557/2253 4558/2254
f 4518/2214 4559/2255 4520/2216
f 4559/2255 4560/2256 4520/2216
f 4520/2216 4560/2256 4541/2237
f 4503/2199 4561/2257 4504/2200
f 4505/2201 4504/2200 4547/2243
f 4102/1798 4548/2244 4103/1799
f 4409/2105 4562/2258 4455/2151
f 4457/2153 4552/2248 4297/1993
f 4552/2248 4563/2259 4352/2048
f 4564/2260 4565/2261 4566/2262
f 4352/2048 4563/2259 4510/2206
f 4553/2249 4554/2250 4567/2263
f 4568/2264 4536/2232 4569/2265
f 4491/2187 4570/2266 4513/2209
f 4571/2267 4537/2233 4572/2268
f 4573/2269 4537/2233 4493/2189
f 4357/2053 4574/2270 4358/2054
f 4461/2157 4575/2271 3981/1677
f 3984/1680 4576/2272 4462/2158
f 4540/2236 4577/2273 4317/2013
f 4578/2274 4579/2275 4580/2276
f 4581/2277 4582/2278 4518/2214
f 4518/2214 4582/2278 4559/2255
f 4474/2170 4583/2279 4429/2125
f 4429/2125 4583/2279 4475/2171
f 4521/2217 4584/2280 4499/2195
f 4499/2195 4584/2280 4585/2281
f 4499/2195 4585/2281 4477/2173
f 4477/2173 4585/2281 4503/2199
f 4503/2199 4585/2281 4586/2282
f 4503/2199 4586/2282 4561/2257
f 4504/2200 4561/2257 4587/2283
f 4504/2200 4587/2283 4547/2243
f 4506/2202 4588/2284 4589/2285
f 4506/2202 4589/2285 4484/2180
f 4484/2180 4589/2285 4485/2181
f 4549/2245 4590/2286 4591/2287
f 4549/2245 4591/2287 4529/2225
f 4589/2285 4592/2288 4485/2181
f 4450/2146 4593/2289 4409/2105
f 4485/2181 4592/2288 4508/2204
f 4409/2105 4593/2289 4562/2258
f 4508/2204 4592/2288 4594/2290
f 4508/2204 4594/2290 4456/2152
f 4456/2152 4594/2290 4486/2182
f 4455/2151 4562/2258 4550/2246
f 4507/2203 4595/2291 4596/2292
f 4597/2293 4489/2185 4510/2206
f 4514/2210 4598/2294 4515/2211
f 4516/2212 4599/2295 4573/2269
f 2358/54 4600/2296 4420/2116
f 4420/2116 4601/2297 4357/2053
f 4357/2053 4601/2297 4574/2270
f 4312/2008 4602/2298 4083/1779
f 4463/2159 4603/2299 4422/2118
f 4315/2011 4555/2251 4370/2066
f 4578/2274 4604/2300 4579/2275
f 4559/2255 4605/2301 4560/2256
f 4560/2256 4606/2302 4541/2237
f 4521/2217 4607/2303 4584/2280
f 4587/2283 4588/2284 4547/2243
f 4344/2040 4608/2304 4548/2244
f 4547/2243 4588/2284 4506/2202
f 4546/2242 4609/2305 4528/2224
f 4549/2245 4528/2224 4590/2286
f 4551/2247 4610/2306 4507/2203
f 4507/2203 4610/2306 4595/2291
f 4530/2226 4611/2307 4612/2308
f 4489/2185 4597/2293 4531/2227
f 4613/2309 4553/2249 4567/2263
f 4553/2249 4613/2309 4570/2266
f 4570/2266 4614/2310 4513/2209
f 4513/2209 4614/2310 4514/2210
f 4537/2233 4615/2311 4572/2268
f 4573/2269 4599/2295 4615/2311
f 4573/2269 4615/2311 4537/2233
f 4582/2278 4605/2301 4559/2255
f 4474/2170 4616/2312 4583/2279
f 4391/2087 4617/2313 4258/1954
f 4258/1954 4617/2313 4522/2218
f 4585/2281 4618/2314 4586/2282
f 4619/2315 4620/2316 4621/2317
f 4528/2224 4609/2305 4622/2318
f 4528/2224 4622/2318 4590/2286
f 4509/2205 4623/2319 4624/2320
f 4550/2246 4562/2258 4625/2321
f 4510/2206 4563/2259 4597/2293
f 4614/2310 4598/2294 4514/2210
f 4598/2294 4626/2322 4515/2211
f 4512/2208 4627/2323 4355/2051
f 4600/2296 4601/2297 4420/2116
f 4311/2007 4628/2324 4312/2008
f 4312/2008 4629/2325 4602/2298
f 4366/2062 4630/2326 4460/2156
f 4460/2156 4630/2326 4461/2157
f 4584/2280 4618/2314 4585/2281
f 4618/2314 4631/2327 4586/2282
f 4586/2282 4631/2327 4561/2257
f 4561/2257 4632/2328 4587/2283
f 4633/2329 4634/2330 4543/2239
f 4587/2283 4632/2328 4588/2284
f 4592/2288 4635/2331 4636/2332
f 4590/2286 4637/2333 4591/2287
f 4592/2288 4636/2332 4594/2290
f 4486/2182 4623/2319 4509/2205
f 4638/2334 4639/2335 4640/2336
f 4640/2336 4639/2335 4641/2337
f 4640/2336 4641/2337 4457/2153
f 4551/2247 4642/2338 4610/2306
f 4612/2308 4643/2339 4644/2340
f 4597/2293 4645/2341 4531/2227
f 4646/2342 4613/2309 4647/2343
f 4613/2309 4648/2344 4570/2266
f 4570/2266 4648/2344 4614/2310
f 4649/2345 4650/2346 4614/2310
f 4614/2310 4650/2346 4598/2294
f 4599/2295 4651/2347 4615/2311
f 4355/2051 4628/2324 4311/2007
f 4574/2270 4492/2188 4358/2054
f 4576/2272 4652/2348 4462/2158
f 4462/2158 4652/2348 4463/2159
f 4555/2251 4653/2349 4370/2066
f 4371/2067 4654/2350 4316/2012
f 4316/2012 4654/2350 4540/2236
f 4581/2277 4655/2351 4582/2278
f 4582/2278 4656/2352 4605/2301
f 4605/2301 4657/2353 4560/2256
f 4589/2285 4588/2284 4658/2354
f 4659/2355 4621/2317 4660/2356
f 4658/2354 4635/2331 4592/2288
f 4589/2285 4658/2354 4592/2288
f 4590/2286 4622/2318 4637/2333
f 4457/2153 4641/2337 4552/2248
f 4562/2258 4661/2357 4625/2321
f 4563/2259 4662/2358 4597/2293
f 4663/2359 4613/2309 4646/2342
f 4663/2359 4648/2344 4613/2309
f 4511/2207 4664/2360 4512/2208
f 4650/2346 4665/2361 4598/2294
f 4666/2362 4667/2363 4572/2268
f 4598/2294 4665/2361 4626/2322
f 4355/2051 4627/2323 4628/2324
f 4600/2296 2324/20 4601/2297
f 4492/2188 4668/2364 4359/2055
f 4669/2365 4670/2366 4671/2367
f 4653/2349 4672/2368 4370/2066
f 4371/2067 4673/2369 4654/2350
f 4560/2256 4657/2353 4606/2302
f 4607/2303 4674/2370 4584/2280
f 4631/2327 4675/2371 4561/2257
f 4676/2372 4677/2373 4678/2374
f 4561/2257 4675/2371 4632/2328
f 4609/2305 4679/2375 4622/2318
f 4637/2333 4680/2376 4591/2287
f 4638/2334 4681/2377 4639/2335
f 4562/2258 4593/2289 4661/2357
f 4610/2306 4682/2378 4595/2291
f 4683/2379 4684/2380 4552/2248
f 4552/2248 4684/2380 4563/2259
f 4662/2358 4685/2381 4597/2293
f 4686/2382 4687/2383 4688/2384
f 4689/2385 4690/2386 4614/2310
f 4648/2344 4689/2385 4614/2310
f 4614/2310 4690/2386 4649/2345
f 4651/2347 4666/2362 4615/2311
f 2358/54 2324/20 4600/2296
f 4312/2008 4628/2324 4629/2325
f 4654/2350 4691/2387 4540/2236
f 4540/2236 4691/2387 4577/2273
f 4604/2300 4692/2388 4693/2389
f 4694/2390 4674/2370 4607/2303
f 4584/2280 4674/2370 4618/2314
f 4632/2328 4695/2391 4588/2284
f 4695/2391 4696/2392 4588/2284
f 4621/2317 4697/2393 4660/2356
f 4609/2305 4698/2394 4679/2375
f 4622/2318 4679/2375 4637/2333
f 4637/2333 4679/2375 4680/2376
f 4641/2337 4683/2379 4552/2248
f 4625/2321 4661/2357 4699/2395
f 4642/2338 4700/2396 4701/2397
f 4642/2338 4701/2397 4610/2306
f 4563/2259 4684/2380 4662/2358
f 4531/2227 4645/2341 4511/2207
f 4690/2386 4702/2398 4649/2345
f 4649/2345 4702/2398 4650/2346
f 4650/2346 4703/2399 4665/2361
f 4495/2191 4704/2400 4555/2251
f 4655/2351 4705/2401 4582/2278
f 4582/2278 4705/2401 4656/2352
f 4657/2353 4706/2402 4606/2302
f 4588/2284 4696/2392 4658/2354
f 4624/2320 4623/2319 4707/2403
f 4594/2290 4708/2404 4486/2182
f 4511/2207 4645/2341 4664/2360
f 4664/2360 4709/2405 4512/2208
f 4702/2398 4703/2399 4650/2346
f 4651/2347 4710/2406 4666/2362
f 4666/2362 4710/2406 4667/2363
f 4668/2364 4711/2407 4359/2055
f 4202/1898 4712/2408 4360/2056
f 4209/1905 4713/2409 4366/2062
f 4630/2326 4714/2410 4461/2157
f 4461/2157 4714/2410 4575/2271
f 4577/2273 4691/2387 4715/2411
f 4692/2388 4716/2412 4693/2389
f 4656/2352 4717/2413 4605/2301
f 4605/2301 4717/2413 4657/2353
f 4718/2414 4719/2415 4618/2314
f 4618/2314 4719/2415 4631/2327
f 4631/2327 4720/2416 4675/2371
f 4636/2332 4708/2404 4594/2290
f 4679/2375 4721/2417 4680/2376
f 4680/2376 4721/2417 4722/2418
f 4723/2419 4724/2420 4593/2289
f 4593/2289 4724/2420 4725/2421
f 4593/2289 4725/2421 4661/2357
f 4699/2395 4661/2357 4726/2422
f 4700/2396 4727/2423 4701/2397
f 4728/2424 4729/2425 4663/2359
f 4663/2359 4729/2425 4648/2344
f 4690/2386 4730/2426 4702/2398
f 4667/2363 4710/2406 4731/2427
f 4711/2407 4712/2408 4202/1898
f 4359/2055 4711/2407 4202/1898
f 4539/2235 4732/2428 4281/1977
f 4281/1977 4732/2428 4495/2191
f 4694/2390 4718/2414 4674/2370
f 4583/2279 4733/2429 4475/2171
f 4475/2171 4733/2429 4389/2085
f 4674/2370 4718/2414 4618/2314
f 4720/2416 4734/2430 4675/2371
f 4675/2371 4734/2430 4632/2328
f 4695/2391 4735/2431 4696/2392
f 4623/2319 4736/2432 4707/2403
f 4708/2404 4737/2433 4486/2182
f 4486/2182 4737/2433 4623/2319
f 4679/2375 4698/2394 4738/2434
f 4679/2375 4738/2434 4721/2417
f 4639/2335 4739/2435 4641/2337
f 4701/2397 4740/2436 4682/2378
f 4685/2381 4645/2341 4597/2293
f 4729/2425 4741/2437 4648/2344
f 4648/2344 4741/2437 4689/2385
f 4689/2385 4730/2426 4690/2386
f 4742/2438 4743/2439 4710/2406
f 4574/2270 4668/2364 4492/2188
f 4712/2408 4744/2440 4360/2056
f 4360/2056 4744/2440 4459/2155
f 4732/2428 4704/2400 4495/2191
f 4745/2441 4746/2442 4655/2351
f 4655/2351 4746/2442 4705/2401
f 4657/2353 4747/2443 4706/2402
f 4748/2444 4749/2445 4750/2446
f 4751/2447 4678/2374 4752/2448
f 4608/2304 4753/2449 4548/2244
f 4548/2244 4754/2450 4103/1799
f 4103/1799 4755/2451 4238/1934
f 4525/2221 4756/2452 4526/2222
f 4635/2331 4757/2453 4636/2332
f 4623/2319 4737/2433 4736/2432
f 4727/2423 4758/2454 4701/2397
f 4701/2397 4758/2454 4740/2436
f 4645/2341 4759/2455 4664/2360
f 4728/2424 4760/2456 4729/2425
f 4741/2437 4730/2426 4689/2385
f 4730/2426 4761/2457 4702/2398
f 4702/2398 4762/2458 4703/2399
f 4744/2440 4763/2459 4459/2155
f 4713/2409 4764/2460 4366/2062
f 4366/2062 4764/2460 4630/2326
f 4313/2009 4765/2461 4539/2235
f 4691/2387 4766/2462 4715/2411
f 4654/2350 4767/2463 4691/2387
f 4768/2464 4769/2465 4770/2466
f 4717/2413 4747/2443 4657/2353
f 4694/2390 4771/2467 4718/2414
f 4631/2327 4772/2468 4720/2416
f 4735/2431 4773/2469 4696/2392
f 4658/2354 4774/2470 4635/2331
f 4775/2471 4739/2435 4681/2377
f 4698/2394 4776/2472 4738/2434
f 4722/2418 4777/2473 4778/2474
f 4661/2357 4779/2475 4726/2422
f 4761/2457 4780/2476 4762/2458
f 4743/2439 4781/2477 4710/2406
f 4710/2406 4782/2478 4731/2427
f 4512/2208 4709/2405 4627/2323
f 4652/2348 4783/2479 4463/2159
f 4463/2159 4783/2479 4603/2299
f 4539/2235 4765/2461 4732/2428
f 4705/2401 4784/2480 4656/2352
f 4720/2416 4785/2481 4734/2430
f 4632/2328 4786/2482 4695/2391
f 4695/2391 4786/2482 4735/2431
f 4103/1799 4754/2450 4755/2451
f 4696/2392 4773/2469 4658/2354
f 4774/2470 4757/2453 4635/2331
f 4636/2332 4757/2453 4708/2404
f 4721/2417 4738/2434 4722/2418
f 4722/2418 4738/2434 4777/2473
f 4778/2474 4777/2473 4787/2483
f 4725/2421 4788/2484 4779/2475
f 4725/2421 4779/2475 4661/2357
f 4758/2454 4789/2485 4740/2436
f 4684/2380 4790/2486 4662/2358
f 4662/2358 4790/2486 4685/2381
f 4791/2487 4792/2488 4793/2489
f 4741/2437 4794/2490 4730/2426
f 4795/2491 4782/2478 4710/2406
f 4781/2477 4795/2491 4710/2406
f 2324/20 4796/2492 4601/2297
f 4601/2297 4797/2493 4574/2270
f 4574/2270 4797/2493 4668/2364
f 4691/2387 4798/2494 4766/2462
f 4745/2441 4799/2495 4746/2442
f 4718/2414 4771/2467 4800/2496
f 4617/2313 4801/2497 4522/2218
f 4718/2414 4800/2496 4719/2415
f 4631/2327 4719/2415 4772/2468
f 4772/2468 4785/2481 4720/2416
f 4734/2430 4785/2481 4786/2482
f 4734/2430 4786/2482 4632/2328
f 4773/2469 4774/2470 4658/2354
f 4739/2435 4802/2498 4641/2337
f 4777/2473 4803/2499 4787/2483
f 4727/2423 4804/2500 4758/2454
f 4685/2381 4805/2501 4645/2341
f 4806/2502 4807/2503 4760/2456
f 4729/2425 4808/2504 4741/2437
f 4808/2504 4794/2490 4741/2437
f 4664/2360 4759/2455 4709/2405
f 4794/2490 4761/2457 4730/2426
f 4629/2325 4809/2505 4602/2298
f 4555/2251 4810/2506 4653/2349
f 4767/2463 4798/2494 4691/2387
f 4769/2465 4811/2507 4692/2388
f 4747/2443 4812/2508 4706/2402
f 4694/2390 4813/2509 4771/2467
f 4775/2471 4814/2510 4739/2435
f 4776/2472 4815/2511 4738/2434
f 4777/2473 4738/2434 4803/2499
f 4779/2475 4788/2484 4816/2512
f 4779/2475 4816/2512 4726/2422
f 4726/2422 4816/2512 4817/2513
f 4807/2503 4729/2425 4760/2456
f 4818/2514 4819/2515 4820/2516
f 4782/2478 4821/2517 4822/2518
f 2324/20 2349/45 4796/2492
f 4601/2297 4796/2492 4797/2493
f 4555/2251 4704/2400 4810/2506
f 4673/2369 4823/2519 4654/2350
f 4654/2350 4823/2519 4767/2463
f 4737/2433 4824/2520 4736/2432
f 4736/2432 4824/2520 4825/2521
f 4814/2510 4802/2498 4739/2435
f 4641/2337 4826/2522 4683/2379
f 4683/2379 4826/2522 4684/2380
f 4738/2434 4815/2511 4827/2523
f 4803/2499 4828/2524 4787/2483
f 4807/2503 4829/2525 4729/2425
f 4729/2425 4830/2526 4808/2504
f 4808/2504 4761/2457 4794/2490
f 4831/2527 4832/2528 4761/2457
f 4761/2457 4832/2528 4833/2529
f 4627/2323 4834/2530 4628/2324
f 4835/2531 4809/2505 4629/2325
f 4745/2441 4836/2532 4799/2495
f 4837/2533 4838/2534 4497/2193
f 4771/2467 4839/2535 4800/2496
f 4733/2429 4840/2536 4389/2085
f 4390/2086 4841/2537 4391/2087
f 4772/2468 4842/2538 4785/2481
f 4753/2449 4843/2539 4548/2244
f 4774/2470 4844/2540 4757/2453
f 4845/2541 4814/2510 4775/2471
f 4738/2434 4827/2523 4828/2524
f 4738/2434 4828/2524 4803/2499
f 4828/2524 4846/2542 4787/2483
f 4805/2501 4847/2543 4645/2341
f 4848/2544 4831/2527 4761/2457
f 4808/2504 4848/2544 4761/2457
f 4759/2455 4849/2545 4709/2405
f 4367/2063 4850/2546 4313/2009
f 4811/2507 4851/2547 4692/2388
f 4717/2413 4852/2548 4747/2443
f 4813/2509 4839/2535 4771/2467
f 4773/2469 4853/2549 4774/2470
f 4757/2453 4854/2550 4708/2404
f 4855/2551 4856/2552 4807/2503
f 4856/2552 4829/2525 4807/2503
f 4829/2525 4857/2553 4729/2425
f 4729/2425 4857/2553 4830/2526
f 4830/2526 4848/2544 4808/2504
f 4628/2324 4834/2530 4629/2325
f 4799/2495 4858/2554 4746/2442
f 4746/2442 4858/2554 4705/2401
f 4839/2535 4859/2555 4800/2496
f 4860/2556 4772/2468 4719/2415
f 4772/2468 4860/2556 4842/2538
f 4860/2556 4861/2557 4842/2538
f 4842/2538 4786/2482 4785/2481
f 4735/2431 4853/2549 4773/2469
f 4708/2404 4862/2558 4737/2433
f 4641/2337 4802/2498 4826/2522
f 4826/2522 4863/2559 4684/2380
f 4828/2524 4827/2523 4846/2542
f 4684/2380 4863/2559 4790/2486
f 4788/2484 4864/2560 4816/2512
f 4804/2500 4865/2561 4758/2454
f 4758/2454 4865/2561 4866/2562
f 4857/2553 4848/2544 4830/2526
f 4831/2527 4867/2563 4832/2528
f 4868/2564 4869/2565 4870/2566
f 4868/2564 4870/2566 4871/2567
f 4668/2364 4872/2568 4711/2407
f 4711/2407 4873/2569 4712/2408
f 4834/2530 4835/2531 4629/2325
f 4850/2546 4765/2461 4313/2009
f 4810/2506 4874/2570 4653/2349
f 4653/2349 4874/2570 4672/2368
f 4798/2494 4875/2571 4766/2462
f 4784/2480 4876/2572 4717/2413
f 4717/2413 4876/2572 4852/2548
f 4859/2555 4877/2573 4800/2496
f 4877/2573 4860/2556 4719/2415
f 4786/2482 4842/2538 4878/2574
f 4786/2482 4878/2574 4735/2431
f 4843/2539 4754/2450 4548/2244
f 4735/2431 4879/2575 4853/2549
f 4774/2470 4880/2576 4844/2540
f 4816/2512 4881/2577 4817/2513
f 4881/2577 4882/2578 4817/2513
f 4790/2486 4883/2579 4685/2381
f 4685/2381 4883/2579 4805/2501
f 4848/2544 4884/2580 4831/2527
f 4797/2493 4872/2568 4668/2364
f 4872/2568 4873/2569 4711/2407
f 4874/2570 4885/2581 4672/2368
f 4673/2369 4886/2582 4823/2519
f 4705/2401 4887/2583 4784/2480
f 4800/2496 4877/2573 4719/2415
f 4861/2557 4878/2574 4842/2538
f 4878/2574 4879/2575 4735/2431
f 4888/2584 4889/2585 4890/2586
f 4827/2523 4891/2587 4846/2542
f 4864/2560 4892/2588 4881/2577
f 4864/2560 4881/2577 4816/2512
f 4804/2500 4893/2589 4865/2561
f 4645/2341 4847/2543 4759/2455
f 4894/2590 4829/2525 4856/2552
f 4857/2553 4895/2591 4848/2544
f 4884/2580 4896/2592 4831/2527
f 4831/2527 4896/2592 4867/2563
f 4869/2565 4897/2593 4870/2566
f 4630/2326 4898/2594 4714/2410
f 4714/2410 4898/2594 4575/2271
f 4813/2509 4859/2555 4839/2535
f 4756/2452 4899/2595 4526/2222
f 4853/2549 4880/2576 4774/2470
f 4844/2540 4900/2596 4757/2453
f 4757/2453 4900/2596 4854/2550
f 4737/2433 4862/2558 4824/2520
f 4815/2511 4901/2597 4827/2523
f 4829/2525 4895/2591 4857/2553
f 4897/2593 4902/2598 4870/2566
f 4799/2495 4903/2599 4858/2554
f 4858/2554 4887/2583 4705/2401
f 4841/2537 4904/2600 4391/2087
f 4391/2087 4904/2600 4617/2313
f 4878/2574 4905/2601 4879/2575
f 4708/2404 4854/2550 4862/2558
f 4890/2586 4889/2585 4906/2602
f 4907/2603 4908/2604 4643/2339
f 4881/2577 4909/2605 4882/2578
f 4805/2501 4910/2606 4847/2543
f 4894/2590 4911/2607 4829/2525
f 4884/2580 4912/2608 4913/2609
f 4902/2598 4914/2610 4870/2566
f 4870/2566 4914/2610 4915/2611
f 2349/45 4916/2612 4796/2492
f 4732/2428 4917/2613 4704/2400
f 4836/2532 4918/2614 4799/2495
f 4837/2533 4919/2615 4838/2534
f 4616/2312 4920/2616 4583/2279
f 4843/2539 4921/2617 4754/2450
f 4824/2520 4922/2618 4825/2521
f 4883/2579 4910/2606 4805/2501
f 4923/2619 4894/2590 4924/2620
f 4923/2619 4911/2607 4894/2590
f 4911/2607 4895/2591 4829/2525
f 4925/2621 4926/2622 4902/2598
f 4902/2598 4926/2622 4914/2610
f 4759/2455 4927/2623 4849/2545
f 4823/2519 4928/2624 4767/2463
f 4767/2463 4928/2624 4798/2494
f 4799/2495 4918/2614 4903/2599
f 4852/2548 4929/2625 4747/2443
f 4747/2443 4930/2626 4812/2508
f 4877/2573 4931/2627 4860/2556
f 4861/2557 4932/2628 4878/2574
f 4905/2601 4933/2629 4879/2575
f 4934/2630 4853/2549 4879/2575
f 4880/2576 4900/2596 4844/2540
f 4889/2585 4935/2631 4906/2602
f 4881/2577 4892/2588 4936/2632
f 4866/2562 4865/2561 4937/2633
f 4882/2578 4909/2605 4938/2634
f 4893/2589 4939/2635 4865/2561
f 4939/2635 4937/2633 4865/2561
f 4847/2543 4910/2606 4940/2636
f 4911/2607 4941/2637 4895/2591
f 4941/2637 4942/2638 4848/2544
f 4895/2591 4941/2637 4848/2544
f 4848/2544 4942/2638 4884/2580
f 4943/2639 4944/2640 4945/2641
f 4914/2610 4944/2640 4943/2639
f 4796/2492 4916/2612 4797/2493
f 4765/2461 4946/2642 4732/2428
f 4823/2519 4886/2582 4928/2624
f 4903/2599 4887/2583 4858/2554
f 4813/2509 4947/2643 4859/2555
f 4859/2555 4947/2643 4948/2644
f 4859/2555 4948/2644 4877/2573
f 4949/2645 4950/2646 4951/2647
f 4583/2279 4952/2648 4733/2429
f 4931/2627 4861/2557 4860/2556
f 4861/2557 4953/2649 4932/2628
f 4878/2574 4932/2628 4954/2650
f 4878/2574 4954/2650 4905/2601
f 4802/2498 4955/2651 4826/2522
f 4956/2652 4883/2579 4790/2486
f 4863/2559 4956/2652 4790/2486
f 4901/2597 4957/2653 4827/2523
f 4827/2523 4957/2653 4891/2587
f 4881/2577 4936/2632 4909/2605
f 4942/2638 4958/2654 4884/2580
f 4847/2543 4959/2655 4759/2455
f 4926/2622 4944/2640 4914/2610
f 4873/2569 4960/2656 4712/2408
f 4764/2460 4961/2657 4630/2326
f 4630/2326 4961/2657 4898/2594
f 4928/2624 4962/2658 4798/2494
f 4962/2658 4963/2659 4875/2571
f 4798/2494 4962/2658 4875/2571
f 4904/2600 4964/2660 4617/2313
f 4617/2313 4964/2660 4801/2497
f 4879/2575 4933/2629 4934/2630
f 4853/2549 4934/2630 4880/2576
f 4880/2576 4965/2661 4900/2596
f 4862/2558 4966/2662 4824/2520
f 4814/2510 4967/2663 4802/2498
f 4802/2498 4967/2663 4955/2651
f 4923/2619 4968/2664 4911/2607
f 4847/2543 4940/2636 4959/2655
f 4942/2638 4969/2665 4958/2654
f 4944/2640 4970/2666 4945/2641
f 2349/45 2351/47 4916/2612
f 4576/2272 4971/2667 4652/2348
f 4652/2348 4971/2667 4783/2479
f 4783/2479 4972/2668 4603/2299
f 4917/2613 4973/2669 4704/2400
f 4851/2547 4974/2670 4975/2671
f 4929/2625 4976/2672 4747/2443
f 4747/2443 4976/2672 4930/2626
f 4877/2573 4948/2644 4931/2627
f 4931/2627 4953/2649 4861/2557
f 4905/2601 4954/2650 4933/2629
f 4934/2630 4965/2661 4880/2576
f 4955/2651 4977/2673 4826/2522
f 4826/2522 4977/2673 4863/2559
f 4956/2652 4978/2674 4883/2579
f 4901/2597 4979/2675 4957/2653
f 4941/2637 4980/2676 4942/2638
f 4981/2677 4982/2678 4926/2622
f 4926/2622 4982/2678 4970/2666
f 4926/2622 4970/2666 4944/2640
f 4872/2568 4960/2656 4873/2569
f 4713/2409 4983/2679 4764/2460
f 4764/2460 4983/2679 4961/2657
f 4898/2594 4984/2680 4575/2271
f 4576/2272 4985/2681 4971/2667
f 4874/2570 4986/2682 4885/2581
f 4876/2572 4929/2625 4852/2548
f 4921/2617 4755/2451 4754/2450
f 4854/2550 4987/2683 4862/2558
f 4957/2653 4979/2675 4988/2684
f 4891/2587 4957/2653 4989/2685
f 4891/2587 4989/2685 4990/2686
f 4909/2605 4991/2687 4938/2634
f 4909/2605 4936/2632 4991/2687
f 4939/2635 4992/2688 4993/2689
f 4939/2635 4993/2689 4937/2633
f 4994/2690 4995/2691 4911/2607
f 4968/2664 4994/2690 4911/2607
f 4980/2676 4969/2665 4942/2638
f 4709/2405 4996/2692 4627/2323
f 4713/2409 4997/2693 4983/2679
f 4998/2694 4947/2643 4813/2509
f 4964/2660 4999/2695 4801/2497
f 4753/2449 5000/2696 4843/2539
f 4843/2539 5000/2696 4921/2617
f 4978/2674 5001/2697 4883/2579
f 4957/2653 4988/2684 4989/2685
f 4883/2579 5001/2697 4910/2606
f 4990/2686 4989/2685 5002/2698
f 4936/2632 5003/2699 4991/2687
f 4995/2691 4980/2676 4941/2637
f 4911/2607 4995/2691 4941/2637
f 4980/2676 5004/2700 4969/2665
f 4982/2678 5005/2701 4970/2666
f 4970/2666 5005/2701 5006/2702
f 4849/2545 4996/2692 4709/2405
f 4704/2400 4973/2669 4810/2506
f 4919/2615 5007/2703 4838/2534
f 4753/2449 5008/2704 5000/2696
f 5009/2705 5010/2706 4965/2661
f 4934/2630 5009/2705 4965/2661
f 4862/2558 5011/2707 4966/2662
f 4977/2673 4956/2652 4863/2559
f 4988/2684 5012/2708 4989/2685
f 5013/2709 5014/2710 5015/2711
f 5016/2712 5017/2713 5018/2714
f 5019/2715 5016/2712 5018/2714
f 4994/2690 5020/2716 4995/2691
f 4982/2678 5021/2717 5005/2701
f 4959/2655 4927/2623 4759/2455
f 4934/2630 4933/2629 5009/2705
f 5022/2718 5023/2719 4965/2661
f 4965/2661 5023/2719 4900/2596
f 4900/2596 5023/2719 4987/2683
f 4900/2596 4987/2683 4854/2550
f 4987/2683 5011/2707 4862/2558
f 4910/2606 5001/2697 4940/2636
f 5014/2710 5024/2720 5015/2711
f 5014/2710 5025/2721 5024/2720
f 5024/2720 5025/2721 5026/2722
f 5014/2710 5027/2723 5025/2721
f 5027/2723 5028/2724 5025/2721
f 5025/2721 5029/2725 5026/2722
f 5028/2724 5030/2726 5025/2721
f 5020/2716 5031/2727 4995/2691
f 4995/2691 5031/2727 4980/2676
f 4980/2676 5031/2727 5004/2700
f 5032/2728 5033/2729 5034/2730
f 5035/2731 5033/2729 5032/2728
f 4886/2582 5036/2732 4928/2624
f 4974/2670 5037/2733 4975/2671
f 4903/2599 5038/2734 4887/2583
f 4887/2583 5038/2734 5039/2735
f 4947/2643 5040/2736 4948/2644
f 4948/2644 5040/2736 5041/2737
f 5042/2738 4733/2429 4952/2648
f 4948/2644 5041/2737 4931/2627
f 4931/2627 5043/2739 4953/2649
f 5044/2740 5045/2741 5046/2742
f 5047/2743 5048/2744 5049/2745
f 5049/2745 5048/2744 5050/2746
f 5043/2739 5051/2747 4953/2649
f 5044/2740 5052/2748 5047/2743
f 5047/2743 5052/2748 5048/2744
f 4953/2649 5051/2747 4932/2628
f 4932/2628 5053/2749 4954/2650
f 4954/2650 5053/2749 4933/2629
f 5044/2740 5046/2742 5054/2750
f 5055/2751 5009/2705 4933/2629
f 5048/2744 5056/2752 5050/2746
f 5044/2740 5057/2753 5052/2748
f 5044/2740 5054/2750 5057/2753
f 5057/2753 5058/2754 5052/2748
f 5052/2748 5058/2754 5059/2755
f 5052/2748 5059/2755 5048/2744
f 5048/2744 5059/2755 5056/2752
f 5010/2706 5022/2718 4965/2661
f 5059/2755 5060/2756 5056/2752
f 5054/2750 5061/2757 5057/2753
f 4977/2673 5062/2758 4956/2652
f 5058/2754 5063/2759 5059/2755
f 5059/2755 5063/2759 5060/2756
f 5057/2753 5064/2760 5058/2754
f 5057/2753 5061/2757 5064/2760
f 4956/2652 5001/2697 4978/2674
f 5061/2757 5065/2761 5064/2760
f 5066/2762 5067/2763 5068/2764
f 5058/2754 5069/2765 5063/2759
f 5063/2759 5069/2765 5060/2756
f 5064/2760 5070/2766 5058/2754
f 5058/2754 5070/2766 5069/2765
f 5069/2765 5071/2767 5060/2756
f 5060/2756 5071/2767 5072/2768
f 5065/2761 5073/2769 5064/2760
f 5068/2764 5074/2770 5075/2771
f 5064/2760 5073/2769 5070/2766
f 5076/2772 5077/2773 5078/2774
f 5075/2771 5074/2770 5012/2708
f 5012/2708 5074/2770 4989/2685
f 5074/2770 5079/2775 5002/2698
f 4989/2685 5074/2770 5002/2698
f 4991/2687 5003/2699 5080/2776
f 5015/2711 5024/2720 5081/2777
f 5013/2709 5082/2778 5014/2710
f 5024/2720 5083/2779 5081/2777
f 5082/2778 5027/2723 5014/2710
f 5024/2720 5026/2722 5083/2779
f 5082/2778 5084/2780 5028/2724
f 5082/2778 5028/2724 5027/2723
f 5085/2781 5086/2782 5087/2783
f 5026/2722 5088/2784 5083/2779
f 5026/2722 5029/2725 5088/2784
f 5084/2780 5089/2785 5028/2724
f 5089/2785 5030/2726 5028/2724
f 5030/2726 5090/2786 5029/2725
f 5029/2725 5090/2786 5088/2784
f 5091/2787 5092/2788 5020/2716
f 5090/2786 5093/2789 5088/2784
f 5094/2790 5095/2791 5096/2792
f 5031/2727 5097/2793 5004/2700
f 5094/2790 5098/2794 5095/2791
f 5099/2795 5100/2796 5101/2797
f 5004/2700 5097/2793 5102/2798
f 5098/2794 5103/2799 5095/2791
f 5100/2796 5104/2800 5101/2797
f 5104/2800 5035/2731 5101/2797
f 5097/2793 5105/2801 5102/2798
f 5106/2802 5107/2803 5033/2729
f 5103/2799 5108/2804 5095/2791
f 5104/2800 5109/2805 5035/2731
f 5104/2800 5100/2796 5110/2806
f 5035/2731 5109/2805 5106/2802
f 5106/2802 5111/2807 5107/2803
f 5104/2800 5112/2808 5109/2805
f 5104/2800 5110/2806 5112/2808
f 5109/2805 5113/2809 5106/2802
f 5106/2802 5113/2809 5111/2807
f 5112/2808 5110/2806 5114/2810
f 5112/2808 5115/2811 5109/2805
f 5112/2808 5114/2810 5115/2811
f 5109/2805 5116/2812 5113/2809
f 5113/2809 5116/2812 5111/2807
f 5116/2812 5117/2813 5111/2807
f 5115/2811 5118/2814 5109/2805
f 5109/2805 5118/2814 5116/2812
f 5116/2812 5119/2815 5117/2813
f 5115/2811 5120/2816 5118/2814
f 5121/2817 5122/2818 4983/2679
f 5115/2811 5114/2810 5120/2816
f 4983/2679 5122/2818 4961/2657
f 4898/2594 5123/2819 4984/2680
f 4946/2642 4917/2613 4732/2428
f 4918/2614 5124/2820 4903/2599
f 4949/2645 5125/2821 4950/2646
f 5041/2737 5043/2739 4931/2627
f 4733/2429 5042/2738 5126/2822
f 5051/2747 5053/2749 4932/2628
f 5127/2823 5126/2822 5128/2824
f 5053/2749 5055/2751 4933/2629
f 5127/2823 5129/2825 5130/2826
f 5127/2823 5128/2824 5129/2825
f 5131/2827 5132/2828 4955/2651
f 4967/2663 5131/2827 4955/2651
f 5132/2828 5133/2829 4977/2673
f 4955/2651 5132/2828 4977/2673
f 5134/2830 5135/2831 5136/2832
f 4977/2673 5133/2829 5062/2758
f 5129/2825 5067/2763 5130/2826
f 5129/2825 5128/2824 5067/2763
f 5067/2763 5066/2762 5130/2826
f 5067/2763 5128/2824 5137/2833
f 4956/2652 5062/2758 5001/2697
f 5135/2831 5078/2774 5136/2832
f 5138/2834 5139/2835 5140/2836
f 5140/2836 5139/2835 5141/2837
f 5137/2833 5142/2838 5074/2770
f 5074/2770 5142/2838 5079/2775
f 5077/2773 5143/2839 5144/2840
f 5079/2775 5085/2781 5002/2698
f 5079/2775 5145/2841 5085/2781
f 5085/2781 5145/2841 5086/2782
f 5146/2842 5147/2843 5148/2844
f 5148/2844 5147/2843 5092/2788
f 5147/2843 5149/2845 5092/2788
f 5092/2788 5149/2845 5020/2716
f 5150/2846 5151/2847 5152/2848
f 5149/2845 5031/2727 5020/2716
f 5097/2793 5031/2727 5153/2849
f 5153/2849 5154/2850 5097/2793
f 5097/2793 5154/2850 5105/2801
f 5095/2791 5155/2851 5156/2852
f 5105/2801 5157/2853 5102/2798
f 5105/2801 5154/2850 5158/2854
f 5155/2851 5159/2855 5156/2852
f 5105/2801 5160/2856 5157/2853
f 5105/2801 5158/2854 5161/2857
f 5105/2801 5161/2857 5160/2856
f 5160/2856 5121/2817 5157/2853
f 5155/2851 5162/2858 5159/2855
f 5160/2856 5122/2818 5121/2817
f 5160/2856 5161/2857 5122/2818
f 4835/2531 5163/2859 4809/2505
f 5162/2858 5164/2860 5159/2855
f 5161/2857 5165/2861 5122/2818
f 5122/2818 5165/2861 4961/2657
f 4850/2546 5166/2862 4765/2461
f 5165/2861 5123/2819 4898/2594
f 4961/2657 5165/2861 4898/2594
f 5039/2735 5167/2863 4876/2572
f 5125/2821 5168/2864 5169/2865
f 5042/2738 5170/2866 5126/2822
f 5170/2866 5171/2867 5126/2822
f 5126/2822 5171/2867 5128/2824
f 5128/2824 5171/2867 5137/2833
f 5172/2868 5173/2869 5174/2870
f 5137/2833 5175/2871 5142/2838
f 5175/2871 5176/2872 5142/2838
f 5142/2838 5176/2872 5079/2775
f 5079/2775 5177/2873 5145/2841
f 5178/2874 5179/2875 5180/2876
f 5086/2782 5145/2841 5181/2877
f 5180/2876 5179/2875 5182/2878
f 5180/2876 5182/2878 5183/2879
f 5031/2727 5149/2845 5184/2880
f 5031/2727 5184/2880 5153/2849
f 5153/2849 5185/2881 5154/2850
f 5154/2850 5185/2881 5158/2854
f 4927/2623 4996/2692 4849/2545
f 5158/2854 5185/2881 5161/2857
f 5185/2881 5186/2882 5161/2857
f 5161/2857 5186/2882 5187/2883
f 5161/2857 5187/2883 5165/2861
f 5165/2861 5188/2884 5123/2819
f 5123/2819 5188/2884 4984/2680
f 5124/2820 5189/2885 4903/2599
f 4903/2599 5189/2885 5038/2734
f 5190/2886 5191/2887 5192/2888
f 5193/2889 5194/2890 5195/2891
f 5192/2888 5191/2887 5196/2892
f 5191/2887 5197/2893 5196/2892
f 5196/2892 5197/2893 5198/2894
f 5198/2894 5197/2893 5199/2895
f 5198/2894 5199/2895 5200/2896
f 5176/2872 5201/2897 5079/2775
f 5079/2775 5201/2897 5177/2873
f 5202/2898 5203/2899 5204/2900
f 5205/2901 5206/2902 5178/2874
f 5179/2875 5207/2903 5182/2878
f 5208/2904 5209/2905 5149/2845
f 5149/2845 5209/2905 5210/2906
f 5149/2845 5210/2906 5184/2880
f 5211/2907 5212/2908 5213/2909
f 5213/2909 5214/2910 5211/2907
f 5211/2907 5214/2910 5215/2911
f 4872/2568 5216/2912 4960/2656
f 4744/2440 5217/2913 4763/2459
f 5214/2910 5218/2914 5215/2911
f 5186/2882 5219/2915 5187/2883
f 5219/2915 5220/2916 5165/2861
f 5187/2883 5219/2915 5165/2861
f 4765/2461 5166/2862 4946/2642
f 4810/2506 5221/2917 4874/2570
f 4876/2572 5167/2863 4929/2625
f 4949/2645 5222/2918 5223/2919
f 4949/2645 5223/2919 5125/2821
f 5224/2920 5225/2921 5226/2922
f 5041/2737 5227/2923 5043/2739
f 5191/2887 5228/2924 5229/2925
f 5051/2747 5043/2739 5230/2926
f 5053/2749 5051/2747 5231/2927
f 5053/2749 5231/2927 5055/2751
f 5055/2751 5232/2928 5009/2705
f 4824/2520 4966/2662 4922/2618
f 5062/2758 5233/2929 5001/2697
f 5234/2930 5235/2931 4908/2604
f 5236/2932 5237/2933 5175/2871
f 5238/2934 5239/2935 5240/2936
f 5241/2937 5242/2938 5243/2939
f 5179/2875 5244/2940 5245/2941
f 5246/2942 5247/2943 5248/2944
f 5210/2906 5249/2945 5184/2880
f 5250/2946 5153/2849 5184/2880
f 5184/2880 5249/2945 5250/2946
f 5153/2849 5250/2946 5251/2947
f 5252/2948 5253/2949 5254/2950
f 4797/2493 5255/2951 4872/2568
f 5163/2859 5256/2952 4809/2505
f 5220/2916 5257/2953 5165/2861
f 5165/2861 5257/2953 5188/2884
f 4874/2570 5258/2954 4986/2682
f 4928/2624 5259/2955 4962/2658
f 4962/2658 5259/2955 4963/2659
f 5038/2734 5260/2956 5039/2735
f 5039/2735 5260/2956 5167/2863
f 5043/2739 5227/2923 5261/2957
f 5043/2739 5261/2957 5230/2926
f 5051/2747 5230/2926 5231/2927
f 5231/2927 5262/2958 5055/2751
f 5055/2751 5262/2958 5232/2928
f 5009/2705 5232/2928 5010/2706
f 4966/2662 5263/2959 4922/2618
f 4967/2663 5264/2960 5131/2827
f 5237/2933 5265/2961 5176/2872
f 5265/2961 5201/2897 5176/2872
f 5266/2962 5267/2963 5177/2873
f 5201/2897 5266/2962 5177/2873
f 5177/2873 5267/2963 5268/2964
f 5238/2934 5269/2965 5239/2935
f 5270/2966 5271/2967 5272/2968
f 5273/2969 5274/2970 5209/2905
f 5209/2905 5275/2971 5210/2906
f 5276/2972 5253/2949 5252/2948
f 4996/2692 5277/2973 4627/2323
f 4850/2546 5278/2974 5166/2862
f 4974/2670 5279/2975 5037/2733
f 5225/2921 5280/2976 5281/2977
f 5282/2978 5283/2979 5284/2980
f 5285/2981 5282/2978 5284/2980
f 5194/2890 5286/2982 5195/2891
f 4756/2452 5287/2983 4899/2595
f 5010/2706 5288/2984 5022/2718
f 5022/2718 5289/2985 5023/2719
f 5289/2985 5290/2986 4987/2683
f 5023/2719 5289/2985 4987/2683
f 5237/2933 5291/2987 5265/2961
f 5292/2988 5293/2989 5294/2990
f 5292/2988 5294/2990 5295/2991
f 5295/2991 5294/2990 5296/2992
f 5297/2993 5298/2994 5299/2995
f 5241/2937 5300/2996 5242/2938
f 4940/2636 5301/2997 4959/2655
f 5250/2946 5302/2998 5251/2947
f 5303/2999 5304/3000 5276/2972
f 5276/2972 5304/3000 5253/2949
f 4927/2623 5305/3001 4996/2692
f 4916/2612 5255/2951 4797/2493
f 4971/2667 5306/3002 4783/2479
f 4783/2479 5306/3002 4972/2668
f 4973/2669 5221/2917 4810/2506
f 4874/2570 5221/2917 5258/2954
f 5036/2732 5307/3003 4928/2624
f 4928/2624 5307/3003 5259/2955
f 4976/2672 5308/3004 4930/2626
f 4998/2694 5309/3005 4947/2643
f 4947/2643 5309/3005 5310/3006
f 4947/2643 5310/3006 5040/2736
f 5040/2736 5310/3006 5311/3007
f 5040/2736 5311/3007 5041/2737
f 5230/2926 5312/3008 5231/2927
f 5231/2927 5312/3008 5313/3009
f 5010/2706 5232/2928 5288/2984
f 5314/3010 5265/2961 5291/2987
f 5314/3010 5315/3011 5265/2961
f 5297/2993 5299/2995 5316/3012
f 5265/2961 5315/3011 5201/2897
f 5001/2697 5233/2929 4940/2636
f 4940/2636 5233/2929 5301/2997
f 5301/2997 5317/3013 4959/2655
f 5250/2946 5249/2945 5318/3014
f 5250/2946 5318/3014 5302/2998
f 5304/3000 5319/3015 5253/2949
f 4627/2323 5277/2973 4834/2530
f 5277/2973 5320/3016 4834/2530
f 4834/2530 5163/2859 4835/2531
f 5321/3017 5322/3018 5220/2916
f 5220/2916 5322/3018 5257/2953
f 5259/2955 5323/3019 4963/2659
f 4929/2625 5324/3020 4976/2672
f 4976/2672 5324/3020 5308/3004
f 5041/2737 5311/3007 5227/2923
f 5231/2927 5313/3009 5325/3021
f 5231/2927 5325/3021 5262/2958
f 5008/2704 5326/3022 5000/2696
f 4921/2617 5327/3023 4755/2451
f 5022/2718 5288/2984 5289/2985
f 5290/2986 5328/3024 5011/2707
f 4987/2683 5290/2986 5011/2707
f 5011/2707 5328/3024 4966/2662
f 5133/2829 5329/3025 5062/2758
f 5330/3026 5314/3010 5291/2987
f 5292/2988 5295/2991 5331/3027
f 5331/3027 5295/2991 5332/3028
f 5201/2897 5315/3011 5266/2962
f 5209/2905 5333/3029 5275/2971
f 5210/2906 5275/2971 5249/2945
f 5318/3014 5334/3030 5302/2998
f 5335/3031 5336/3032 5304/3000
f 5304/3000 5336/3032 5319/3015
f 5317/3013 5305/3001 4959/2655
f 4959/2655 5305/3001 4927/2623
f 5258/2954 5337/3033 4986/2682
f 5189/2885 5338/3034 5038/2734
f 5038/2734 5338/3034 5260/2956
f 5167/2863 5339/3035 4929/2625
f 5340/3036 5341/3037 5224/2920
f 5224/2920 5341/3037 5342/3038
f 5224/2920 5342/3038 5225/2921
f 5225/2921 5342/3038 5280/2976
f 5000/2696 5343/3039 4921/2617
f 5328/3024 5263/2959 4966/2662
f 5132/2828 5344/3040 5345/3041
f 5132/2828 5345/3041 5133/2829
f 5062/2758 5329/3025 5233/2929
f 5346/3042 5347/3043 5348/3044
f 5300/2996 5349/3045 5350/3046
f 5209/2905 5351/3047 5333/3029
f 5275/2971 5352/3048 5249/2945
f 5249/2945 5352/3048 5318/3014
f 5336/3032 5353/3049 5319/3015
f 2351/47 5354/3050 4916/2612
f 4916/2612 5354/3050 5255/2951
f 5255/2951 5216/2912 4872/2568
f 4712/2408 5355/3051 4744/2440
f 4744/2440 5355/3051 5217/2913
f 5321/3017 5356/3052 5322/3018
f 5166/2862 5357/3053 4946/2642
f 4929/2625 5339/3035 5324/3020
f 5326/3022 5343/3039 5000/2696
f 5330/3026 5358/3054 5314/3010
f 5315/3011 5359/3055 5266/2962
f 5266/2962 5359/3055 5267/2963
f 5360/3056 5361/3057 5362/3058
f 5333/3029 5363/3059 5275/2971
f 5364/3060 5334/3030 5318/3014
f 5335/3031 5365/3061 5353/3049
f 5335/3031 5353/3049 5336/3032
f 5366/3062 5367/3063 5368/3064
f 4960/2656 5369/3065 4712/2408
f 4834/2530 5320/3016 5163/2859
f 4985/2681 5370/3066 4971/2667
f 4971/2667 5370/3066 5306/3002
f 5311/3007 5371/3067 5227/2923
f 5230/2926 5261/2957 5372/3068
f 5230/2926 5372/3068 5312/3008
f 5313/3009 5312/3008 5373/3069
f 5008/2704 5374/3070 5326/3022
f 5262/2958 5325/3021 5375/3071
f 5262/2958 5375/3071 5232/2928
f 5232/2928 5376/3072 5288/2984
f 5329/3025 5377/3073 5233/2929
f 5359/3055 5378/3074 5267/2963
f 5361/3057 5379/3075 5362/3058
f 5318/3014 5352/3048 5364/3060
f 5334/3030 5364/3060 5380/3076
f 2351/47 2344/40 5354/3050
f 5286/2982 5381/3077 5195/2891
f 5227/2923 5382/3078 5261/2957
f 5312/3008 5383/3079 5373/3069
f 5313/3009 5373/3069 5325/3021
f 4921/2617 5384/3080 5327/3023
f 4756/2452 5385/3081 5287/2983
f 5232/2928 5375/3071 5376/3072
f 5358/3054 5386/3082 5314/3010
f 5314/3010 5386/3082 5315/3011
f 5275/2971 5363/3059 5387/3083
f 5275/2971 5387/3083 5352/3048
f 5353/3049 5388/3084 5389/3085
f 5365/3061 5390/3086 5353/3049
f 5369/3065 5391/3087 4712/2408
f 4712/2408 5391/3087 5355/3051
f 4946/2642 5392/3088 4917/2613
f 5309/3005 5393/3089 5310/3006
f 5311/3007 5310/3006 5371/3067
f 5371/3067 5382/3078 5227/2923
f 5382/3078 5394/3090 5261/2957
f 5372/3068 5383/3079 5312/3008
f 5343/3039 5384/3080 4921/2617
f 5288/2984 5376/3072 5289/2985
f 5289/2985 5395/3091 5290/2986
f 5396/3092 5397/3093 5398/3094
f 5386/3082 5399/3095 5315/3011
f 5235/2931 5400/3096 4908/2604
f 5315/3011 5399/3095 5359/3055
f 5279/2975 5401/3097 5037/2733
f 5394/3090 5372/3068 5261/2957
f 5376/3072 5395/3091 5289/2985
f 5402/3098 5403/3099 5264/2960
f 5264/2960 5403/3099 5344/3040
f 5133/2829 5345/3041 5329/3025
f 5396/3092 5398/3094 5404/3100
f 5359/3055 5399/3095 5378/3074
f 5405/3101 5406/3102 5407/3103
f 5301/2997 5233/2929 5408/3104
f 5351/3047 5409/3105 5333/3029
f 5333/3029 5410/3106 5363/3059
f 5363/3059 5410/3106 5387/3083
f 5390/3086 5388/3084 5353/3049
f 5364/3060 5411/3107 5380/3076
f 5365/3061 5412/3108 5390/3086
f 5188/2884 5413/3109 4984/2680
f 4985/2681 5414/3110 5370/3066
f 5306/3002 5415/3111 4972/2668
f 5357/3053 5392/3088 4946/2642
f 5310/3006 5393/3089 5371/3067
f 5372/3068 5394/3090 5383/3079
f 5325/3021 5373/3069 5375/3071
f 5344/3040 5416/3112 5345/3041
f 5417/3113 5418/3114 5419/3115
f 5420/3116 5421/3117 5422/3118
f 5233/2929 5377/3073 5408/3104
f 5352/3048 5387/3083 5423/3119
f 5352/3048 5423/3119 5364/3060
f 5216/2912 5369/3065 4960/2656
f 5424/3120 5425/3121 5036/2732
f 5036/2732 5425/3121 5307/3003
f 5376/3072 5426/3122 5395/3091
f 5403/3099 5416/3112 5344/3040
f 5427/3123 5396/3092 5404/3100
f 5386/3082 5428/3124 5399/3095
f 5399/3095 5429/3125 5378/3074
f 5430/3126 5406/3102 5405/3101
f 5301/2997 5431/3127 5317/3013
f 5333/3029 5409/3105 5410/3106
f 5432/3128 5411/3107 5364/3060
f 5364/3060 5423/3119 5432/3128
f 5411/3107 5432/3128 5433/3129
f 5390/3086 5412/3108 5434/3130
f 5390/3086 5434/3130 5388/3084
f 5255/2951 5435/3131 5216/2912
f 5322/3018 5436/3132 5257/2953
f 5436/3132 5437/3133 5188/2884
f 5257/2953 5436/3132 5188/2884
f 5188/2884 5437/3133 5413/3109
f 5279/2975 5438/3134 5401/3097
f 5371/3067 5439/3135 5382/3078
f 5382/3078 5439/3135 5440/3136
f 5382/3078 5440/3136 5394/3090
f 5394/3090 5441/3137 5383/3079
f 5326/3022 5442/3138 5343/3039
f 5395/3091 5443/3139 5290/2986
f 5290/2986 5443/3139 5328/3024
f 5263/2959 5444/3140 5445/3141
f 5402/3098 5446/3142 5403/3099
f 5329/3025 5447/3143 5377/3073
f 5427/3123 5404/3100 5448/3144
f 5448/3144 5404/3100 5449/3145
f 5450/3146 5451/3147 5428/3124
f 5450/3146 5428/3124 5386/3082
f 5452/3148 5453/3149 5454/3150
f 5455/3151 5305/3001 5317/3013
f 5388/3084 5434/3130 5456/3152
f 5457/3153 5434/3130 5412/3108
f 5260/2956 5458/3154 5167/2863
f 5324/3020 5459/3155 5308/3004
f 5371/3067 5393/3089 5439/3135
f 5441/3137 5373/3069 5383/3079
f 5345/3041 5447/3143 5329/3025
f 5377/3073 5447/3143 5460/3156
f 5377/3073 5460/3156 5461/3157
f 5430/3126 5462/3158 5406/3102
f 5463/3159 5464/3160 5422/3118
f 5408/3104 5431/3127 5301/2997
f 5457/3153 5465/3161 5434/3130
f 4996/2692 5466/3162 5277/2973
f 5391/3087 5467/3163 5355/3051
f 5355/3051 5467/3163 5217/2913
f 5278/2974 5357/3053 5166/2862
f 5258/2954 5468/3164 5337/3033
f 5189/2885 5469/3165 5338/3034
f 5338/3034 5469/3165 5260/2956
f 5167/2863 5324/3020 5339/3035
f 5309/3005 5470/3166 5393/3089
f 5393/3089 5471/3167 5439/3135
f 5472/3168 5473/3169 5394/3090
f 5394/3090 5473/3169 5441/3137
f 5441/3137 5474/3170 5373/3069
f 5385/3081 5475/3171 5287/2983
f 5375/3071 5474/3170 5476/3172
f 5375/3071 5476/3172 5376/3072
f 5426/3122 5443/3139 5395/3091
f 5328/3024 5477/3173 5263/2959
f 5263/2959 5477/3173 5444/3140
f 5443/3139 5478/3174 5328/3024
f 5451/3147 5479/3175 5428/3124
f 5480/3176 5481/3177 5482/3178
f 5481/3177 5483/3179 5482/3178
f 5482/3178 5483/3179 5484/3180
f 5485/3181 5462/3158 5430/3126
f 5377/3073 5461/3157 5408/3104
f 5410/3106 5486/3182 5487/3183
f 5433/3129 5432/3128 5488/3184
f 5465/3161 5489/3185 5434/3130
f 5305/3001 5455/3151 4996/2692
f 5466/3162 5490/3186 5277/2973
f 5277/2973 5490/3186 5320/3016
f 5320/3016 5490/3186 5163/2859
f 5307/3003 5491/3187 5259/2955
f 5259/2955 5491/3187 5323/3019
f 5469/3165 5458/3154 5260/2956
f 5458/3154 5492/3188 5167/2863
f 5493/3189 5494/3190 5340/3036
f 5340/3036 5494/3190 5341/3037
f 5440/3136 5472/3168 5394/3090
f 5373/3069 5474/3170 5375/3071
f 5376/3072 5476/3172 5495/3191
f 5376/3072 5495/3191 5426/3122
f 5428/3124 5496/3192 5399/3095
f 5497/3193 5498/3194 5499/3195
f 5431/3127 5455/3151 5317/3013
f 5410/3106 5487/3183 5500/3196
f 5410/3106 5500/3196 5387/3083
f 5489/3185 5501/3197 5434/3130
f 5356/3052 5502/3198 5322/3018
f 5322/3018 5502/3198 5436/3132
f 5221/2917 5503/3199 5258/2954
f 5504/3200 5469/3165 5124/2820
f 5470/3166 5505/3201 5471/3167
f 5393/3089 5470/3166 5471/3167
f 5441/3137 5473/3169 5474/3170
f 5446/3142 5506/3202 5403/3099
f 5416/3112 5507/3203 5345/3041
f 5507/3203 5508/3204 5345/3041
f 5509/3205 5510/3206 5511/3207
f 5512/3208 5479/3175 5513/3209
f 5345/3041 5508/3204 5447/3143
f 5479/3175 5496/3192 5428/3124
f 5485/3181 5514/3210 5462/3158
f 5498/3194 5515/3211 5499/3195
f 5387/3083 5516/3212 5423/3119
f 5423/3119 5516/3212 5432/3128
f 5516/3212 5517/3213 5432/3128
f 5432/3128 5517/3213 5488/3184
f 5455/3151 5518/3214 4996/2692
f 5519/3215 5466/3162 4996/2692
f 5216/2912 5435/3131 5520/3216
f 5216/2912 5520/3216 5369/3065
f 4973/2669 5503/3199 5221/2917
f 5425/3121 5521/3217 5307/3003
f 5307/3003 5521/3217 5491/3187
f 5505/3201 5439/3135 5471/3167
f 5439/3135 5522/3218 5440/3136
f 5387/3083 5500/3196 5516/3212
f 5517/3213 5523/3219 5488/3184
f 5465/3161 5524/3220 5489/3185
f 2338/34 5354/3050 2344/40
f 5255/2951 5525/3221 5435/3131
f 5520/3216 5391/3087 5369/3065
f 4917/2613 5526/3222 4973/2669
f 5424/3120 5527/3223 5425/3121
f 5425/3121 5528/3224 5521/3217
f 5493/3189 5529/3225 5494/3190
f 5474/3170 5530/3226 5476/3172
f 5476/3172 5531/3227 5495/3191
f 5478/3174 5532/3228 5477/3173
f 5512/3208 5533/3229 5479/3175
f 5479/3175 5534/3230 5496/3192
f 5485/3181 5535/3231 5514/3210
f 5498/3194 5536/3232 5515/3211
f 5501/3197 5489/3185 5537/3233
f 5538/3234 5537/3233 5489/3185
f 5524/3220 5538/3234 5489/3185
f 5354/3050 5539/3235 5255/2951
f 5255/2951 5539/3235 5525/3221
f 5163/2859 5540/3236 5256/2952
f 5392/3088 5541/3237 4917/2613
f 5503/3199 5468/3164 5258/2954
f 5167/2863 5492/3188 5324/3020
f 5324/3020 5542/3238 5459/3155
f 5282/2978 5543/3239 5283/2979
f 5286/2982 5544/3240 5381/3077
f 5439/3135 5545/3241 5522/3218
f 5440/3136 5522/3218 5546/3242
f 5440/3136 5547/3243 5472/3168
f 5472/3168 5548/3244 5473/3169
f 5476/3172 5530/3226 5531/3227
f 5495/3191 5531/3227 5426/3122
f 5549/3245 5550/3246 5443/3139
f 5443/3139 5550/3246 5478/3174
f 5506/3202 5551/3247 5403/3099
f 5479/3175 5552/3248 5534/3230
f 5553/3249 5554/3250 5555/3251
f 5485/3181 5556/3252 5535/3231
f 5486/3182 5557/3253 5487/3183
f 5491/3187 5521/3217 5558/3254
f 5505/3201 5545/3241 5439/3135
f 5440/3136 5546/3242 5547/3243
f 5559/3255 5530/3226 5474/3170
f 5385/3081 5560/3256 5475/3171
f 5426/3122 5549/3245 5443/3139
f 5561/3257 5562/3258 5416/3112
f 5533/3229 5563/3259 5552/3248
f 5564/3260 5565/3261 5566/3262
f 5416/3112 5562/3258 5507/3203
f 5534/3230 5567/3263 5496/3192
f 5496/3192 5567/3263 5553/3249
f 5556/3252 5568/3264 5535/3231
f 5557/3253 5569/3265 5487/3183
f 5455/3151 5431/3127 5518/3214
f 5487/3183 5569/3265 5500/3196
f 5500/3196 5570/3266 5516/3212
f 5516/3212 5570/3266 5571/3267
f 5516/3212 5571/3267 5517/3213
f 5571/3267 5572/3268 5517/3213
f 5517/3213 5572/3268 5523/3219
f 5524/3220 5573/3269 5538/3234
f 5518/3214 5519/3215 4996/2692
f 5278/2974 5574/3270 5357/3053
f 4973/2669 5526/3222 5503/3199
f 5504/3200 5575/3271 5469/3165
f 5469/3165 5575/3271 5458/3154
f 5458/3154 5576/3272 5492/3188
f 5542/3238 5577/3273 5459/3155
f 4919/2615 5578/3274 5007/2703
f 5342/3038 5579/3275 5280/2976
f 5282/2978 5580/3276 5543/3239
f 5545/3241 5581/3277 5522/3218
f 5531/3227 5549/3245 5426/3122
f 5552/3248 5582/3278 5534/3230
f 5583/3279 5584/3280 5536/3232
f 5536/3232 5584/3280 5585/3281
f 5572/3268 5586/3282 5523/3219
f 5573/3269 5587/3283 5538/3234
f 5588/3284 5574/3270 5278/2974
f 5356/3052 5589/3285 5502/3198
f 5357/3053 5574/3270 5392/3088
f 5527/3223 5528/3224 5425/3121
f 5575/3271 5576/3272 5458/3154
f 5492/3188 5590/3286 5324/3020
f 5324/3020 5590/3286 5542/3238
f 5470/3166 5591/3287 5505/3201
f 5341/3037 5592/3288 5342/3038
f 5342/3038 5592/3288 5579/3275
f 5473/3169 5548/3244 5474/3170
f 5530/3226 5593/3289 5531/3227
f 5552/3248 5594/3290 5582/3278
f 5507/3203 5562/3258 5508/3204
f 5567/3263 5554/3250 5553/3249
f 5447/3143 5508/3204 5595/3291
f 5447/3143 5595/3291 5460/3156
f 5537/3233 5538/3234 5596/3292
f 5370/3066 5597/3293 5306/3002
f 5306/3002 5597/3293 5415/3111
f 5504/3200 5598/3294 5575/3271
f 5576/3272 5590/3286 5492/3188
f 5578/3274 5599/3295 5007/2703
f 5505/3201 5591/3287 5545/3241
f 5522/3218 5581/3277 5546/3242
f 5472/3168 5547/3243 5548/3244
f 5474/3170 5548/3244 5559/3255
f 5384/3080 5600/3296 5327/3023
f 5559/3255 5593/3289 5530/3226
f 5550/3246 5601/3297 5478/3174
f 5460/3156 5595/3291 5461/3157
f 5557/3253 5602/3298 5569/3265
f 5572/3268 5603/3299 5586/3282
f 5573/3269 5604/3300 5587/3283
f 5604/3300 5605/3301 5587/3283
f 2338/34 2315/11 5539/3235
f 2338/34 5539/3235 5354/3050
f 5343/3039 5606/3302 5384/3080
f 5384/3080 5606/3302 5600/3296
f 5478/3174 5607/3303 5532/3228
f 5551/3247 5562/3258 5561/3257
f 5608/3304 5567/3263 5534/3230
f 5582/3278 5608/3304 5534/3230
f 5609/3305 5568/3264 5556/3252
f 5408/3104 5461/3157 5610/3306
f 5569/3265 5611/3307 5500/3196
f 5500/3196 5611/3307 5570/3266
f 5571/3267 5612/3308 5572/3268
f 5587/3283 5605/3301 5596/3292
f 5490/3186 5613/3309 5163/2859
f 5163/2859 5613/3309 5540/3236
f 5574/3270 5541/3237 5392/3088
f 4917/2613 5541/3237 5526/3222
f 5593/3289 5614/3310 5531/3227
f 5615/3311 5616/3312 5617/3313
f 5616/3312 5615/3311 5618/3314
f 5531/3227 5614/3310 5549/3245
f 5619/3315 5582/3278 5594/3290
f 5617/3313 5620/3316 5615/3311
f 5621/3317 5622/3318 5567/3263
f 5608/3304 5621/3317 5567/3263
f 5583/3279 5623/3319 5624/3320
f 5408/3104 5610/3306 5625/3321
f 5625/3321 5431/3127 5408/3104
f 5625/3321 5626/3322 5431/3127
f 5602/3298 5611/3307 5569/3265
f 5572/3268 5627/3323 5603/3299
f 5604/3300 5628/3324 5605/3301
f 5436/3132 5629/3325 5437/3133
f 5437/3133 5629/3325 5413/3109
f 5521/3217 5630/3326 5558/3254
f 5631/3327 5632/3328 5633/3329
f 5575/3271 5598/3294 5576/3272
f 5576/3272 5634/3330 5590/3286
f 5494/3190 5635/3331 5341/3037
f 5545/3241 5591/3287 5636/3332
f 5341/3037 5635/3331 5592/3288
f 5545/3241 5636/3332 5581/3277
f 5636/3332 5637/3333 5581/3277
f 5581/3277 5637/3333 5638/3334
f 5581/3277 5547/3243 5546/3242
f 5548/3244 5547/3243 5639/3335
f 5548/3244 5639/3335 5640/3336
f 5548/3244 5640/3336 5559/3255
f 5619/3315 5608/3304 5582/3278
f 5609/3305 5641/3337 5568/3264
f 5431/3127 5626/3322 5518/3214
f 5571/3267 5570/3266 5612/3308
f 5572/3268 5612/3308 5627/3323
f 5603/3299 5627/3323 5642/3338
f 5628/3324 5643/3339 5605/3301
f 5502/3198 5644/3340 5436/3132
f 5436/3132 5644/3340 5629/3325
f 5590/3286 5645/3341 5542/3238
f 5542/3238 5646/3342 5577/3273
f 5577/3273 5646/3342 5647/3343
f 5581/3277 5638/3334 5547/3243
f 5559/3255 5640/3336 5593/3289
f 5616/3312 5648/3344 5617/3313
f 5593/3289 5640/3336 5614/3310
f 5601/3297 5649/3345 5478/3174
f 5478/3174 5649/3345 5607/3303
f 5621/3317 5650/3346 5622/3318
f 5609/3305 5651/3347 5641/3337
f 5595/3291 5652/3348 5461/3157
f 5602/3298 5653/3349 5611/3307
f 5570/3266 5611/3307 5654/3350
f 5605/3301 5643/3339 5655/3351
f 5628/3324 5656/3352 5643/3339
f 5466/3162 5657/3353 5490/3186
f 5435/3131 5658/3354 5520/3216
f 5527/3223 5659/3355 5528/3224
f 5528/3224 5660/3356 5521/3217
f 5598/3294 5661/3357 5576/3272
f 5590/3286 5634/3330 5645/3341
f 5542/3238 5645/3341 5646/3342
f 5638/3334 5639/3335 5547/3243
f 5648/3344 5662/3358 5617/3313
f 5549/3245 5663/3359 5550/3246
f 5550/3246 5663/3359 5601/3297
f 5664/3360 5665/3361 5651/3347
f 5508/3204 5666/3362 5595/3291
f 5652/3348 5610/3306 5461/3157
f 5625/3321 5667/3363 5626/3322
f 5626/3322 5668/3364 5518/3214
f 5570/3266 5669/3365 5612/3308
f 5642/3338 5627/3323 5670/3366
f 2315/11 5671/3367 5539/3235
f 5539/3235 5671/3367 5525/3221
f 5588/3284 5672/3368 5574/3270
f 5521/3217 5660/3356 5630/3326
f 5659/3355 5660/3356 5528/3224
f 5598/3294 5673/3369 5661/3357
f 5576/3272 5661/3357 5634/3330
f 5544/3240 5674/3370 5381/3077
f 5637/3333 5636/3332 5675/3371
f 5442/3138 5676/3372 5343/3039
f 5619/3315 5677/3373 5608/3304
f 5678/3374 5679/3375 5680/3376
f 5626/3322 5681/3377 5668/3364
f 5668/3364 5519/3215 5518/3214
f 5612/3308 5669/3365 5682/3378
f 5612/3308 5682/3378 5627/3323
f 5627/3323 5683/3379 5670/3366
f 5391/3087 5684/3380 5467/3163
f 5574/3270 5685/3381 5541/3237
f 5468/3164 5503/3199 5686/3382
f 5637/3333 5675/3371 5687/3383
f 5637/3333 5687/3383 5638/3334
f 5687/3383 5639/3335 5638/3334
f 5688/3384 5689/3385 5639/3335
f 5689/3385 5690/3386 5640/3336
f 5639/3335 5689/3385 5640/3336
f 5343/3039 5676/3372 5606/3302
f 5691/3387 5677/3373 5619/3315
f 5690/3386 5692/3388 5640/3336
f 5640/3336 5692/3388 5614/3310
f 5692/3388 5693/3389 5614/3310
f 5614/3310 5693/3389 5549/3245
f 5549/3245 5693/3389 5663/3359
f 5562/3258 5666/3362 5508/3204
f 5610/3306 5694/3390 5625/3321
f 5570/3266 5654/3350 5669/3365
f 5627/3323 5682/3378 5683/3379
f 5695/3391 5696/3392 5697/3393
f 5698/3394 5699/3395 5643/3339
f 2315/11 2314/10 5671/3367
f 5520/3216 5658/3354 5700/3396
f 5657/3353 5613/3309 5490/3186
f 5701/3397 5702/3398 5703/3399
f 5659/3355 5704/3400 5660/3356
f 5673/3369 5705/3401 5661/3357
f 5661/3357 5706/3402 5634/3330
f 5706/3402 5707/3403 5634/3330
f 5634/3330 5707/3403 5645/3341
f 5645/3341 5707/3403 5646/3342
f 5646/3342 5708/3404 5647/3343
f 5709/3405 5710/3406 5636/3332
f 5639/3335 5687/3383 5688/3384
f 5711/3407 5662/3358 5712/3408
f 5712/3408 5713/3409 5711/3407
f 5677/3373 5621/3317 5608/3304
f 5621/3317 5714/3410 5650/3346
f 5715/3411 5716/3412 5664/3360
f 5601/3297 5663/3359 5649/3345
f 5649/3345 5717/3413 5607/3303
f 5664/3360 5716/3412 5665/3361
f 5665/3361 5716/3412 5718/3414
f 5653/3349 5719/3415 5611/3307
f 5611/3307 5720/3416 5654/3350
f 5671/3367 2314/10 5721/3417
f 5671/3367 5721/3417 5525/3221
f 5540/3236 5613/3309 5722/3418
f 5597/3293 5723/3419 5415/3111
f 5704/3400 5724/3420 5660/3356
f 5660/3356 5724/3420 5630/3326
f 5725/3421 5726/3422 5727/3423
f 5661/3357 5705/3401 5706/3402
f 5646/3342 5707/3403 5708/3404
f 5636/3332 5710/3406 5675/3371
f 5691/3387 5728/3424 5677/3373
f 5711/3407 5713/3409 5729/3425
f 5677/3373 5730/3426 5621/3317
f 5730/3426 5714/3410 5621/3317
f 5715/3411 5731/3427 5716/3412
f 5562/3258 5732/3428 5666/3362
f 5595/3291 5733/3429 5652/3348
f 5679/3375 5734/3430 5680/3376
f 5610/3306 5652/3348 5694/3390
f 5626/3322 5667/3363 5681/3377
f 5719/3415 5720/3416 5611/3307
f 5682/3378 5735/3431 5683/3379
f 5696/3392 5736/3432 5697/3393
f 5696/3392 5737/3433 5736/3432
f 5698/3394 5738/3434 5699/3395
f 5414/3110 5739/3435 5370/3066
f 5370/3066 5739/3435 5597/3293
f 5503/3199 5740/3436 5686/3382
f 5675/3371 5741/3437 5687/3383
f 5741/3437 5688/3384 5687/3383
f 5688/3384 5742/3438 5689/3385
f 5689/3385 5743/3439 5690/3386
f 5728/3424 5744/3440 5677/3373
f 5716/3412 5731/3427 5745/3441
f 5732/3428 5746/3442 5666/3362
f 5666/3362 5747/3443 5595/3291
f 5595/3291 5747/3443 5733/3429
f 5748/3444 5749/3445 5750/3446
f 5519/3215 5751/3447 5466/3162
f 5466/3162 5751/3447 5657/3353
f 2314/10 5752/3448 5721/3417
f 5700/3396 5753/3449 5684/3380
f 5629/3325 5754/3450 5413/3109
f 5414/3110 5755/3451 5739/3435
f 5756/3452 5757/3453 5705/3401
f 5705/3401 5757/3453 5706/3402
f 5757/3453 5758/3454 5707/3403
f 5706/3402 5757/3453 5707/3403
f 5707/3403 5758/3454 5708/3404
f 5709/3405 5759/3455 5710/3406
f 5675/3371 5759/3455 5741/3437
f 5760/3456 5761/3457 5762/3458
f 5742/3438 5763/3459 5689/3385
f 5762/3458 5761/3457 5764/3460
f 5689/3385 5763/3459 5743/3439
f 5560/3256 5765/3461 5475/3171
f 5690/3386 5766/3462 5692/3388
f 5715/3411 5767/3463 5731/3427
f 5693/3389 5768/3464 5663/3359
f 5663/3359 5717/3413 5649/3345
f 5746/3442 5747/3443 5666/3362
f 5652/3348 5733/3429 5769/3465
f 5694/3390 5770/3466 5625/3321
f 5519/3215 5668/3364 5771/3467
f 5719/3415 5772/3468 5720/3416
f 5519/3215 5771/3467 5751/3447
f 5737/3433 5773/3469 5736/3432
f 5736/3432 5773/3469 5774/3470
f 5525/3221 5775/3471 5435/3131
f 5467/3163 5776/3472 5217/2913
f 5526/3222 5777/3473 5503/3199
f 5777/3473 5740/3436 5503/3199
f 5778/3474 5779/3475 5780/3476
f 5709/3405 5781/3477 5759/3455
f 5759/3455 5782/3478 5741/3437
f 5782/3478 5783/3479 5741/3437
f 5688/3384 5783/3479 5784/3480
f 5688/3384 5784/3480 5742/3438
f 5785/3481 5786/3482 5787/3483
f 5744/3440 5730/3426 5677/3373
f 5767/3463 5788/3484 5731/3427
f 5731/3427 5788/3484 5745/3441
f 5663/3359 5768/3464 5717/3413
f 5789/3485 5790/3486 5791/3487
f 5652/3348 5769/3465 5694/3390
f 5770/3466 5792/3488 5625/3321
f 5625/3321 5792/3488 5793/3489
f 5625/3321 5793/3489 5667/3363
f 5667/3363 5793/3489 5681/3377
f 5772/3468 5794/3490 5720/3416
f 5720/3416 5795/3491 5654/3350
f 5525/3221 5721/3417 5775/3471
f 5775/3471 5658/3354 5435/3131
f 5773/3469 5796/3492 5774/3470
f 5574/3270 5672/3368 5685/3381
f 5541/3237 5797/3493 5526/3222
f 5756/3452 5798/3494 5757/3453
f 5780/3476 5799/3495 5800/3496
f 5800/3496 5801/3497 5802/3498
f 5803/3499 5804/3500 5744/3440
f 5763/3459 5805/3501 5743/3439
f 5730/3426 5806/3502 5714/3410
f 5743/3439 5807/3503 5766/3462
f 5807/3503 5808/3504 5692/3388
f 5692/3388 5808/3504 5693/3389
f 5693/3389 5808/3504 5768/3464
f 5768/3464 5809/3505 5717/3413
f 5810/3506 5746/3442 5732/3428
f 5769/3465 5770/3466 5694/3390
f 5654/3350 5795/3491 5811/3507
f 5654/3350 5811/3507 5669/3365
f 2314/10 2339/35 5752/3448
f 5658/3354 5812/3508 5700/3396
f 5773/3469 5813/3509 5796/3492
f 5797/3493 5777/3473 5526/3222
f 5779/3475 5799/3495 5780/3476
f 5802/3498 5814/3510 5815/3511
f 5816/3512 5817/3513 5818/3514
f 5818/3514 5817/3513 5819/3515
f 5820/3516 5787/3483 5821/3517
f 5742/3438 5822/3518 5763/3459
f 5763/3459 5822/3518 5805/3501
f 5823/3519 5767/3463 5715/3411
f 5824/3520 5825/3521 5826/3522
f 5767/3463 5827/3523 5788/3484
f 5720/3416 5794/3490 5795/3491
f 5682/3378 5669/3365 5828/3524
f 5684/3380 5829/3525 5467/3163
f 5467/3163 5829/3525 5776/3472
f 5682/3378 5828/3524 5735/3431
f 5773/3469 5737/3433 5813/3509
f 5589/3285 5830/3526 5502/3198
f 5502/3198 5830/3526 5644/3340
f 5541/3237 5685/3381 5797/3493
f 5704/3400 5831/3527 5724/3420
f 5832/3528 5529/3225 5833/3529
f 5834/3530 5599/3295 5578/3274
f 5832/3528 5835/3531 5529/3225
f 5835/3531 5494/3190 5529/3225
f 5835/3531 5635/3331 5494/3190
f 5544/3240 5836/3532 5674/3370
f 5837/3533 5674/3370 5836/3532
f 5802/3498 5801/3497 5814/3510
f 5816/3512 5814/3510 5817/3513
f 5838/3534 5839/3535 5840/3536
f 5804/3500 5841/3537 5842/3538
f 5804/3500 5842/3538 5744/3440
f 5761/3457 5843/3539 5764/3460
f 5823/3519 5844/3540 5767/3463
f 5845/3541 5846/3542 5807/3503
f 5767/3463 5844/3540 5827/3523
f 5746/3442 5847/3543 5747/3443
f 5847/3543 5848/3544 5747/3443
f 5747/3443 5848/3544 5733/3429
f 5848/3544 5769/3465 5733/3429
f 5849/3545 5850/3546 5681/3377
f 5793/3489 5849/3545 5681/3377
f 5681/3377 5850/3546 5668/3364
f 5794/3490 5851/3547 5795/3491
f 5752/3448 5775/3471 5721/3417
f 5737/3433 5852/3548 5813/3509
f 5830/3526 5853/3549 5644/3340
f 5853/3549 5629/3325 5644/3340
f 5853/3549 5854/3550 5629/3325
f 5629/3325 5854/3550 5754/3450
f 5739/3435 5855/3551 5597/3293
f 5597/3293 5855/3551 5723/3419
f 5831/3527 5856/3552 5724/3420
f 5832/3528 5857/3553 5835/3531
f 5858/3554 5859/3555 5860/3556
f 5580/3276 5861/3557 5543/3239
f 5814/3510 5862/3558 5863/3559
f 5820/3516 5821/3517 5864/3560
f 5819/3515 5865/3561 5866/3562
f 5843/3539 5761/3457 5867/3563
f 5744/3440 5842/3538 5730/3426
f 5868/3564 5866/3562 5869/3565
f 5768/3464 5808/3504 5870/3566
f 5810/3506 5871/3567 5746/3442
f 5872/3568 5873/3569 5790/3486
f 5874/3570 5872/3568 5875/3571
f 5770/3466 5769/3465 5876/3572
f 5792/3488 5770/3466 5849/3545
f 5792/3488 5849/3545 5793/3489
f 5877/3573 5878/3574 5879/3575
f 5669/3365 5811/3507 5828/3524
f 5828/3524 5880/3576 5735/3431
f 5813/3509 5852/3548 5881/3577
f 5882/3578 5883/3579 5884/3580
f 5885/3581 5886/3582 5887/3583
f 5777/3473 5888/3584 5740/3436
f 5740/3436 5888/3584 5889/3585
f 5857/3553 5890/3586 5835/3531
f 5835/3531 5890/3586 5635/3331
f 5635/3331 5890/3586 5891/3587
f 5635/3331 5891/3587 5592/3288
f 5892/3588 5893/3589 5894/3590
f 5892/3588 5895/3591 5896/3592
f 5897/3593 5898/3594 5899/3595
f 5900/3596 5901/3597 5866/3562
f 5842/3538 5806/3502 5730/3426
f 5866/3562 5902/3598 5869/3565
f 5867/3563 5903/3599 5843/3539
f 5676/3372 5904/3600 5606/3302
f 5905/3601 5906/3602 5907/3603
f 5846/3542 5908/3604 5807/3503
f 5807/3503 5908/3604 5808/3504
f 5808/3504 5908/3604 5870/3566
f 5871/3567 5909/3605 5746/3442
f 5746/3442 5909/3605 5847/3543
f 5876/3572 5910/3606 5770/3466
f 5668/3364 5911/3607 5771/3467
f 5735/3431 5880/3576 5912/3608
f 5882/3578 5913/3609 5883/3579
f 5739/3435 5914/3610 5855/3551
f 5914/3610 5915/3611 5855/3551
f 5886/3582 5916/3612 5887/3583
f 5685/3381 5917/3613 5797/3493
f 5861/3557 5918/3614 5543/3239
f 5544/3240 5919/3615 5920/3616
f 5544/3240 5920/3616 5836/3532
f 5841/3537 5921/3617 5922/3618
f 5923/3619 5924/3620 5925/3621
f 5926/3622 5923/3619 5925/3621
f 5927/3623 5928/3624 5929/3625
f 5841/3537 5922/3618 5842/3538
f 5842/3538 5930/3626 5806/3502
f 5902/3598 5931/3627 5906/3602
f 5823/3519 5932/3628 5844/3540
f 5933/3629 5904/3600 5676/3372
f 5606/3302 5904/3600 5934/3630
f 5606/3302 5934/3630 5600/3296
f 5844/3540 5932/3628 5935/3631
f 5844/3540 5935/3631 5936/3632
f 5907/3603 5937/3633 5938/3634
f 5908/3604 5939/3635 5870/3566
f 5848/3544 5876/3572 5769/3465
f 5850/3546 5911/3607 5668/3364
f 5851/3547 5940/3636 5795/3491
f 2339/35 2352/48 5752/3448
f 5775/3471 5941/3637 5658/3354
f 5658/3354 5941/3637 5812/3508
f 5812/3508 5942/3638 5700/3396
f 5700/3396 5942/3638 5753/3449
f 5828/3524 5811/3507 5880/3576
f 5883/3579 5913/3609 5943/3639
f 5852/3548 5944/3640 5881/3577
f 5881/3577 5944/3640 5945/3641
f 5854/3550 5946/3642 5754/3450
f 5755/3451 5947/3643 5739/3435
f 5777/3473 5948/3644 5888/3584
f 5921/3617 5949/3645 5922/3618
f 5950/3646 5951/3647 5952/3648
f 5950/3646 5952/3648 5953/3649
f 5952/3648 5954/3650 5953/3649
f 5953/3649 5954/3650 5955/3651
f 5953/3649 5955/3651 5956/3652
f 5957/3653 5958/3654 5959/3655
f 5960/3656 5957/3653 5959/3655
f 5958/3654 5961/3657 5962/3658
f 5959/3655 5958/3654 5962/3658
f 5963/3659 5964/3660 5965/3661
f 5761/3457 5966/3662 5867/3563
f 5965/3661 5967/3663 5968/3664
f 5560/3256 5969/3665 5765/3461
f 5907/3603 5906/3602 5937/3633
f 5871/3567 5970/3666 5909/3605
f 5909/3605 5971/3667 5847/3543
f 5849/3545 5972/3668 5850/3546
f 5771/3467 5911/3607 5751/3447
f 2352/48 5973/3669 5752/3448
f 5752/3448 5973/3669 5775/3471
f 5829/3525 5974/3670 5776/3472
f 5880/3576 5975/3671 5912/3608
f 5912/3608 5975/3671 5976/3672
f 5852/3548 5977/3673 5944/3640
f 5944/3640 5978/3674 5945/3641
f 5830/3526 5979/3675 5853/3549
f 5853/3549 5979/3675 5854/3550
f 5797/3493 5948/3644 5777/3473
f 5831/3527 5980/3676 5856/3552
f 5891/3587 5981/3677 5592/3288
f 5858/3554 5982/3678 5859/3555
f 5922/3618 5930/3626 5842/3538
f 5983/3679 5984/3680 5985/3681
f 5867/3563 5986/3682 5903/3599
f 5987/3683 5988/3684 5937/3633
f 5937/3633 5989/3685 5938/3634
f 5938/3634 5989/3685 5990/3686
f 5970/3666 5991/3687 5909/3605
f 5847/3543 5971/3667 5848/3544
f 5848/3544 5971/3667 5876/3572
f 5876/3572 5992/3688 5910/3606
f 5910/3606 5993/3689 5849/3545
f 5994/3690 5995/3691 5996/3692
f 5972/3668 5997/3693 5850/3546
f 5850/3546 5998/3694 5911/3607
f 5911/3607 5998/3694 5999/3695
f 5911/3607 6000/3696 5751/3447
f 5940/3636 6001/3697 5795/3491
f 5811/3507 5795/3491 6002/3698
f 5811/3507 6002/3698 5880/3576
f 5979/3675 6003/3699 5854/3550
f 5854/3550 6003/3699 5946/3642
f 5914/3610 6004/3700 5915/3611
f 5948/3644 6005/3701 5888/3584
f 6006/3702 6007/3703 5831/3527
f 5831/3527 6007/3703 5980/3676
f 5857/3553 6008/3704 5890/3586
f 5922/3618 6009/3705 5930/3626
f 5966/3662 5986/3682 5867/3563
f 5967/3663 6010/3706 5968/3664
f 5932/3628 6011/3707 5935/3631
f 5983/3679 6012/3708 5984/3680
f 5986/3682 6013/3709 5903/3599
f 5988/3684 6014/3710 5989/3685
f 5970/3666 6015/3711 5991/3687
f 5991/3687 6016/3712 5909/3605
f 5909/3605 6016/3712 5971/3667
f 5971/3667 6017/3713 5876/3572
f 5876/3572 6017/3713 5992/3688
f 5910/3606 5992/3688 5993/3689
f 5993/3689 5972/3668 5849/3545
f 5997/3693 5998/3694 5850/3546
f 5999/3695 6000/3696 5911/3607
f 5751/3447 6000/3696 6018/3714
f 5751/3447 6018/3714 5657/3353
f 6018/3714 6019/3715 5657/3353
f 6002/3698 5975/3671 5880/3576
f 5657/3353 6019/3715 5613/3309
f 5613/3309 6019/3715 5722/3418
f 5977/3673 6020/3716 5944/3640
f 5944/3640 6020/3716 6021/3717
f 5944/3640 6021/3717 5978/3674
f 6022/3718 6023/3719 5943/3639
f 5672/3368 5917/3613 5685/3381
f 5917/3613 6024/3720 5797/3493
f 6024/3720 5948/3644 5797/3493
f 6025/3721 6007/3703 6006/3702
f 6008/3704 6026/3722 5890/3586
f 6026/3722 6027/3723 5891/3587
f 5890/3586 6026/3722 5891/3587
f 5891/3587 6027/3723 5981/3677
f 6028/3724 6029/3725 5949/3645
f 6029/3725 6009/3705 5922/3618
f 5949/3645 6029/3725 5922/3618
f 6009/3705 6030/3726 5930/3626
f 6031/3727 6032/3728 5964/3660
f 6033/3729 6034/3730 6035/3731
f 5964/3660 6032/3728 6036/3732
f 5964/3660 6036/3732 5967/3663
f 6037/3733 6038/3734 6039/3735
f 5952/3648 6040/3736 5954/3650
f 5954/3650 6040/3736 6041/3737
f 5954/3650 6041/3737 5955/3651
f 5957/3653 6042/3738 6043/3739
f 5957/3653 6043/3739 5958/3654
f 6043/3739 6044/3740 5961/3657
f 5958/3654 6043/3739 5961/3657
f 5967/3663 6036/3732 6010/3706
f 5985/3681 6045/3741 6046/3742
f 5933/3629 6047/3743 5904/3600
f 6048/3744 6049/3745 6050/3746
f 6016/3712 6051/3747 5971/3667
f 5971/3667 6051/3747 6017/3713
f 2352/48 2353/49 5973/3669
f 5973/3669 6052/3748 5775/3471
f 5775/3471 6052/3748 5941/3637
f 6053/3749 6054/3750 6055/3751
f 5795/3491 6001/3697 6002/3698
f 5975/3671 6056/3752 5976/3672
f 6056/3752 6057/3753 5976/3672
f 5977/3673 6058/3754 6020/3716
f 6059/3755 6060/3756 6061/3757
f 5916/3612 6062/3758 6063/3759
f 5739/3435 6064/3760 5914/3610
f 5914/3610 6064/3760 6004/3700
f 5919/3615 6065/3761 5920/3616
f 5861/3557 6066/3762 5918/3614
f 6009/3705 6067/3763 6030/3726
f 5951/3647 6068/3764 5952/3648
f 5932/3628 6069/3765 6011/3707
f 5984/3680 6070/3766 5985/3681
f 5985/3681 6070/3766 6045/3741
f 5986/3682 6071/3767 6013/3709
f 5904/3600 6072/3768 5934/3630
f 6073/3769 6074/3770 6075/3771
f 6076/3772 6077/3773 6050/3746
f 6015/3711 6078/3774 6079/3775
f 6015/3711 6079/3775 5991/3687
f 5991/3687 6080/3776 6016/3712
f 6016/3712 6080/3776 6051/3747
f 5972/3668 6081/3777 5997/3693
f 6081/3777 6082/3778 5997/3693
f 5999/3695 6083/3779 6000/3696
f 2353/49 6084/3780 5973/3669
f 5941/3637 6052/3748 5812/3508
f 5753/3449 6085/3781 5684/3380
f 5684/3380 6085/3781 5829/3525
f 6001/3697 6086/3782 6002/3698
f 6002/3698 6086/3782 6056/3752
f 6002/3698 6056/3752 5975/3671
f 6087/3783 6088/3784 6059/3755
f 6059/3755 6088/3784 6060/3756
f 5589/3285 6089/3785 5830/3526
f 5830/3526 6089/3785 5979/3675
f 5917/3613 6090/3786 6024/3720
f 6024/3720 6091/3787 5948/3644
f 6091/3787 6005/3701 5948/3644
f 6027/3723 6092/3788 5981/3677
f 5982/3678 6093/3789 5859/3555
f 5861/3557 6094/3790 6066/3762
f 6095/3791 6096/3792 6097/3793
f 6028/3724 6098/3794 6029/3725
f 6099/3795 6100/3796 6009/3705
f 6029/3725 6099/3795 6009/3705
f 6009/3705 6100/3796 6067/3763
f 5923/3619 6101/3797 5924/3620
f 6068/3764 6102/3798 5952/3648
f 5952/3648 6102/3798 6040/3736
f 6040/3736 6103/3799 6041/3737
f 6043/3739 6104/3800 6044/3740
f 5984/3680 6012/3708 6070/3766
f 6074/3770 6105/3801 6075/3771
f 6075/3771 6105/3801 6106/3802
f 6105/3801 6107/3803 6106/3802
f 6108/3804 6109/3805 6110/3806
f 6051/3747 6111/3807 6017/3713
f 6017/3713 6111/3807 6112/3808
f 6112/3808 6113/3809 6017/3713
f 6017/3713 6113/3809 5992/3688
f 5992/3688 6113/3809 5993/3689
f 6113/3809 6114/3810 5993/3689
f 5993/3689 6114/3810 5972/3668
f 6114/3810 6081/3777 5972/3668
f 5997/3693 6082/3778 5998/3694
f 5998/3694 6115/3811 5999/3695
f 5999/3695 6115/3811 6083/3779
f 6116/3812 6117/3813 6118/3814
f 6000/3696 6083/3779 6018/3714
f 2353/49 2362/58 6084/3780
f 5973/3669 6084/3780 6052/3748
f 6019/3715 6119/3815 5722/3418
f 5722/3418 6119/3815 6120/3816
f 5917/3613 6121/3817 6090/3786
f 5947/3643 6122/3818 5739/3435
f 5739/3435 6122/3818 6064/3760
f 6024/3720 6090/3786 6091/3787
f 6123/3819 6097/3793 6096/3792
f 6098/3794 6099/3795 6029/3725
f 6124/3820 6125/3821 6126/3822
f 5924/3620 6101/3797 6127/3823
f 6031/3727 6128/3824 6032/3728
f 6129/3825 6130/3826 6131/3827
f 5966/3662 6071/3767 5986/3682
f 6132/3828 6104/3800 6042/3738
f 6036/3732 6133/3829 6010/3706
f 6070/3766 6134/3830 6045/3741
f 6135/3831 6136/3832 6137/3833
f 5904/3600 6047/3743 6138/3834
f 6074/3770 6139/3835 6140/3836
f 6074/3770 6140/3836 6105/3801
f 6105/3801 6140/3836 6107/3803
f 6141/3837 6142/3838 6143/3839
f 6144/3840 6145/3841 6108/3804
f 6108/3804 6145/3841 6146/3842
f 6108/3804 6146/3842 6109/3805
f 6147/3843 6148/3844 6149/3845
f 6150/3846 6151/3847 6152/3848
f 6153/3849 6154/3850 6155/3851
f 6154/3850 6156/3852 6155/3851
f 6154/3850 6157/3853 6156/3852
f 6157/3853 6158/3854 6156/3852
f 6157/3853 6159/3855 6160/3856
f 6157/3853 6160/3856 6158/3854
f 6158/3854 6160/3856 6161/3857
f 6162/3858 6163/3859 6164/3860
f 6165/3861 6166/3862 6167/3863
f 6168/3864 6169/3865 6170/3866
f 5998/3694 6171/3867 6115/3811
f 6115/3811 6172/3868 6083/3779
f 6052/3748 5942/3638 5812/3508
f 6085/3781 6173/3869 5829/3525
f 5829/3525 6173/3869 5974/3670
f 5942/3638 6174/3870 5753/3449
f 6018/3714 6175/3871 6119/3815
f 6018/3714 6119/3815 6019/3715
f 5672/3368 6121/3817 5917/3613
f 6176/3872 6177/3873 6007/3703
f 6025/3721 6176/3872 6007/3703
f 6007/3703 6178/3874 5980/3676
f 5980/3676 6178/3874 6179/3875
f 6032/3728 6128/3824 6180/3876
f 6032/3728 6180/3876 6036/3732
f 5966/3662 6181/3877 6182/3878
f 6104/3800 6183/3879 6044/3740
f 5966/3662 6182/3878 6071/3767
f 6036/3732 6180/3876 6133/3829
f 6133/3829 6184/3880 6010/3706
f 6012/3708 6185/3881 6070/3766
f 6186/3882 6045/3741 6187/3883
f 6045/3741 6134/3830 6187/3883
f 6070/3766 6185/3881 6134/3830
f 6188/3884 6189/3885 6047/3743
f 5904/3600 6138/3834 6072/3768
f 5934/3630 6190/3886 6191/3887
f 6192/3888 6193/3889 6194/3890
f 6140/3836 6195/3891 6107/3803
f 6107/3803 6195/3891 6196/3892
f 6142/3838 6197/3893 6198/3894
f 6199/3895 6188/3884 6047/3743
f 6200/3896 6201/3897 6202/3898
f 6203/3899 6155/3851 6204/3900
f 6156/3852 6161/3857 6205/3901
f 6160/3856 6206/3902 6161/3857
f 6207/3903 6208/3904 6160/3856
f 6160/3856 6208/3904 6206/3902
f 6165/3861 6209/3905 6166/3862
f 6210/3906 6211/3907 6212/3908
f 6207/3903 6213/3909 6208/3904
f 6212/3908 6211/3907 6214/3910
f 6081/3777 6114/3810 6215/3911
f 6081/3777 6215/3911 6082/3778
f 6216/3912 6169/3865 6168/3864
f 6170/3866 6217/3913 6218/3914
f 2362/58 2363/59 6219/3915
f 6172/3868 6220/3916 6083/3779
f 2362/58 6219/3915 6084/3780
f 6083/3779 6220/3916 6175/3871
f 6221/3917 6222/3918 6223/3919
f 5589/3285 6224/3920 6089/3785
f 6091/3787 6225/3921 6005/3701
f 6007/3703 6177/3873 6178/3874
f 6226/3922 6227/3923 6228/3924
f 6227/3923 6229/3925 6228/3924
f 6181/3877 6230/3926 6182/3878
f 6231/3927 6192/3888 6232/3928
f 6232/3928 6192/3888 6233/3929
f 6231/3927 6234/3930 6235/3931
f 6231/3927 6235/3931 6193/3889
f 6231/3927 6193/3889 6192/3888
f 6189/3885 6138/3834 6047/3743
f 6234/3930 6236/3932 6235/3931
f 6195/3891 6237/3933 6196/3892
f 6196/3892 6237/3933 6238/3934
f 6238/3934 6237/3933 6239/3935
f 6235/3931 6236/3932 6240/3936
f 6235/3931 6240/3936 6193/3889
f 6193/3889 6240/3936 6194/3890
f 6240/3936 6241/3937 6194/3890
f 6241/3937 6240/3936 6242/3938
f 6243/3939 6244/3940 6245/3941
f 6246/3942 6247/3943 6248/3944
f 6216/3912 6249/3945 6250/3946
f 6251/3947 6252/3948 6253/3949
f 2367/63 6254/3950 6255/3951
f 6219/3915 6256/3952 6084/3780
f 6084/3780 6256/3952 6257/3953
f 2367/63 2369/65 6254/3950
f 6084/3780 6257/3953 6052/3748
f 6052/3748 6257/3953 6258/3954
f 6052/3748 6258/3954 5942/3638
f 2369/65 6259/3955 6254/3950
f 2369/65 6260/3956 6259/3955
f 6260/3956 6261/3957 6259/3955
f 6119/3815 6262/3958 6120/3816
f 6263/3959 6261/3957 6264/3960
f 6263/3959 6264/3960 6265/3961
f 6265/3961 6264/3960 6266/3962
f 6266/3962 6264/3960 6267/3963
f 6268/3964 6269/3965 6270/3966
f 6121/3817 6271/3967 6090/3786
f 6090/3786 6271/3967 6091/3787
f 6272/3968 6122/3818 5947/3643
f 6091/3787 6271/3967 6225/3921
f 6273/3969 6274/3970 6275/3971
f 6274/3970 6232/3928 6275/3971
f 6276/3972 6277/3973 6278/3974
f 6276/3972 6279/3975 6277/3973
f 6280/3976 6281/3977 6282/3978
f 6273/3969 6283/3979 6231/3927
f 6273/3969 6231/3927 6274/3970
f 6281/3977 6280/3976 6284/3980
f 6283/3979 6285/3981 6234/3930
f 6283/3979 6234/3930 6231/3927
f 6277/3973 6286/3982 6278/3974
f 6278/3974 6286/3982 6287/3983
f 6287/3983 6288/3984 6289/3985
f 6289/3985 6288/3984 6280/3976
f 6280/3976 6290/3986 6284/3980
f 6285/3981 6291/3987 6234/3930
f 6292/3988 6293/3989 6294/3990
f 6277/3973 6295/3991 6286/3982
f 6286/3982 6288/3984 6287/3983
f 6288/3984 6296/3992 6280/3976
f 6280/3976 6296/3992 6297/3993
f 6280/3976 6297/3993 6290/3986
f 6290/3986 6297/3993 6291/3987
f 6291/3987 6298/3994 6234/3930
f 6299/3995 6300/3996 6301/3997
f 6302/3998 6298/3994 6291/3987
f 6297/3993 6302/3998 6291/3987
f 6234/3930 6298/3994 6236/3932
f 6295/3991 6303/3999 6286/3982
f 6286/3982 6303/3999 6288/3984
f 6288/3984 6303/3999 6304/4000
f 6288/3984 6304/4000 6296/3992
f 6296/3992 6302/3998 6297/3993
f 6298/3994 6305/4001 6236/3932
f 6305/4001 6306/4002 6236/3932
f 6236/3932 6306/4002 6307/4003
f 6236/3932 6307/4003 6240/3936
f 6307/4003 6308/4004 6240/3936
f 6240/3936 6308/4004 6242/3938
f 6242/3938 6309/4005 6299/3995
f 6309/4005 6310/4006 6300/3996
f 6299/3995 6309/4005 6300/3996
f 6296/3992 6304/4000 6311/4007
f 6296/3992 6311/4007 6302/3998
f 6302/3998 6311/4007 6298/3994
f 6311/4007 6305/4001 6298/3994
f 6311/4007 6312/4008 6305/4001
f 6305/4001 6312/4008 6313/4009
f 6305/4001 6307/4003 6306/4002
f 6305/4001 6313/4009 6307/4003
f 6307/4003 6313/4009 6308/4004
f 6313/4009 6314/4010 6308/4004
f 6308/4004 6315/4011 6242/3938
f 6242/3938 6315/4011 6309/4005
f 6316/4012 6317/4013 6318/4014
f 6319/4015 6320/4016 6321/4017
f 6314/4010 6322/4018 6308/4004
f 6322/4018 6315/4011 6308/4004
f 6315/4011 6323/4019 6309/4005
f 6322/4018 6324/4020 6315/4011
f 6315/4011 6324/4020 6323/4019
f 6323/4019 6325/4021 6326/4022
f 6322/4018 6327/4023 6324/4020
f 6245/3941 6244/3940 6328/4024
f 6329/4025 6330/4026 6331/4027
f 6247/3943 6332/4028 6248/3944
f 6112/3808 6333/4029 6113/3809
f 6113/3809 6334/4030 6114/3810
f 6335/4031 6336/4032 6337/4033
f 6338/4034 6339/4035 6340/4036
f 6341/4037 6342/4038 6343/4039
f 6340/4036 6344/4040 6345/4041
f 6346/4042 6347/4043 6348/4044
f 6346/4042 6349/4045 6347/4043
f 6349/4045 6350/4046 6351/4047
f 6352/4048 6353/4049 6354/4050
f 6355/4051 6356/4052 6251/3947
f 6357/4053 6358/4054 6352/4048
f 6251/3947 6356/4052 6359/4055
f 6251/3947 6360/4056 6252/3948
f 6254/3950 6361/4057 6362/4058
f 6257/3953 6256/3952 6363/4059
f 6257/3953 6363/4059 6258/3954
f 6085/3781 6174/3870 6173/3869
f 6254/3950 6364/4060 6361/4057
f 6254/3950 6259/3955 6365/4061
f 6254/3950 6365/4061 6364/4060
f 6220/3916 6366/4062 6175/3871
f 6175/3871 6366/4062 6119/3815
f 6259/3955 6263/3959 6365/4061
f 6263/3959 6265/3961 6365/4061
f 6365/4061 6265/3961 6367/4063
f 6367/4063 6265/3961 6266/3962
f 6367/4063 6266/3962 6368/4064
f 6119/3815 6366/4062 6262/3958
f 6121/3817 6369/4065 6271/3967
f 6370/4066 6371/4067 6372/4068
f 6373/4069 6374/4070 6176/3872
f 6177/3873 6375/4071 6178/3874
f 6376/4072 6377/4073 6378/4074
f 6379/4075 6380/4076 6381/4077
f 6379/4075 6381/4077 6382/4078
f 6379/4075 6382/4078 6377/4073
f 6379/4075 6377/4073 6383/4079
f 6384/4080 6385/4081 6386/4082
f 6387/4083 6388/4084 6380/4076
f 6380/4076 6388/4084 6381/4077
f 6389/4085 6293/3989 6390/4086
f 6391/4087 6282/3978 6392/4088
f 6393/4089 6394/4090 6395/4091
f 6293/3989 6292/3988 6390/4086
f 6396/4092 6294/3990 6293/3989
f 6293/3989 6397/4093 6396/4092
f 6301/3997 6398/4094 6399/4095
f 6396/4092 6400/4096 6294/3990
f 6300/3996 6401/4097 6301/3997
f 6301/3997 6401/4097 6398/4094
f 6294/3990 6400/4096 6402/4098
f 6300/3996 6310/4006 6401/4097
f 6398/4094 6403/4099 6399/4095
f 6404/4100 6405/4101 6406/4102
f 6295/3991 6407/4103 6303/3999
f 6399/4095 6403/4099 6408/4104
f 6405/4101 6409/4105 6406/4102
f 6405/4101 6410/4106 6409/4105
f 6303/3999 6411/4107 6304/4000
f 6304/4000 6411/4107 6311/4007
f 6311/4007 6411/4107 6412/4108
f 6409/4105 6413/4109 6414/4110
f 6413/4109 6415/4111 6414/4110
f 6311/4007 6412/4108 6312/4008
f 6414/4110 6415/4111 6416/4112
f 6414/4110 6416/4112 6417/4113
f 6417/4113 6418/4114 6419/4115
f 6417/4113 6419/4115 6420/4116
f 6421/4117 6422/4118 6423/4119
f 6421/4117 6423/4119 6424/4120
f 6401/4097 6425/4121 6398/4094
f 6398/4094 6425/4121 6403/4099
f 6403/4099 6426/4122 6408/4104
f 6408/4104 6426/4122 6427/4123
f 6428/4124 6429/4125 6316/4012
f 6428/4124 6430/4126 6429/4125
f 6428/4124 6316/4012 6431/4127
f 6431/4127 6318/4014 6432/4128
f 6318/4014 6433/4129 6432/4128
f 6423/4119 6434/4130 6424/4120
f 6424/4120 6434/4130 6435/4131
f 6401/4097 6310/4006 6425/4121
f 6436/4132 6437/4133 6429/4125
f 6429/4125 6437/4133 6317/4013
f 6429/4125 6317/4013 6316/4012
f 6438/4134 6439/4135 6440/4136
f 6438/4134 6440/4136 6441/4137
f 6442/4138 6443/4139 6436/4132
f 6436/4132 6443/4139 6444/4140
f 6436/4132 6444/4140 6437/4133
f 6445/4141 6446/4142 6319/4015
f 6447/4143 6448/4144 6446/4142
f 6319/4015 6446/4142 6320/4016
f 6446/4142 6449/4145 6320/4016
f 6446/4142 6448/4144 6449/4145
f 6320/4016 6449/4145 6450/4146
f 6320/4016 6450/4146 6451/4147
f 6440/4136 6452/4148 6441/4137
f 6441/4137 6452/4148 6453/4149
f 6441/4137 6453/4149 6454/4150
f 6453/4149 6455/4151 6454/4150
f 6456/4152 6457/4153 6435/4131
f 6434/4130 6456/4152 6435/4131
f 6458/4154 6459/4155 6314/4010
f 6427/4123 6426/4122 6460/4156
f 6461/4157 6462/4158 6463/4159
f 6461/4157 6464/4160 6442/4138
f 6442/4138 6464/4160 6443/4139
f 6443/4139 6465/4161 6444/4140
f 6466/4162 6467/4163 6468/4164
f 6467/4163 6446/4142 6445/4141
f 6468/4164 6467/4163 6445/4141
f 6467/4163 6469/4165 6446/4142
f 6469/4165 6447/4143 6446/4142
f 6449/4145 6448/4144 6470/4166
f 6449/4145 6471/4167 6450/4146
f 6449/4145 6470/4166 6471/4167
f 6450/4146 6471/4167 6472/4168
f 6450/4146 6472/4168 6473/4169
f 6473/4169 6472/4168 6474/4170
f 6453/4149 6475/4171 6455/4151
f 6456/4152 6476/4172 6457/4153
f 6459/4155 6322/4018 6314/4010
f 6477/4173 6465/4161 6443/4139
f 6464/4160 6477/4173 6443/4139
f 6466/4162 6478/4174 6467/4163
f 6478/4174 6479/4175 6467/4163
f 6479/4175 6469/4165 6467/4163
f 6471/4167 6470/4166 6480/4176
f 6475/4171 6481/4177 6455/4151
f 6482/4178 6483/4179 6484/4180
f 6485/4181 6486/4182 6487/4183
f 6485/4181 6487/4183 6461/4157
f 6461/4157 6487/4183 6464/4160
f 6487/4183 6477/4173 6464/4160
f 6488/4184 6489/4185 6466/4162
f 6466/4162 6489/4185 6478/4174
f 6489/4185 6479/4175 6478/4174
f 6471/4167 6480/4176 6490/4186
f 6472/4168 6471/4167 6491/4187
f 6472/4168 6491/4187 6474/4170
f 6471/4167 6490/4186 6491/4187
f 6474/4170 6491/4187 6492/4188
f 6475/4171 6493/4189 6481/4177
f 6455/4151 6481/4177 6494/4190
f 6459/4155 6495/4191 6322/4018
f 6326/4022 6425/4121 6310/4006
f 6485/4181 6496/4192 6486/4182
f 6497/4193 6498/4194 6488/4184
f 6488/4184 6498/4194 6489/4185
f 6498/4194 6499/4195 6489/4185
f 6494/4190 6481/4177 6495/4191
f 6500/4196 6501/4197 6502/4198
f 6497/4193 6503/4199 6498/4194
f 6503/4199 6499/4195 6498/4194
f 6492/4188 6491/4187 6504/4200
f 6492/4188 6504/4200 6505/4201
f 6493/4189 6506/4202 6481/4177
f 6481/4177 6507/4203 6495/4191
f 6495/4191 6507/4203 6322/4018
f 6403/4099 6508/4204 6426/4122
f 6509/4205 6510/4206 6497/4193
f 6511/4207 6503/4199 6510/4206
f 6481/4177 6506/4202 6507/4203
f 6507/4203 6327/4023 6322/4018
f 6326/4022 6512/4208 6508/4204
f 6326/4022 6508/4204 6425/4121
f 6425/4121 6508/4204 6403/4099
f 6513/4209 6501/4197 6500/4196
f 6496/4192 6514/4210 6486/4182
f 6504/4200 6515/4211 6505/4201
f 6496/4192 6516/4212 6514/4210
f 6509/4205 6517/4213 6510/4206
f 6517/4213 6511/4207 6510/4206
f 6507/4203 6506/4202 6518/4214
f 6507/4203 6518/4214 6327/4023
f 6519/4215 6520/4216 6501/4197
f 6513/4209 6519/4215 6501/4197
f 6521/4217 6522/4218 6523/4219
f 6524/4220 6525/4221 6512/4208
f 6426/4122 6526/4222 6460/4156
f 6519/4215 6527/4223 6520/4216
f 6522/4218 6528/4224 6523/4219
f 6522/4218 6529/4225 6528/4224
f 6523/4219 6528/4224 6530/4226
f 6518/4214 6531/4227 6532/4228
f 6518/4214 6532/4228 6327/4023
f 6512/4208 6525/4221 6508/4204
f 6508/4204 6533/4229 6426/4122
f 6534/4230 6519/4215 6513/4209
f 6516/4212 6535/4231 6514/4210
f 6516/4212 6536/4232 6537/4233
f 6516/4212 6537/4233 6535/4231
f 6534/4230 6538/4234 6519/4215
f 6519/4215 6538/4234 6527/4223
f 6525/4221 6539/4235 6540/4236
f 6525/4221 6540/4236 6508/4204
f 6533/4229 6541/4237 6426/4122
f 6426/4122 6541/4237 6526/4222
f 6537/4233 6542/4238 6535/4231
f 6538/4234 6543/4239 6527/4223
f 6331/4027 6330/4026 6544/4240
f 6508/4204 6540/4236 6533/4229
f 6542/4238 6545/4241 6535/4231
f 6546/4242 6547/4243 6534/4230
f 6534/4230 6547/4243 6538/4234
f 6547/4243 6543/4239 6538/4234
f 6539/4235 6548/4244 6540/4236
f 6540/4236 6549/4245 6533/4229
f 6533/4229 6549/4245 6541/4237
f 6550/4246 6551/4247 6546/4242
f 6542/4238 6552/4248 6545/4241
f 6542/4238 6553/4249 6552/4248
f 6546/4242 6551/4247 6547/4243
f 6540/4236 6554/4250 6549/4245
f 6550/4246 6555/4251 6551/4247
f 6552/4248 6556/4252 6557/4253
f 6555/4251 6558/4254 6551/4247
f 6551/4247 6558/4254 6547/4243
f 6558/4254 6559/4255 6547/4243
f 6554/4250 6560/4256 6549/4245
f 6560/4256 6561/4257 6549/4245
f 6561/4257 6562/4258 6541/4237
f 6549/4245 6561/4257 6541/4237
f 6541/4237 6563/4259 6526/4222
f 6550/4246 6564/4260 6555/4251
f 6557/4253 6565/4261 6552/4248
f 6555/4251 6564/4260 6558/4254
f 6560/4256 6566/4262 6561/4257
f 6541/4237 6562/4258 6563/4259
f 6550/4246 6567/4263 6564/4260
f 6564/4260 6568/4264 6558/4254
f 6566/4262 6569/4265 6561/4257
f 6570/4266 6571/4267 6572/4268
f 6569/4265 6573/4269 6561/4257
f 6574/4270 6575/4271 6565/4261
f 6564/4260 6576/4272 6568/4264
f 6577/4273 6578/4274 6579/4275
f 6570/4266 6580/4276 6571/4267
f 6569/4265 6581/4277 6573/4269
f 6565/4261 6575/4271 6582/4278
f 6576/4272 6583/4279 6568/4264
f 6575/4271 6584/4280 6582/4278
f 6564/4260 6585/4281 6576/4272
f 6561/4257 6573/4269 6562/4258
f 6585/4281 6586/4282 6576/4272
f 6576/4272 6586/4282 6587/4283
f 6576/4272 6587/4283 6583/4279
f 6587/4283 6588/4284 6583/4279
f 6573/4269 6589/4285 6562/4258
f 6590/4286 6591/4287 6592/4288
f 6593/4289 6594/4290 6571/4267
f 6590/4286 6592/4288 6595/4291
f 6587/4283 6586/4282 6596/4292
f 6587/4283 6596/4292 6588/4284
f 6581/4277 6597/4293 6589/4285
f 6581/4277 6589/4285 6573/4269
f 6586/4282 6598/4294 6596/4292
f 6598/4294 6599/4295 6596/4292
f 6588/4284 6596/4292 6600/4296
f 6589/4285 6601/4297 6562/4258
f 6562/4258 6602/4298 6563/4259
f 6595/4291 6603/4299 6604/4300
f 6605/4301 6606/4302 6597/4293
f 6597/4293 6606/4302 6589/4285
f 6596/4292 6599/4295 6607/4303
f 6596/4292 6607/4303 6600/4296
f 6603/4299 6608/4304 6604/4300
f 6609/4305 6610/4306 6611/4307
f 6612/4308 6606/4302 6605/4301
f 6604/4300 6608/4304 6613/4309
f 6599/4295 6614/4310 6607/4303
f 6609/4305 6611/4307 6339/4035
f 6612/4308 6615/4311 6606/4302
f 6607/4303 6614/4310 6616/4312
f 6607/4303 6616/4312 6600/4296
f 6600/4296 6616/4312 6617/4313
f 6618/4314 6619/4315 6620/4316
f 6611/4307 6340/4036 6339/4035
f 6615/4311 6621/4317 6606/4302
f 6608/4304 6622/4318 6613/4309
f 6611/4307 6344/4040 6340/4036
f 6606/4302 6623/4319 6589/4285
f 6613/4309 6622/4318 6624/4320
f 6614/4310 6625/4321 6616/4312
f 6616/4312 6626/4322 6617/4313
f 6618/4314 6627/4323 6628/4324
f 6344/4040 6611/4307 6629/4325
f 6621/4317 6623/4319 6606/4302
f 6622/4318 6630/4326 6624/4320
f 6631/4327 6627/4323 6618/4314
f 6632/4328 6631/4327 6618/4314
f 6344/4040 6629/4325 6633/4329
f 6616/4312 6625/4321 6634/4330
f 6616/4312 6634/4330 6626/4322
f 6635/4331 6636/4332 6637/4333
f 6601/4297 6638/4334 6639/4335
f 6601/4297 6639/4335 6562/4258
f 6562/4258 6639/4335 6602/4298
f 6626/4322 6634/4330 6640/4336
f 6641/4337 6631/4327 6632/4328
f 6631/4327 6642/4338 6627/4323
f 6589/4285 6623/4319 6601/4297
f 6624/4320 6630/4326 6643/4339
f 6625/4321 6644/4340 6634/4330
f 6630/4326 6645/4341 6643/4339
f 6640/4336 6634/4330 6646/4342
f 6640/4336 6646/4342 6647/4343
f 6648/4344 6641/4337 6632/4328
f 6641/4337 6642/4338 6631/4327
f 6633/4329 6629/4325 6649/4345
f 6621/4317 6650/4346 6623/4319
f 6634/4330 6644/4340 6646/4342
f 6647/4343 6646/4342 6651/4347
f 6641/4337 6652/4348 6642/4338
f 6633/4329 6649/4345 6653/4349
f 6644/4340 6654/4350 6646/4342
f 6646/4342 6654/4350 6655/4351
f 6646/4342 6655/4351 6651/4347
f 6655/4351 6656/4352 6651/4347
f 6657/4353 6658/4354 6648/4344
f 6648/4344 6658/4354 6641/4337
f 6641/4337 6658/4354 6652/4348
f 6659/4355 6660/4356 6661/4357
f 6650/4346 6354/4050 6662/4358
f 6650/4346 6662/4358 6623/4319
f 6623/4319 6638/4334 6601/4297
f 6654/4350 6663/4359 6655/4351
f 6655/4351 6663/4359 6664/4360
f 6656/4352 6655/4351 6665/4361
f 6655/4351 6664/4360 6665/4361
f 6656/4352 6665/4361 6657/4353
f 6666/4362 6667/4363 6665/4361
f 6665/4361 6658/4354 6657/4353
f 6665/4361 6667/4363 6658/4354
f 6665/4361 6664/4360 6666/4362
f 6653/4349 6668/4364 6669/4365
f 6354/4050 6353/4049 6662/4358
f 6623/4319 6662/4358 6638/4334
f 6668/4364 6670/4366 6669/4365
f 6638/4334 6671/4367 6639/4335
f 6670/4366 6672/4368 6669/4365
f 6353/4049 6673/4369 6662/4358
f 6662/4358 6673/4369 6674/4370
f 6662/4358 6674/4370 6638/4334
f 6638/4334 6674/4370 6671/4367
f 6675/4371 6676/4372 6677/4373
f 6677/4373 6676/4372 6678/4374
f 6353/4049 6358/4054 6673/4369
f 6679/4375 6680/4376 6676/4372
f 6675/4371 6679/4375 6676/4372
f 6676/4372 6680/4376 6681/4377
f 6676/4372 6681/4377 6682/4378
f 6681/4377 6683/4379 6682/4378
f 6684/4380 6685/4381 6686/4382
f 6358/4054 6687/4383 6673/4369
f 6673/4369 6687/4383 6674/4370
f 6361/4057 6364/4060 6688/4384
f 6364/4060 6365/4061 6689/4385
f 6689/4385 6367/4063 6690/4386
f 6365/4061 6367/4063 6689/4385
f 6367/4063 6368/4064 6690/4386
f 6691/4387 6692/4388 6693/4389
f 6694/4390 6692/4388 6691/4387
f 6695/4391 6696/4392 6697/4393
f 6695/4391 6697/4393 6698/4394
f 6699/4395 6700/4396 6385/4081
f 6385/4081 6700/4396 6386/4082
f 6389/4085 6701/4397 6397/4093
f 6400/4096 6702/4398 6402/4098
f 6404/4100 6703/4399 6405/4101
f 6405/4101 6703/4399 6410/4106
f 6410/4106 6704/4400 6409/4105
f 6410/4106 6705/4401 6704/4400
f 6409/4105 6704/4400 6413/4109
f 6413/4109 6706/4402 6415/4111
f 6415/4111 6706/4402 6416/4112
f 6706/4402 6707/4403 6416/4112
f 6416/4112 6707/4403 6417/4113
f 6417/4113 6707/4403 6418/4114
f 6707/4403 6708/4404 6418/4114
f 6418/4114 6708/4404 6709/4405
f 6418/4114 6709/4405 6710/4406
f 6709/4405 6711/4407 6710/4406
f 6712/4408 6713/4409 6714/4410
f 6715/4411 6716/4412 6717/4413
f 6714/4410 6718/4414 6712/4408
f 6719/4415 6720/4416 6721/4417
f 6721/4417 6720/4416 6722/4418
f 6723/4419 6724/4420 6725/4421
f 6718/4414 6726/4422 6727/4423
f 6728/4424 6729/4425 6719/4415
f 6725/4421 6730/4426 6731/4427
f 6732/4428 6729/4425 6728/4424
f 6733/4429 6732/4428 6728/4424
f 6489/4185 6734/4430 6479/4175
f 6735/4431 6736/4432 6737/4433
f 6499/4195 6734/4430 6489/4185
f 6736/4432 6738/4434 6737/4433
f 6496/4192 6739/4435 6740/4436
f 6503/4199 6741/4437 6499/4195
f 6490/4186 6742/4438 6491/4187
f 6511/4207 6741/4437 6503/4199
f 6743/4439 6744/4440 6745/4441
f 6746/4442 6747/4443 6748/4444
f 6496/4192 6740/4436 6749/4445
f 6496/4192 6749/4445 6516/4212
f 6744/4440 6750/4446 6522/4218
f 6744/4440 6743/4439 6750/4446
f 6522/4218 6750/4446 6529/4225
f 6751/4447 6752/4448 6753/4449
f 6754/4450 6755/4451 6756/4452
f 6529/4225 6757/4453 6528/4224
f 6528/4224 6757/4453 6758/4454
f 6536/4232 6542/4238 6537/4233
f 6528/4224 6758/4454 6530/4226
f 6758/4454 6759/4455 6530/4226
f 6330/4026 6760/4456 6544/4240
f 6761/4457 6542/4238 6536/4232
f 6761/4457 6553/4249 6542/4238
f 6544/4240 6760/4456 6762/4458
f 6553/4249 6556/4252 6552/4248
f 6553/4249 6763/4459 6556/4252
f 6764/4460 6765/4461 6766/4462
f 6767/4463 6768/4464 6769/4465
f 6556/4252 6770/4466 6557/4253
f 6557/4253 6574/4270 6565/4261
f 6557/4253 6770/4466 6574/4270
f 6771/4467 6772/4468 6773/4469
f 6774/4470 6568/4264 6775/4471
f 6775/4471 6583/4279 6776/4472
f 6777/4473 6778/4474 6779/4475
f 6773/4469 6772/4468 6780/4476
f 6777/4473 6779/4475 6591/4287
f 6591/4287 6779/4475 6781/4477
f 6591/4287 6781/4477 6592/4288
f 6588/4284 6782/4478 6783/4479
f 6780/4476 6784/4480 6785/4481
f 6786/4482 6787/4483 6788/4484
f 6592/4288 6781/4477 6595/4291
f 6595/4291 6781/4477 6789/4485
f 6600/4296 6790/4486 6782/4478
f 6595/4291 6789/4485 6791/4487
f 6792/4488 6793/4489 6794/4490
f 6794/4490 6793/4489 6795/4491
f 6796/4492 6797/4493 6798/4494
f 6595/4291 6791/4487 6603/4299
f 6792/4488 6794/4490 6799/4495
f 6800/4496 6801/4497 6802/4498
f 6800/4496 6802/4498 6803/4499
f 6603/4299 6791/4487 6608/4304
f 6790/4486 6600/4296 6804/4500
f 6618/4314 6793/4489 6792/4488
f 6619/4315 6618/4314 6792/4488
f 6791/4487 6805/4501 6608/4304
f 6806/4502 6807/4503 6808/4504
f 6618/4314 6628/4324 6793/4489
f 6800/4496 6809/4505 6810/4506
f 6800/4496 6810/4506 6801/4497
f 6608/4304 6805/4501 6811/4507
f 6608/4304 6811/4507 6622/4318
f 6809/4505 6637/4333 6812/4508
f 6809/4505 6812/4508 6810/4506
f 6801/4497 6813/4509 6802/4498
f 6801/4497 6814/4510 6813/4509
f 6622/4318 6811/4507 6815/4511
f 6816/4512 6817/4513 6818/4514
f 6819/4515 6632/4328 6820/4516
f 6637/4333 6636/4332 6821/4517
f 6636/4332 6822/4518 6821/4517
f 6637/4333 6821/4517 6812/4508
f 6622/4318 6815/4511 6630/4326
f 6814/4510 6823/4519 6813/4509
f 6815/4511 6645/4341 6630/4326
f 6635/4331 6824/4520 6825/4521
f 6635/4331 6825/4521 6636/4332
f 6826/4522 6827/4523 6828/4524
f 6813/4509 6823/4519 6829/4525
f 6645/4341 6830/4526 6643/4339
f 6635/4331 6661/4357 6824/4520
f 6661/4357 6831/4527 6832/4528
f 6833/4529 6827/4523 6826/4522
f 6830/4526 6834/4530 6643/4339
f 6830/4526 6835/4531 6834/4530
f 6834/4530 6835/4531 6836/4532
f 6837/4533 6838/4534 6839/4535
f 6660/4356 6831/4527 6661/4357
f 6654/4350 6840/4536 6663/4359
f 6667/4363 6841/4537 6658/4354
f 6659/4355 6842/4538 6660/4356
f 6843/4539 6653/4349 6649/4345
f 6664/4360 6663/4359 6666/4362
f 6844/4540 6845/4541 6846/4542
f 6846/4542 6842/4538 6844/4540
f 6666/4362 6841/4537 6667/4363
f 6843/4539 6668/4364 6653/4349
f 6668/4364 6843/4539 6670/4366
f 6847/4543 6848/4544 6849/4545
f 6850/4546 6851/4547 6852/4548
f 6853/4549 6854/4550 6855/4551
f 6853/4549 6855/4551 6849/4545
f 6677/4373 6678/4374 6856/4552
f 6856/4552 6678/4374 6857/4553
f 6858/4554 6859/4555 6855/4551
f 6854/4550 6858/4554 6855/4551
f 6678/4374 6682/4378 6860/4556
f 6678/4374 6860/4556 6857/4553
f 6860/4556 6686/4382 6861/4557
f 6857/4553 6860/4556 6861/4557
f 6861/4557 6686/4382 6685/4381
f 6674/4370 6687/4383 6862/4558
f 6674/4370 6862/4558 6671/4367
f 6862/4558 6863/4559 6671/4367
f 6864/4560 6865/4561 6866/4562
f 6867/4563 6868/4564 6869/4565
f 6869/4565 6868/4564 6870/4566
f 6680/4376 6871/4567 6681/4377
f 6681/4377 6871/4567 6683/4379
f 6682/4378 6683/4379 6872/4568
f 6682/4378 6872/4568 6860/4556
f 6860/4556 6872/4568 6873/4569
f 6860/4556 6873/4569 6686/4382
f 6868/4564 6874/4570 6870/4566
f 6870/4566 6874/4570 6875/4571
f 6874/4570 6868/4564 6876/4572
f 6874/4570 6877/4573 6875/4571
f 6875/4571 6877/4573 6878/4574
f 6878/4574 6877/4573 6879/4575
f 6877/4573 6880/4576 6879/4575
f 6877/4573 6881/4577 6880/4576
f 6879/4575 6880/4576 6882/4578
f 6880/4576 6883/4579 6882/4578
f 6883/4579 6884/4580 6885/4581
f 6363/4059 6886/4582 6258/3954
f 6258/3954 6887/4583 5942/3638
f 5942/3638 6887/4583 6888/4584
f 5942/3638 6888/4584 6174/3870
f 6174/3870 6888/4584 6173/3869
f 6889/4585 6890/4586 6891/4587
f 6889/4585 6891/4587 6892/4588
f 6369/4065 6893/4589 6271/3967
f 6894/4590 6895/4591 6896/4592
f 6397/4093 6897/4593 6396/4092
f 6396/4092 6897/4593 6400/4096
f 6400/4096 6897/4593 6702/4398
f 6703/4399 6898/4594 6410/4106
f 6898/4594 6899/4595 6410/4106
f 6410/4106 6899/4595 6705/4401
f 6705/4401 6899/4595 6900/4596
f 6705/4401 6900/4596 6901/4597
f 6901/4597 6900/4596 6707/4403
f 6902/4598 6903/4599 6707/4403
f 6707/4403 6903/4599 6708/4404
f 6904/4600 6713/4409 6712/4408
f 6713/4409 6905/4601 6714/4410
f 6718/4414 6906/4602 6907/4603
f 6908/4604 6909/4605 6910/4606
f 6911/4607 6912/4608 6722/4418
f 6732/4428 6908/4604 6729/4425
f 6913/4609 6912/4608 6914/4610
f 6726/4422 6907/4603 6915/4611
f 6916/4612 6917/4613 6918/4614
f 6919/4615 6920/4616 6921/4617
f 6922/4618 6923/4619 6924/4620
f 6741/4437 6925/4621 6499/4195
f 6926/4622 6927/4623 6752/4448
f 6928/4624 6929/4625 6930/4626
f 6928/4624 6931/4627 6929/4625
f 6752/4448 6932/4628 6753/4449
f 6933/4629 6934/4630 6931/4627
f 6935/4631 6936/4632 6937/4633
f 6753/4449 6932/4628 6938/4634
f 6933/4629 6939/4635 6934/4630
f 6937/4633 6936/4632 6940/4636
f 6937/4633 6940/4636 6941/4637
f 6753/4449 6938/4634 6942/4638
f 6757/4453 6943/4639 6758/4454
f 6758/4454 6943/4639 6759/4455
f 6942/4638 6944/4640 6945/4641
f 6946/4642 6947/4643 6948/4644
f 6759/4455 6949/4645 6950/4646
f 6945/4641 6944/4640 6951/4647
f 6949/4645 6952/4648 6950/4646
f 6950/4646 6952/4648 6953/4649
f 6953/4649 6954/4650 6955/4651
f 6763/4459 6956/4652 6556/4252
f 6955/4651 6954/4650 6957/4653
f 6957/4653 6958/4654 6771/4467
f 6556/4252 6956/4652 6770/4466
f 6959/4655 6960/4656 6961/4657
f 6771/4467 6958/4654 6772/4468
f 6770/4466 6962/4658 6574/4270
f 6963/4659 6964/4660 6965/4661
f 6772/4468 6966/4662 6967/4663
f 6965/4661 6964/4660 6968/4664
f 6965/4661 6968/4664 6969/4665
f 6969/4665 6968/4664 6970/4666
f 6967/4663 6780/4476 6772/4468
f 6969/4665 6970/4666 6971/4667
f 6780/4476 6967/4663 6784/4480
f 6971/4667 6970/4666 6972/4668
f 6784/4480 6973/4669 6974/4670
f 6975/4671 6976/4672 6795/4491
f 6794/4490 6977/4673 6799/4495
f 6978/4674 6979/4675 6806/4502
f 6807/4503 6980/4676 6981/4677
f 6810/4506 6812/4508 6801/4497
f 6801/4497 6812/4508 6814/4510
f 6982/4678 6983/4679 6984/4680
f 6985/4681 6986/4682 6987/4683
f 6980/4676 6988/4684 6989/4685
f 6990/4686 6991/4687 6821/4517
f 6822/4518 6990/4686 6821/4517
f 6992/4688 6993/4689 6994/4690
f 6821/4517 6991/4687 6812/4508
f 6812/4508 6991/4687 6814/4510
f 6985/4681 6987/4683 6995/4691
f 6987/4683 6996/4692 6995/4691
f 6997/4693 6998/4694 6999/4695
f 6814/4510 6991/4687 6823/4519
f 6995/4691 6996/4692 7000/4696
f 6995/4691 7000/4696 7001/4697
f 7001/4697 7000/4696 7002/4698
f 7003/4699 7004/4700 6999/4695
f 7005/4701 6991/4687 6990/4686
f 6991/4687 7006/4702 6823/4519
f 6831/4527 6660/4356 7007/4703
f 7005/4701 7006/4702 6991/4687
f 6836/4532 7008/4704 6834/4530
f 7009/4705 7010/4706 7011/4707
f 6842/4538 7012/4708 7007/4703
f 6842/4538 7007/4703 6660/4356
f 7009/4705 7011/4707 7013/4709
f 7013/4709 7011/4707 7014/4710
f 6842/4538 6846/4542 7015/4711
f 6842/4538 7015/4711 7012/4708
f 7012/4708 7016/4712 7007/4703
f 7007/4703 7016/4712 6831/4527
f 7016/4712 7017/4713 7005/4701
f 6831/4527 7016/4712 7005/4701
f 7005/4701 7017/4713 7006/4702
f 7006/4702 7018/4714 6823/4519
f 7017/4713 7019/4715 7006/4702
f 7006/4702 7019/4715 7018/4714
f 6853/4549 7020/4716 6854/4550
f 7021/4717 7022/4718 7023/4719
f 7023/4719 7024/4720 7017/4713
f 7017/4713 7024/4720 7025/4721
f 7017/4713 7025/4721 7019/4715
f 7020/4716 7026/4722 6854/4550
f 7026/4722 6858/4554 6854/4550
f 7026/4722 7027/4723 6858/4554
f 6867/4563 7028/4724 6868/4564
f 6868/4564 7028/4724 7029/4725
f 6868/4564 7029/4725 6876/4572
f 6876/4572 7030/4726 6874/4570
f 6874/4570 7030/4726 6877/4573
f 6877/4573 7030/4726 6881/4577
f 6881/4577 7031/4727 6880/4576
f 7031/4727 6881/4577 7032/4728
f 7031/4727 6884/4580 6883/4579
f 6880/4576 7031/4727 6883/4579
f 7031/4727 7032/4728 6884/4580
f 6885/4581 6884/4580 7033/4729
f 6886/4582 6887/4583 6258/3954
f 6888/4584 6887/4583 7034/4730
f 7035/4731 7036/4732 7037/4733
f 6397/4093 7038/4734 6897/4593
f 7039/4735 7040/4736 7041/4737
f 7042/4738 7039/4735 7041/4737
f 7041/4737 7040/4736 7043/4739
f 7044/4740 7045/4741 7046/4742
f 7047/4743 7044/4740 7046/4742
f 6903/4599 7048/4744 6708/4404
f 7049/4745 7050/4746 7051/4747
f 6752/4448 6927/4623 6932/4628
f 7052/4748 6936/4632 6935/4631
f 6942/4638 6938/4634 7053/4749
f 6941/4637 7054/4750 7055/4751
f 6941/4637 6940/4636 7054/4750
f 7054/4750 7056/4752 7055/4751
f 7055/4751 7056/4752 7057/4753
f 6943/4639 7058/4754 6759/4455
f 7059/4755 6949/4645 6759/4455
f 7058/4754 7059/4755 6759/4455
f 7056/4752 7060/4756 7061/4757
f 7057/4753 7056/4752 7061/4757
f 7062/4758 7063/4759 7064/4760
f 7059/4755 6952/4648 6949/4645
f 7061/4757 7060/4756 7065/4761
f 6952/4648 6954/4650 6953/4649
f 7063/4759 7066/4762 6960/4656
f 7066/4762 7067/4763 6960/4656
f 6954/4650 6958/4654 6957/4653
f 6960/4656 7067/4763 7068/4764
f 7067/4763 7069/4765 7068/4764
f 6958/4654 6966/4662 6772/4468
f 7070/4766 7071/4767 7072/4768
f 7073/4769 7074/4770 7075/4771
f 6966/4662 7076/4772 6967/4663
f 7076/4772 7077/4773 6967/4663
f 7077/4773 6973/4669 6967/4663
f 7077/4773 7078/4774 6973/4669
f 6973/4669 6784/4480 6967/4663
f 7079/4775 6974/4670 7078/4774
f 7079/4775 7078/4774 7080/4776
f 7078/4774 6974/4670 6973/4669
f 7081/4777 7082/4778 7083/4779
f 7079/4775 7080/4776 7084/4780
f 7079/4775 7084/4780 7085/4781
f 6978/4674 7086/4782 6979/4675
f 7087/4783 7088/4784 7089/4785
f 7090/4786 6998/4694 6997/4693
f 7089/4785 7091/4787 7092/4788
f 7003/4699 6999/4695 6998/4694
f 7093/4789 7003/4699 6998/4694
f 7094/4790 7095/4791 7096/4792
f 7096/4792 7095/4791 7097/4793
f 7014/4710 7098/4794 7099/4795
f 7015/4711 7100/4796 7012/4708
f 7099/4795 7098/4794 7101/4797
f 7102/4798 7103/4799 7012/4708
f 7100/4796 7102/4798 7012/4708
f 7012/4708 7103/4799 7016/4712
f 7103/4799 7017/4713 7016/4712
f 7104/4800 7105/4801 7106/4802
f 7028/4724 7107/4803 7029/4725
f 6876/4572 7029/4725 7108/4804
f 6876/4572 7108/4804 7030/4726
f 7030/4726 7108/4804 6881/4577
f 6881/4577 7108/4804 7032/4728
f 7032/4728 7109/4805 6884/4580
f 6884/4580 7109/4805 7033/4729
f 7033/4729 7109/4805 7110/4806
f 7033/4729 7110/4806 6886/4582
f 7110/4806 7111/4807 6886/4582
f 6886/4582 7111/4807 6887/4583
f 7111/4807 7034/4730 6887/4583
f 7112/4808 7113/4809 7114/4810
f 7115/4811 7112/4808 7116/4812
f 7115/4811 7116/4812 7117/4813
f 7117/4813 7116/4812 7118/4814
f 7117/4813 7118/4814 7119/4815
f 6701/4397 7120/4816 7038/4734
f 7120/4816 7121/4817 7038/4734
f 7122/4818 7123/4819 7124/4820
f 7122/4818 7124/4820 7125/4821
f 7038/4734 7121/4817 6897/4593
f 7123/4819 7126/4822 7127/4823
f 6897/4593 7121/4817 7128/4824
f 7129/4825 7130/4826 7131/4827
f 7129/4825 7131/4827 7126/4822
f 7039/4735 7132/4828 7040/4736
f 7040/4736 7132/4828 7133/4829
f 7043/4739 7040/4736 7134/4830
f 7134/4830 7040/4736 7135/4831
f 7136/4832 7137/4833 7138/4834
f 7139/4835 7140/4836 7141/4837
f 7142/4838 7139/4835 7141/4837
f 7141/4837 7140/4836 7143/4839
f 7140/4836 7144/4840 7143/4839
f 7145/4841 7146/4842 7147/4843
f 7147/4843 7148/4844 7139/4835
f 7145/4841 7147/4843 7139/4835
f 7139/4835 7148/4844 7140/4836
f 7149/4845 7150/4846 7147/4843
f 7147/4843 7150/4846 7148/4844
f 7151/4847 7152/4848 7153/4849
f 7154/4850 7155/4851 7156/4852
f 7156/4852 7155/4851 7150/4846
f 7156/4852 7150/4846 7149/4845
f 7157/4853 7158/4854 7154/4850
f 7159/4855 7160/4856 7161/4857
f 7154/4850 7162/4858 7157/4853
f 7158/4854 7163/4859 7155/4851
f 7154/4850 7158/4854 7155/4851
f 7155/4851 7163/4859 7150/4846
f 7164/4860 7165/4861 7166/4862
f 7158/4854 7167/4863 7163/4859
f 7168/4864 7164/4860 7166/4862
f 7169/4865 7170/4866 7171/4867
f 7172/4868 7173/4869 7174/4870
f 7175/4871 7170/4866 7169/4865
f 7173/4869 7176/4872 7174/4870
f 7177/4873 7178/4874 7175/4871
f 7175/4871 7178/4874 7170/4866
f 7179/4875 7180/4876 7181/4877
f 7177/4873 7182/4878 7178/4874
f 7182/4878 7183/4879 7178/4874
f 7182/4878 7184/4880 7183/4879
f 7184/4880 7185/4881 7183/4879
f 7054/4750 7186/4882 7187/4883
f 7188/4884 7189/4885 7190/4886
f 7184/4880 7191/4887 7185/4881
f 7054/4750 7187/4883 7056/4752
f 7189/4885 7192/4888 7190/4886
f 7191/4887 7193/4889 7185/4881
f 7056/4752 7187/4883 7060/4756
f 7191/4887 7194/4890 7193/4889
f 7194/4890 7195/4891 7193/4889
f 7060/4756 7196/4892 7065/4761
f 7063/4759 7197/4893 7066/4762
f 7194/4890 7198/4894 7195/4891
f 7065/4761 7196/4892 7199/4895
f 7065/4761 7199/4895 7200/4896
f 7198/4894 7201/4897 7195/4891
f 7066/4762 7202/4898 7067/4763
f 7200/4896 7199/4895 7203/4899
f 7203/4899 7199/4895 7204/4900
f 7198/4894 7205/4901 7206/4902
f 7198/4894 7206/4902 7201/4897
f 7207/4903 7208/4904 7209/4905
f 7198/4894 7210/4906 7205/4901
f 7070/4766 7211/4907 7071/4767
f 7209/4905 7208/4904 7212/4908
f 7072/4768 7071/4767 7213/4909
f 7214/4910 7215/4911 7216/4912
f 7205/4901 7217/4913 7206/4902
f 7205/4901 7218/4914 7217/4913
f 7219/4915 7220/4916 7221/4917
f 7219/4915 7221/4917 7222/4918
f 7219/4915 7223/4919 7220/4916
f 7218/4914 7224/4920 7217/4913
f 7217/4913 7224/4920 7225/4921
f 7226/4922 7076/4772 6966/4662
f 7227/4923 7228/4924 7229/4925
f 7221/4917 7230/4926 7231/4927
f 7221/4917 7220/4916 7230/4926
f 7224/4920 7232/4928 7225/4921
f 7230/4926 7233/4929 7231/4927
f 7234/4930 7235/4931 7236/4932
f 7229/4925 7237/4933 7238/4934
f 7237/4933 7239/4935 7238/4934
f 7233/4929 7230/4926 7240/4936
f 7240/4936 7241/4937 7233/4929
f 7242/4938 7243/4939 7244/4940
f 7239/4935 7245/4941 7246/4942
f 7238/4934 7239/4935 7246/4942
f 7243/4939 7247/4943 7244/4940
f 7241/4937 7082/4778 7081/4777
f 7241/4937 7240/4936 7248/4944
f 7241/4937 7248/4944 7082/4778
f 7247/4943 7249/4945 7250/4946
f 7245/4941 7251/4947 7252/4948
f 7246/4942 7245/4941 7252/4948
f 7082/4778 7248/4944 7083/4779
f 7249/4945 7253/4949 7254/4950
f 7252/4948 7251/4947 7255/4951
f 7083/4779 7248/4944 7256/4952
f 7083/4779 7256/4952 7257/4953
f 7253/4949 7258/4954 7254/4950
f 7086/4782 7259/4955 6979/4675
f 7257/4953 7256/4952 7260/4956
f 7257/4953 7260/4956 7261/4957
f 7262/4958 7263/4959 7264/4960
f 7265/4961 7266/4962 7263/4959
f 7260/4956 7267/4963 7261/4957
f 7261/4957 7267/4963 7268/4964
f 7266/4962 7265/4961 7269/4965
f 7270/4966 7271/4967 7272/4968
f 7268/4964 7267/4963 7273/4969
f 7274/4970 7275/4971 7276/4972
f 7276/4972 7275/4971 7277/4973
f 7276/4972 7277/4973 7278/4974
f 7271/4967 7279/4975 7272/4968
f 7272/4968 7279/4975 7280/4976
f 7279/4975 7281/4977 7280/4976
f 7277/4973 7282/4978 7283/4979
f 7278/4974 7277/4973 7283/4979
f 7277/4973 7284/4980 7282/4978
f 7282/4978 7284/4980 7285/4981
f 7286/4982 7287/4983 7281/4977
f 7287/4983 7288/4984 7281/4977
f 7285/4981 7284/4980 7289/4985
f 7287/4983 7290/4986 7291/4987
f 7288/4984 7287/4983 7291/4987
f 7097/4793 7292/4988 7293/4989
f 7290/4986 7294/4990 7291/4987
f 7291/4987 7294/4990 7295/4991
f 7296/4992 7297/4993 7298/4994
f 7299/4995 7300/4996 7301/4997
f 7302/4998 7303/4999 7028/4724
f 7107/4803 7304/5000 7029/4725
f 7029/4725 7304/5000 7108/4804
f 7108/4804 7304/5000 7305/5001
f 7108/4804 7305/5001 7306/5002
f 7108/4804 7306/5002 7032/4728
f 7032/4728 7306/5002 7307/5003
f 7032/4728 7307/5003 7109/4805
f 7109/4805 7307/5003 7110/4806
f 7110/4806 7308/5004 7111/4807
f 7308/5004 7309/5005 7111/4807
f 7111/4807 7309/5005 7034/4730
f 7309/5005 7310/5006 7034/4730
f 7311/5007 7312/5008 7113/4809
f 7113/4809 7312/5008 7114/4810
f 7112/4808 7114/4810 7116/4812
f 7116/4812 7313/5009 7118/4814
f 7118/4814 7313/5009 7314/5010
f 7118/4814 7314/5010 7119/4815
f 7124/4820 7315/5011 7125/4821
f 7125/4821 7315/5011 7316/5012
f 7123/4819 7127/4823 7124/4820
f 7317/5013 7318/5014 7319/5015
f 7131/4827 7317/5013 7319/5015
f 7319/5015 7318/5014 7127/4823
f 7319/5015 7127/4823 7126/4822
f 7135/4831 7320/5016 7130/4826
f 7130/4826 7320/5016 7131/4827
f 7321/5017 7322/5018 7323/5019
f 7321/5017 7323/5019 7324/5020
f 7321/5017 7324/5020 7325/5021
f 7324/5020 7326/5022 7325/5021
f 7325/5021 7326/5022 7327/5023
f 7328/5024 7329/5025 7323/5019
f 7329/5025 7330/5026 7323/5019
f 7323/5019 7330/5026 7324/5020
f 7331/5027 7332/5028 7333/5029
f 7334/5030 7335/5031 7336/5032
f 7333/5029 7332/5028 7337/5033
f 7332/5028 7338/5034 7337/5033
f 7336/5032 7335/5031 7339/5035
f 7338/5034 7340/5036 7337/5033
f 7341/5037 7141/4837 7328/5024
f 7328/5024 7141/4837 7143/4839
f 7328/5024 7143/4839 7342/5038
f 7328/5024 7342/5038 7329/5025
f 7342/5038 7343/5039 7329/5025
f 7329/5025 7343/5039 7330/5026
f 7330/5026 7343/5039 7344/5040
f 7345/5041 7334/5030 7346/5042
f 7347/5043 7345/5041 7346/5042
f 7330/5026 7344/5040 7348/5044
f 7143/4839 7144/4840 7342/5038
f 7342/5038 7144/4840 7343/5039
f 7349/5045 7345/5041 7347/5043
f 7350/5046 7349/5045 7347/5043
f 7140/4836 7148/4844 7144/4840
f 7351/5047 7349/5045 7350/5046
f 7153/4849 7351/5047 7350/5046
f 7153/4849 7152/4848 7351/5047
f 7352/5048 7353/5049 7165/4861
f 7151/4847 7354/5050 7152/4848
f 7354/5050 7355/5051 7152/4848
f 7164/4860 7352/5048 7165/4861
f 7356/5052 7357/5053 7358/5054
f 7357/5053 7359/5055 7358/5054
f 7357/5053 7360/5056 7359/5055
f 7360/5056 7179/4875 7359/5055
f 7360/5056 7361/5057 7179/4875
f 7179/4875 7361/5057 7180/4876
f 7362/5058 7363/5059 7364/5060
f 7181/4877 7180/4876 7365/5061
f 7181/4877 7365/5061 7188/4884
f 7188/4884 7365/5061 7189/4885
f 7189/4885 7366/5062 7192/4888
f 7366/5062 7197/4893 7063/4759
f 7192/4888 7366/5062 7063/4759
f 7367/5063 7368/5064 7369/5065
f 2306/2 7370/5066 7371/5067
f 7066/4762 7197/4893 7202/4898
f 2306/2 7371/5067 2307/3
f 7372/5068 7373/5069 7374/5070
f 7375/5071 7376/5072 7377/5073
f 7211/4907 7378/5074 7379/5075
f 7211/4907 7379/5075 7071/4767
f 7377/5073 7376/5072 7380/5076
f 7377/5073 7380/5076 7234/4930
f 7380/5076 7235/4931 7234/4930
f 7381/5077 7382/5078 7383/5079
f 7236/4932 7235/4931 7384/5080
f 7236/4932 7384/5080 7385/5081
f 7385/5081 7384/5080 7386/5082
f 7385/5081 7386/5082 7387/5083
f 7387/5083 7386/5082 7388/5084
f 7389/5085 7390/5086 7275/4971
f 7275/4971 7391/5087 7277/4973
f 7277/4973 7391/5087 7284/4980
f 7284/4980 7391/5087 7392/5088
f 7392/5088 7393/5089 7284/4980
f 7284/4980 7393/5089 7289/4985
f 7291/4987 7394/5090 7395/5091
f 7395/5091 7394/5090 7396/5092
f 7285/4981 7289/4985 7397/5093
f 7293/4989 7292/4988 7398/5094
f 7394/5090 7295/4991 7399/5095
f 7399/5095 7400/5096 7394/5090
f 7300/4996 7401/5097 7402/5098
f 7398/5094 7403/5099 7293/4989
f 7403/5099 7398/5094 7404/5100
f 7403/5099 7404/5100 7405/5101
f 7405/5101 7404/5100 7299/4995
f 7299/4995 7404/5100 7406/5102
f 7299/4995 7406/5102 7300/4996
f 7407/5103 7408/5104 7409/5105
f 7410/5106 7407/5103 7409/5105
f 7409/5105 7408/5104 7411/5107
f 7303/4999 7412/5108 7107/4803
f 7028/4724 7303/4999 7107/4803
f 7107/4803 7412/5108 7304/5000
f 7304/5000 7413/5109 7305/5001
f 7306/5002 7414/5110 7307/5003
f 7307/5003 7308/5004 7110/4806
f 7308/5004 7415/5111 7309/5005
f 7416/5112 7417/5113 7418/5114
f 7418/5114 7417/5113 7419/5115
f 7311/5007 7418/5114 7420/5116
f 7311/5007 7420/5116 7312/5008
f 7312/5008 7421/5117 7114/4810
f 7114/4810 7422/5118 7116/4812
f 7116/4812 7422/5118 7313/5009
f 7313/5009 7422/5118 7423/5119
f 7313/5009 7423/5119 7314/5010
f 7327/5023 7326/5022 7424/5120
f 7326/5022 7425/5121 7424/5120
f 7426/5122 7427/5123 7428/5124
f 7428/5124 7427/5123 7429/5125
f 7337/5033 7340/5036 7430/5126
f 7337/5033 7430/5126 7431/5127
f 7430/5126 7432/5128 7431/5127
f 7345/5041 7433/5129 7334/5030
f 7426/5122 7434/5130 7427/5123
f 7335/5031 7435/5131 7339/5035
f 7428/5124 7429/5125 7436/5132
f 7436/5132 7429/5125 7437/5133
f 7338/5034 7438/5134 7340/5036
f 7340/5036 7438/5134 7430/5126
f 7438/5134 7439/5135 7430/5126
f 7430/5126 7439/5135 7440/5136
f 7430/5126 7440/5136 7432/5128
f 7441/5137 7442/5138 7443/5139
f 7432/5128 7440/5136 7444/5140
f 7351/5047 7445/5141 7349/5045
f 7439/5135 7446/5142 7440/5136
f 7443/5139 7447/5143 7448/5144
f 7440/5136 7446/5142 7444/5140
f 7355/5051 7449/5145 7152/4848
f 7152/4848 7449/5145 7445/5141
f 7446/5142 7450/5146 7444/5140
f 7444/5140 7450/5146 7451/5147
f 7450/5146 7452/5148 7451/5147
f 7453/5149 7454/5150 7455/5151
f 7450/5146 7446/5142 7456/5152
f 7457/5153 7353/5049 7352/5048
f 7450/5146 7456/5152 7452/5148
f 7458/5154 7457/5153 7352/5048
f 7456/5152 7459/5155 7452/5148
f 7452/5148 7459/5155 7460/5156
f 7461/5157 7462/5158 7357/5053
f 7463/5159 7464/5160 7465/5161
f 7460/5156 7459/5155 7466/5162
f 7363/5059 7457/5153 7364/5060
f 7459/5155 7467/5163 7466/5162
f 7465/5161 7468/5164 7469/5165
f 7470/5166 7471/5167 7472/5168
f 7473/5169 7474/5170 7189/4885
f 7472/5168 7471/5167 7475/5171
f 7475/5171 7476/5172 7477/5173
f 7478/5174 7479/5175 7480/5176
f 7478/5174 7480/5176 7481/5177
f 7477/5173 7476/5172 7370/5066
f 7482/5178 7483/5179 7481/5177
f 7480/5176 7482/5178 7481/5177
f 7370/5066 7484/5180 7371/5067
f 7485/5181 7486/5182 7487/5183
f 7483/5179 7485/5181 7487/5183
f 7371/5067 7488/5184 2305/1
f 7485/5181 7489/5185 7486/5182
f 7371/5067 7490/5186 7488/5184
f 7489/5185 7491/5187 7486/5182
f 7490/5186 7492/5188 7488/5184
f 7489/5185 7493/5189 7491/5187
f 7490/5186 7494/5190 7492/5188
f 7494/5190 7495/5191 7492/5188
f 7494/5190 7496/5192 7495/5191
f 7495/5191 7496/5192 7497/5193
f 7498/5194 7499/5195 7500/5196
f 7498/5194 7500/5196 7501/5197
f 7499/5195 7502/5198 7500/5196
f 7503/5199 7504/5200 7505/5201
f 7506/5202 7507/5203 7508/5204
f 7509/5205 7508/5204 7510/5206
f 7511/5207 7512/5208 7513/5209
f 7511/5207 7513/5209 7514/5210
f 7515/5211 7516/5212 7517/5213
f 7396/5092 7518/5214 7512/5208
f 7519/5215 7396/5092 7512/5208
f 7512/5208 7518/5214 7513/5209
f 7518/5214 7520/5216 7513/5209
f 7513/5209 7520/5216 7514/5210
f 7521/5217 7522/5218 7523/5219
f 7300/4996 7406/5102 7524/5220
f 7300/4996 7524/5220 7401/5097
f 7401/5097 7524/5220 7525/5221
f 7526/5222 7527/5223 7528/5224
f 7408/5104 7529/5225 7530/5226
f 7415/5111 7531/5227 7310/5006
f 7532/5228 7417/5113 7416/5112
f 7419/5115 7420/5116 7418/5114
f 7420/5116 7533/5229 7312/5008
f 7533/5229 7421/5117 7312/5008
f 7421/5117 7422/5118 7114/4810
f 7534/5230 7423/5119 7422/5118
f 7423/5119 7535/5231 7314/5010
f 7535/5231 7536/5232 7314/5010
f 7537/5233 7538/5234 7539/5235
f 7540/5236 7541/5237 7542/5238
f 7541/5237 7543/5239 7544/5240
f 7437/5133 7545/5241 7436/5132
f 7437/5133 7546/5242 7545/5241
f 7442/5138 7447/5143 7443/5139
f 7547/5243 7545/5241 7548/5244
f 7547/5243 7548/5244 7549/5245
f 7447/5143 7550/5246 7448/5144
f 7551/5247 7552/5248 7553/5249
f 7550/5246 7554/5250 7448/5144
f 7550/5246 7555/5251 7554/5250
f 7448/5144 7554/5250 7463/5159
f 7554/5250 7464/5160 7463/5159
f 7464/5160 7556/5252 7465/5161
f 7556/5252 7468/5164 7465/5161
f 7556/5252 7557/5253 7468/5164
f 7558/5254 7559/5255 7560/5256
f 7467/5163 7561/5257 7562/5258
f 7558/5254 7470/5166 7559/5255
f 7558/5254 7471/5167 7470/5166
f 7558/5254 7563/5259 7471/5167
f 7479/5175 7478/5174 7564/5260
f 7471/5167 7476/5172 7475/5171
f 7471/5167 7565/5261 7476/5172
f 7476/5172 7484/5180 7370/5066
f 7484/5180 7566/5262 7371/5067
f 7371/5067 7566/5262 7490/5186
f 7490/5186 7567/5263 7494/5190
f 7495/5191 7497/5193 7568/5264
f 7569/5265 7502/5198 7499/5195
f 7570/5266 7571/5267 7572/5268
f 7504/5200 7573/5269 7505/5201
f 7574/5270 7575/5271 7569/5265
f 7575/5271 7576/5272 7502/5198
f 7569/5265 7575/5271 7502/5198
f 7575/5271 7577/5273 7576/5272
f 7574/5270 7578/5274 7579/5275
f 7574/5270 7580/5276 7577/5273
f 7574/5270 7577/5273 7575/5271
f 7574/5270 7579/5275 7580/5276
f 7580/5276 7581/5277 7577/5273
f 7582/5278 7583/5279 7580/5276
f 7579/5275 7582/5278 7580/5276
f 7584/5280 7582/5278 7579/5275
f 7585/5281 7586/5282 7582/5278
f 7584/5280 7585/5281 7582/5278
f 7582/5278 7586/5282 7583/5279
f 7586/5282 7587/5283 7583/5279
f 7588/5284 7585/5281 7584/5280
f 7589/5285 7587/5283 7586/5282
f 7590/5286 7591/5287 7588/5284
f 7588/5284 7592/5288 7590/5286
f 7585/5281 7593/5289 7586/5282
f 7592/5288 7594/5290 7595/5291
f 7592/5288 7595/5291 7590/5286
f 7596/5292 7597/5293 7590/5286
f 7595/5291 7596/5292 7590/5286
f 7590/5286 7597/5293 7593/5289
f 7598/5294 7589/5285 7597/5293
f 7599/5295 7595/5291 7594/5290
f 7600/5296 7599/5295 7594/5290
f 7599/5295 7601/5297 7595/5291
f 7602/5298 7603/5299 7604/5300
f 7595/5291 7605/5301 7596/5292
f 7596/5292 7605/5301 7597/5293
f 7606/5302 7512/5208 7511/5207
f 7607/5303 7608/5304 7599/5295
f 7608/5304 7609/5305 7599/5295
f 7603/5299 7610/5306 7604/5300
f 7610/5306 7611/5307 7604/5300
f 7612/5308 7514/5210 7613/5309
f 7614/5310 7610/5306 7603/5299
f 7615/5311 7616/5312 7610/5306
f 7616/5312 7611/5307 7610/5306
f 7525/5221 7524/5220 7617/5313
f 7525/5221 7617/5313 7618/5314
f 7619/5315 7620/5316 7621/5317
f 7619/5315 7621/5317 7528/5224
f 7532/5228 7622/5318 7417/5113
f 7417/5113 7623/5319 7419/5115
f 7419/5115 7623/5319 7420/5116
f 7420/5116 7623/5319 7624/5320
f 7420/5116 7624/5320 7533/5229
f 7533/5229 7625/5321 7421/5117
f 7421/5117 7625/5321 7534/5230
f 7534/5230 7535/5231 7423/5119
f 7545/5241 7546/5242 7548/5244
f 7548/5244 7626/5322 7549/5245
f 7549/5245 7626/5322 7627/5323
f 7555/5251 7628/5324 7554/5250
f 7554/5250 7628/5324 7464/5160
f 7628/5324 7629/5325 7464/5160
f 7464/5160 7629/5325 7556/5252
f 7556/5252 7629/5325 7557/5253
f 7630/5326 7631/5327 7558/5254
f 7631/5327 7563/5259 7558/5254
f 7631/5327 7632/5328 7563/5259
f 7563/5259 7565/5261 7471/5167
f 7563/5259 7632/5328 7565/5261
f 7633/5329 7484/5180 7476/5172
f 7565/5261 7633/5329 7476/5172
f 7484/5180 7633/5329 7566/5262
f 7633/5329 7634/5330 7566/5262
f 7634/5330 7567/5263 7566/5262
f 7566/5262 7567/5263 7490/5186
f 7567/5263 7496/5192 7494/5190
f 7567/5263 7635/5331 7496/5192
f 7496/5192 7635/5331 7497/5193
f 7497/5193 7635/5331 7636/5332
f 7497/5193 7636/5332 7571/5267
f 7571/5267 7636/5332 7637/5333
f 7571/5267 7637/5333 7572/5268
f 7572/5268 7637/5333 7638/5334
f 7639/5335 7578/5274 7574/5270
f 7578/5274 7640/5336 7579/5275
f 7641/5337 7642/5338 7643/5339
f 7643/5339 7642/5338 7644/5340
f 7645/5341 7646/5342 7647/5343
f 7648/5344 7644/5340 7649/5345
f 7650/5346 7592/5288 7588/5284
f 7648/5344 7649/5345 7651/5347
f 7651/5347 7649/5345 7652/5348
f 7653/5349 7654/5350 7645/5341
f 7655/5351 7654/5350 7653/5349
f 7656/5352 7655/5351 7653/5349
f 7657/5353 7658/5354 7656/5352
f 7659/5355 7660/5356 7661/5357
f 7662/5358 7663/5359 7658/5354
f 7662/5358 7658/5354 7657/5353
f 7617/5313 7664/5360 7618/5314
f 7618/5314 7664/5360 7665/5361
f 7666/5362 7667/5363 7621/5317
f 7532/5228 7668/5364 7622/5318
f 7668/5364 7669/5365 7622/5318
f 7624/5320 7625/5321 7533/5229
f 7670/5366 7671/5367 7672/5368
f 7627/5323 7626/5322 7673/5369
f 7557/5253 7629/5325 7674/5370
f 7557/5253 7674/5370 7675/5371
f 7675/5371 7674/5370 7676/5372
f 7677/5373 7678/5374 7679/5375
f 7679/5375 7678/5374 7680/5376
f 7678/5374 7681/5377 7680/5376
f 7680/5376 7681/5377 7682/5378
f 7681/5377 7683/5379 7682/5378
f 7682/5378 7684/5380 7685/5381
f 7567/5263 7634/5330 7635/5331
f 7686/5382 7687/5383 7688/5384
f 7689/5385 7687/5383 7690/5386
f 7646/5342 7691/5387 7647/5343
f 7654/5350 7655/5351 7692/5388
f 7693/5389 7694/5390 7695/5391
f 7695/5391 7694/5390 7659/5355
f 7663/5359 7655/5351 7658/5354
f 7696/5392 7697/5393 7698/5394
f 7699/5395 7700/5396 7701/5397
f 7701/5397 7700/5396 7702/5398
f 7703/5399 7704/5400 7705/5401
f 7706/5402 7707/5403 7708/5404
f 7707/5403 7709/5405 7710/5406
f 7708/5404 7707/5403 7710/5406
f 7704/5400 7711/5407 7712/5408
f 7713/5409 7714/5410 7706/5402
f 7706/5402 7714/5410 7707/5403
f 7715/5411 7716/5412 7717/5413
f 7718/5414 7719/5415 7720/5416
f 7720/5416 7719/5415 7721/5417
f 7722/5418 7723/5419 7724/5420
f 7714/5410 7725/5421 7707/5403
f 7726/5422 7727/5423 7703/5399
f 7728/5424 7729/5425 7730/5426
f 7731/5427 7732/5428 7733/5429
f 2389/85 2388/84 2444/140
f 2388/84 2394/90 2455/151
f 2454/150 2394/90 2397/93
f 2397/93 2401/97 2460/156
f 2463/159 2401/97 2404/100
f 2409/105 2410/106 7734/5430
f 7735/5431 2410/106 2418/114
f 7736/5432 7737/5433 7738/5434
f 7738/5434 7737/5433 7739/5435
f 2492/188 2435/131 2436/132
f 2491/187 2441/137 2435/131
f 2510/206 2443/139 2445/141
f 2445/141 2444/140 2448/144
f 7740/5436 7741/5437 7742/5438
f 2449/145 2388/84 2455/151
f 7742/5438 7741/5437 7743/5439
f 7734/5430 2410/106 7744/5440
f 7744/5440 2410/106 7735/5431
f 7744/5440 7735/5431 7745/5441
f 2533/229 7746/5442 2534/230
f 2534/230 7746/5442 7736/5432
f 2534/230 7736/5432 7738/5434
f 7738/5434 7739/5435 7747/5443
f 2605/301 2482/178 2481/177
f 7747/5443 7739/5435 7748/5444
f 2486/182 2485/181 2484/180
f 7739/5435 7749/5445 7750/5446
f 7748/5444 7739/5435 7750/5446
f 7751/5447 2489/185 2488/184
f 7752/5448 7749/5445 7753/5449
f 7754/5450 2489/185 7751/5447
f 2496/192 7755/5451 7756/5452
f 2573/269 2572/268 2511/207
f 2573/269 2511/207 2513/209
f 2513/209 2512/208 7757/5453
f 2512/208 7758/5454 7759/5455
f 7757/5453 2512/208 7759/5455
f 7760/5456 7740/5436 7742/5438
f 7760/5456 7742/5438 7761/5457
f 7742/5438 7743/5439 7762/5458
f 2519/215 2452/148 2518/214
f 7743/5439 7763/5459 7762/5458
f 7762/5458 7763/5459 7764/5460
f 7764/5460 7763/5459 7765/5461
f 7766/5462 7767/5463 7768/5464
f 7768/5464 7767/5463 7769/5465
f 7769/5465 7767/5463 7770/5466
f 7769/5465 7770/5466 7771/5467
f 7771/5467 7770/5466 7772/5468
f 7771/5467 7772/5468 7773/5469
f 2466/162 2465/161 2467/163
f 7772/5468 7774/5470 7775/5471
f 7773/5469 7772/5468 7775/5471
f 7774/5470 7776/5472 7775/5471
f 7775/5471 7776/5472 7777/5473
f 7776/5472 7778/5474 7777/5473
f 7779/5475 7780/5476 7781/5477
f 7781/5477 7780/5476 7782/5478
f 7782/5478 7780/5476 7783/5479
f 7783/5479 2533/229 7782/5478
f 2475/171 2474/170 2530/226
f 7782/5478 2533/229 2535/231
f 2535/231 2534/230 7784/5480
f 7785/5481 2532/228 2536/232
f 7784/5480 2534/230 7786/5482
f 2534/230 7738/5434 7786/5482
f 7785/5481 2536/232 2480/176
f 7786/5482 7738/5434 7747/5443
f 2481/177 2480/176 2538/234
f 7787/5483 2539/235 2541/237
f 2539/235 2542/238 2540/236
f 7752/5448 7750/5446 7749/5445
f 2542/238 2610/306 2609/305
f 2488/184 2487/183 2486/182
f 2545/241 2544/240 2617/313
f 7788/5484 7754/5450 7751/5447
f 2617/313 2544/240 2548/244
f 7789/5485 2496/192 7756/5452
f 7790/5486 7754/5450 7788/5484
f 7791/5487 2497/193 2496/192
f 7791/5487 2496/192 7789/5485
f 7791/5487 2553/249 2497/193
f 2666/362 2669/365 2566/262
f 2669/365 2569/265 2566/262
f 7792/5488 2572/268 7793/5489
f 7793/5489 2572/268 2574/270
f 2574/270 2573/269 7794/5490
f 2573/269 2513/209 7795/5491
f 7794/5490 2573/269 7795/5491
f 2513/209 7757/5453 7795/5491
f 7796/5492 7797/5493 7798/5494
f 7797/5493 7799/5495 7798/5494
f 7798/5494 7799/5495 7800/5496
f 7800/5496 7799/5495 7801/5497
f 2583/279 2582/278 7802/5498
f 7760/5456 7761/5457 7803/5499
f 7802/5498 2582/278 7804/5500
f 7802/5498 7804/5500 7805/5501
f 7803/5499 7761/5457 7806/5502
f 7804/5500 2587/283 7805/5501
f 7805/5501 2587/283 7807/5503
f 7761/5457 7742/5438 7762/5458
f 7806/5502 7761/5457 7808/5504
f 7761/5457 7762/5458 7808/5504
f 2586/282 2585/281 2741/437
f 7807/5503 2587/283 2589/285
f 7808/5504 7762/5458 7809/5505
f 7807/5503 2589/285 7810/5506
f 7809/5505 7762/5458 7764/5460
f 7811/5507 7807/5503 7810/5506
f 7812/5508 7766/5462 7813/5509
f 7814/5510 2591/287 7810/5506
f 2585/281 2738/434 2757/453
f 2585/281 2757/453 2747/443
f 7810/5506 2591/287 2590/286
f 7811/5507 7810/5506 2590/286
f 7813/5509 7766/5462 7768/5464
f 2590/286 2592/288 7815/5511
f 7816/5512 7811/5507 2590/286
f 2458/154 7817/5513 2593/289
f 7769/5465 7771/5467 7818/5514
f 2458/154 2593/289 2523/219
f 7818/5514 7771/5467 7819/5515
f 2523/219 2594/290 2524/220
f 7819/5515 7771/5467 7773/5469
f 7819/5515 7773/5469 7820/5516
f 7820/5516 7773/5469 7775/5471
f 7820/5516 7775/5471 7821/5517
f 7821/5517 7775/5471 7822/5518
f 7822/5518 7775/5471 7777/5473
f 7823/5519 7779/5475 7824/5520
f 2599/295 2598/294 7825/5521
f 7826/5522 7825/5521 7827/5523
f 7827/5523 2602/298 2601/297
f 2537/233 2602/298 2603/299
f 2538/234 2536/232 2603/299
f 2602/298 7787/5483 2603/299
f 2541/237 2603/299 7787/5483
f 2603/299 2541/237 2538/234
f 2481/177 2538/234 2540/236
f 2543/239 2481/177 2540/236
f 2540/236 2538/234 2541/237
f 2605/301 2481/177 2604/300
f 2606/302 2605/301 2604/300
f 2604/300 2543/239 2542/238
f 2604/300 2542/238 2609/305
f 2486/182 2484/180 7828/5524
f 2811/507 2611/307 2613/309
f 2488/184 2486/182 7828/5524
f 7829/5525 2488/184 7828/5524
f 2616/312 7830/5526 7831/5527
f 7751/5447 2488/184 7832/5528
f 7832/5528 2488/184 7829/5525
f 2822/518 2824/520 7833/5529
f 7831/5527 2617/313 2616/312
f 2624/320 7751/5447 7832/5528
f 2624/320 7832/5528 7834/5530
f 2615/311 2617/313 2548/244
f 2615/311 2548/244 7835/5531
f 2619/315 2620/316 7836/5532
f 7837/5533 7838/5534 7839/5535
f 7788/5484 7751/5447 2624/320
f 2624/320 7840/5536 2625/321
f 2550/246 7841/5537 7835/5531
f 2550/246 7835/5531 2548/244
f 7836/5532 2620/316 2830/526
f 7790/5486 7788/5484 7842/5538
f 7843/5539 7790/5486 7842/5538
f 7842/5538 7788/5484 2624/320
f 7842/5538 2624/320 2623/319
f 2550/246 2549/245 2627/323
f 2620/316 2628/324 2830/526
f 7844/5540 7791/5487 7845/5541
f 7846/5542 7790/5486 7843/5539
f 2830/526 2628/324 2632/328
f 2831/527 2632/328 7847/5543
f 7847/5543 2632/328 2634/330
f 7848/5544 2554/250 7849/5545
f 7849/5545 2554/250 2553/249
f 7849/5545 2553/249 7844/5540
f 2553/249 7791/5487 7844/5540
f 2552/248 2555/251 7850/5546
f 2626/322 2552/248 7850/5546
f 7850/5546 2555/251 2636/332
f 2564/260 2555/251 2503/199
f 2644/340 2646/342 7851/5547
f 2851/547 2861/557 2853/549
f 2861/557 2865/561 2863/559
f 2663/359 2568/264 7852/5548
f 2882/578 2879/575 2878/574
f 2881/577 2885/581 2882/578
f 2670/366 2672/368 2886/582
f 7853/5549 7854/5550 7855/5551
f 2907/603 7853/5549 7855/5551
f 7792/5488 7793/5489 7856/5552
f 7857/5553 7792/5488 7856/5552
f 7856/5552 7793/5489 7858/5554
f 7793/5489 2574/270 7858/5554
f 2912/608 7853/5549 2907/603
f 7858/5554 2574/270 7794/5490
f 7859/5555 7860/5556 2704/400
f 7861/5557 7859/5555 2704/400
f 7862/5558 2912/608 2911/607
f 2704/400 7860/5556 7796/5492
f 7863/5559 7864/5560 7862/5558
f 2702/398 2704/400 7865/5561
f 2704/400 7796/5492 7865/5561
f 7865/5561 7796/5492 7798/5494
f 7866/5562 7864/5560 7863/5559
f 2702/398 7865/5561 2582/278
f 2581/277 2702/398 2582/278
f 7865/5561 7798/5494 7867/5563
f 2582/278 7865/5561 7867/5563
f 7867/5563 7798/5494 7800/5496
f 2582/278 7867/5563 7804/5500
f 7804/5500 7867/5563 7800/5496
f 2587/283 7804/5500 7800/5496
f 2587/283 7800/5496 7801/5497
f 2587/283 7801/5497 7868/5564
f 2739/435 2728/424 2732/428
f 2587/283 7868/5564 2588/284
f 2731/427 2730/426 2734/430
f 2588/284 7868/5564 7869/5565
f 2589/285 2588/284 7869/5565
f 2745/441 2740/436 2744/440
f 2589/285 7869/5565 7814/5510
f 7810/5506 2589/285 7814/5510
f 2749/445 2745/441 2746/442
f 2932/628 2742/438 7870/5566
f 2748/444 2747/443 7871/5567
f 7871/5567 2747/443 2758/454
f 7872/5568 7873/5569 7874/5570
f 7875/5571 2590/286 7815/5511
f 7874/5570 7873/5569 7876/5572
f 7877/5573 7875/5571 7815/5511
f 7877/5573 7815/5511 7878/5574
f 7879/5575 2759/455 7880/5576
f 7877/5573 7878/5574 7881/5577
f 7880/5576 2759/455 2766/462
f 7882/5578 7883/5579 7884/5580
f 7885/5581 7877/5573 7881/5577
f 7885/5581 7881/5577 7886/5582
f 7887/5583 7885/5581 7886/5582
f 2595/291 7888/5584 7889/5585
f 7889/5585 7888/5584 7890/5586
f 7884/5580 7883/5579 7891/5587
f 7892/5588 7893/5589 7894/5590
f 2595/291 7889/5585 2526/222
f 2526/222 7889/5585 7890/5586
f 2526/222 7890/5586 7895/5591
f 7895/5591 7890/5586 7896/5592
f 7894/5590 7893/5589 7897/5593
f 2526/222 7895/5591 2596/292
f 7895/5591 7896/5592 7898/5594
f 2596/292 7895/5591 7898/5594
f 2529/225 2526/222 2596/292
f 7824/5520 7779/5475 7781/5477
f 7897/5593 7893/5589 7899/5595
f 7897/5593 7899/5595 7900/5596
f 2596/292 7898/5594 2599/295
f 2599/295 7898/5594 2600/296
f 2597/293 2596/292 2599/295
f 7900/5596 7899/5595 7901/5597
f 7899/5595 7902/5598 7901/5597
f 2530/226 2529/225 2597/293
f 2530/226 2597/293 7826/5522
f 7826/5522 2597/293 2599/295
f 7901/5597 7902/5598 7903/5599
f 7826/5522 2599/295 7825/5521
f 2790/486 2791/487 2795/491
f 2531/227 2530/226 2601/297
f 2601/297 2530/226 7826/5522
f 2601/297 7826/5522 7827/5523
f 7904/5600 7905/5601 7906/5602
f 7907/5603 7908/5604 7909/5605
f 7906/5602 7905/5601 7910/5606
f 7908/5604 7911/5607 7909/5605
f 7909/5605 7911/5607 7912/5608
f 7912/5608 7911/5607 2816/512
f 2819/515 7913/5609 2817/513
f 2606/302 2604/300 2609/305
f 7914/5610 7915/5611 7916/5612
f 7917/5613 7914/5610 7916/5612
f 7912/5608 2816/512 2815/511
f 2815/511 2814/510 7838/5534
f 2815/511 7838/5534 7837/5533
f 2827/523 2826/522 2820/516
f 7918/5614 7919/5615 2824/520
f 7837/5533 7839/5535 7920/5616
f 7839/5535 7921/5617 7920/5616
f 7920/5616 7921/5617 7922/5618
f 7922/5618 7921/5617 7923/5619
f 7924/5620 7925/5621 7926/5622
f 7925/5621 7848/5544 7926/5622
f 7926/5622 7848/5544 7849/5545
f 7843/5539 7842/5538 7927/5623
f 7928/5624 7929/5625 7850/5546
f 7929/5625 2626/322 7850/5546
f 7930/5626 7931/5627 7932/5628
f 7933/5629 7930/5626 7932/5628
f 7932/5628 7931/5627 7934/5630
f 7934/5630 7931/5627 7935/5631
f 7934/5630 7935/5631 7936/5632
f 7937/5633 7843/5539 7927/5623
f 7928/5624 7850/5546 2636/332
f 7938/5634 2639/335 2836/532
f 7938/5634 2636/332 2564/260
f 2639/335 7938/5634 2564/260
f 7939/5635 2835/531 2563/259
f 7940/5636 7941/5637 3141/837
f 2835/531 2639/335 2563/259
f 2995/691 2842/538 2843/539
f 3000/696 2847/543 2849/545
f 2852/548 2853/549 2862/558
f 7942/5638 2880/576 7943/5639
f 2878/574 2880/576 7942/5638
f 2881/577 2878/574 3171/867
f 3013/709 2889/585 2888/584
f 2888/584 2891/587 3174/870
f 3174/870 2891/587 2883/579
f 2891/587 2884/580 2883/579
f 2690/386 2670/366 2887/583
f 2907/603 7855/5551 2905/601
f 2905/601 7855/5551 7944/5640
f 2911/607 2907/603 2906/602
f 2910/606 2909/605 7859/5555
f 2910/606 7859/5555 7861/5557
f 7945/5641 7862/5558 2911/607
f 7945/5641 2911/607 7946/5642
f 2908/604 2910/606 2703/399
f 2703/399 2910/606 7861/5557
f 2703/399 7861/5557 2704/400
f 7863/5559 7862/5558 7947/5643
f 7947/5643 7862/5558 7945/5641
f 2915/611 2908/604 2716/412
f 2908/604 2703/399 2716/412
f 2716/412 2703/399 2702/398
f 2920/616 2923/619 7948/5644
f 2926/622 2922/618 2921/617
f 2928/624 7949/5645 2922/618
f 2926/622 2928/624 2922/618
f 2925/621 2924/620 3045/741
f 2752/448 2933/629 2753/449
f 7950/5646 7951/5647 2940/636
f 3060/756 3061/757 3066/762
f 7951/5647 2938/634 2940/636
f 2939/635 2938/634 7952/5648
f 7952/5648 7953/5649 7954/5650
f 7955/5651 7897/5593 7900/5596
f 7956/5652 3081/777 7957/5653
f 7956/5652 7957/5653 7958/5654
f 7959/5655 7900/5596 7901/5597
f 7957/5653 7960/5656 7961/5657
f 7958/5654 7957/5653 7961/5657
f 7959/5655 7901/5597 7903/5599
f 7959/5655 7903/5599 7962/5658
f 7961/5657 7960/5656 7963/5659
f 7961/5657 7963/5659 7964/5660
f 7903/5599 7904/5600 7962/5658
f 7964/5660 7963/5659 7965/5661
f 7962/5658 7904/5600 7966/5662
f 7964/5660 7965/5661 7967/5663
f 7967/5663 7965/5661 7968/5664
f 7966/5662 7904/5600 7906/5602
f 7969/5665 7970/5666 7971/5667
f 3365/1061 7972/5668 3373/1069
f 3098/794 3096/792 2987/683
f 2805/501 2804/500 7973/5669
f 7971/5667 7970/5666 7974/5670
f 2805/501 7973/5669 7975/5671
f 7976/5672 7977/5673 3379/1075
f 3379/1075 7977/5673 7978/5674
f 3379/1075 7978/5674 3388/1084
f 2980/676 2818/514 2979/675
f 7978/5674 7979/5675 3388/1084
f 7918/5614 2824/520 2981/677
f 2812/508 2813/509 2825/521
f 2823/519 2984/680 2983/679
f 2981/677 2823/519 2983/679
f 3388/1084 7979/5675 3389/1085
f 3389/1085 7979/5675 7980/5676
f 7981/5677 7982/5678 7983/5679
f 2622/318 2825/521 2829/525
f 7983/5679 7982/5678 7984/5680
f 7983/5679 7984/5680 7985/5681
f 7985/5681 7984/5680 7986/5682
f 7984/5680 7987/5683 7986/5682
f 7986/5682 7987/5683 7988/5684
f 7924/5620 7926/5622 7989/5685
f 7990/5686 7991/5687 7992/5688
f 7991/5687 7933/5629 7993/5689
f 7992/5688 7991/5687 7993/5689
f 7933/5629 7991/5687 7930/5626
f 2833/529 2988/684 2832/528
f 7993/5689 7933/5629 7994/5690
f 7995/5691 7940/5636 3140/836
f 7994/5690 7933/5629 7932/5628
f 7940/5636 3141/837 3140/836
f 7996/5692 2994/690 2993/689
f 2995/691 2843/539 7997/5693
f 7997/5693 2843/539 7998/5694
f 7998/5694 2843/539 2996/692
f 2996/692 2847/543 7999/5695
f 7999/5695 2847/543 3000/696
f 3156/852 3000/696 2852/548
f 8000/5696 2852/548 2862/558
f 8000/5696 2862/558 8001/5697
f 8001/5697 2862/558 2863/559
f 8001/5697 2863/559 8002/5698
f 3172/868 7942/5638 8003/5699
f 7942/5638 7943/5639 8003/5699
f 3171/867 2878/574 3172/868
f 2878/574 7942/5638 3172/868
f 8004/5700 2881/577 3171/867
f 3012/708 2888/584 8005/5701
f 8005/5701 2888/584 3174/870
f 8006/5702 8007/5703 8008/5704
f 3173/869 2883/579 8009/5705
f 8009/5705 2883/579 8004/5700
f 2883/579 2881/577 8004/5700
f 3175/871 3013/709 8010/5706
f 8010/5706 3013/709 3012/708
f 3177/873 8011/5707 3175/871
f 2906/602 2905/601 8012/5708
f 8013/5709 2906/602 8012/5708
f 8014/5710 8015/5711 8016/5712
f 8012/5708 2905/601 7944/5640
f 8015/5711 2909/605 2908/604
f 7946/5642 2911/607 8017/5713
f 2911/607 2906/602 8013/5709
f 8017/5713 2911/607 8013/5709
f 8016/5712 8015/5711 2915/611
f 2915/611 8015/5711 2908/604
f 8018/5714 8019/5715 8020/5716
f 7947/5643 7945/5641 8021/5717
f 8021/5717 7945/5641 8022/5718
f 8022/5718 7945/5641 7946/5642
f 8022/5718 7946/5642 8017/5713
f 3038/734 8023/5719 8014/5710
f 3038/734 8014/5710 8016/5712
f 3038/734 8016/5712 2914/610
f 2914/610 8016/5712 2915/611
f 8024/5720 2920/616 7948/5644
f 7948/5644 3036/732 3035/731
f 8024/5720 7948/5644 3035/731
f 2917/613 3038/734 2914/610
f 2919/615 2917/613 2916/612
f 2925/621 2919/615 2918/614
f 2919/615 2925/621 3044/740
f 8025/5721 2919/615 3044/740
f 3046/742 2926/622 2921/617
f 3044/740 2925/621 3045/741
f 3047/743 8026/5722 3041/737
f 3041/737 8026/5722 8027/5723
f 3041/737 8027/5723 8028/5724
f 3278/974 3058/754 3060/756
f 8027/5723 7950/5646 8028/5724
f 3278/974 3060/756 3067/763
f 8028/5724 7950/5646 2940/636
f 8028/5724 2940/636 8029/5725
f 2939/635 8029/5725 2940/636
f 3291/987 3072/768 3074/770
f 8029/5725 2939/635 8030/5726
f 8031/5727 3078/774 3080/776
f 7954/5650 8030/5726 2939/635
f 8032/5728 3084/780 3083/779
f 7954/5650 2939/635 7952/5648
f 3079/775 3081/777 7956/5652
f 8033/5729 8034/5730 8035/5731
f 8036/5732 8033/5729 8035/5731
f 8036/5732 8035/5731 8037/5733
f 7956/5652 7958/5654 8038/5734
f 8038/5734 7958/5654 8039/5735
f 7958/5654 7961/5657 8039/5735
f 8039/5735 7961/5657 8040/5736
f 7961/5657 7964/5660 8041/5737
f 8040/5736 7961/5657 8041/5737
f 3341/1037 3340/1036 3351/1047
f 8041/5737 7964/5660 8042/5738
f 8042/5738 7964/5660 7967/5663
f 3113/809 3115/811 3367/1063
f 7967/5663 7968/5664 8043/5739
f 3354/1050 3351/1047 7972/5668
f 3354/1050 7972/5668 3365/1061
f 8043/5739 7968/5664 3370/1066
f 7968/5664 8044/5740 3370/1066
f 3370/1066 8044/5740 8045/5741
f 3378/1074 8046/5742 3583/1279
f 8046/5742 7918/5614 3583/1279
f 3383/1079 3379/1075 3388/1084
f 3583/1279 7918/5614 2981/677
f 3129/825 2981/677 2983/679
f 7990/5686 7992/5688 8047/5743
f 8047/5743 7992/5688 8048/5744
f 8048/5744 7992/5688 7993/5689
f 3428/1124 7995/5691 3422/1118
f 7995/5691 3140/836 3422/1118
f 3422/1118 3140/836 3142/838
f 3422/1118 3142/838 3423/1119
f 8049/5745 3145/841 3144/840
f 8050/5746 8051/5747 8052/5748
f 8053/5749 8050/5746 8052/5748
f 8052/5748 8051/5747 8054/5750
f 2998/694 8055/5751 8056/5752
f 3153/849 2998/694 8056/5752
f 7998/5694 2996/692 8057/5753
f 8057/5753 2996/692 7999/5695
f 3155/851 7999/5695 3000/696
f 3159/855 2852/548 8000/5696
f 8058/5754 3172/868 8003/5699
f 8058/5754 8003/5699 8059/5755
f 3170/866 3172/868 8058/5754
f 3170/866 8004/5700 3171/867
f 8010/5706 3012/708 3668/1364
f 3668/1364 3012/708 8005/5701
f 3176/872 3175/871 8060/5756
f 8060/5756 3175/871 8010/5706
f 3202/898 3204/900 3216/912
f 3472/1168 3202/898 3216/912
f 3483/1179 3216/912 3493/1189
f 8061/5757 8062/5758 8063/5759
f 3493/1189 3216/912 3225/921
f 3037/733 8064/5760 3038/734
f 8063/5759 8062/5758 8065/5761
f 3038/734 8064/5760 8023/5719
f 3240/936 3236/932 3235/931
f 8025/5721 8066/5762 3037/733
f 8025/5721 3037/733 2919/615
f 3500/1196 3225/921 3243/939
f 3500/1196 3243/939 3506/1202
f 3245/941 3240/936 3517/1213
f 3259/955 3246/942 3245/941
f 3275/971 3264/960 3263/959
f 3247/943 3253/949 8067/5763
f 8067/5763 3253/949 3531/1227
f 8068/5764 3290/986 8069/5765
f 8069/5765 3290/986 3289/985
f 3300/996 3287/983 3286/982
f 3288/984 3290/986 8070/5766
f 8071/5767 8020/5716 8072/5768
f 3288/984 8070/5766 8032/5728
f 3288/984 8032/5728 8073/5769
f 3071/767 3070/766 3076/772
f 8073/5769 8032/5728 3083/779
f 8073/5769 3083/779 8074/5770
f 3314/1010 3307/1003 3315/1011
f 3083/779 3328/1024 8075/5771
f 8074/5770 3083/779 8075/5771
f 3328/1024 3335/1031 8076/5772
f 3332/1028 3331/1027 3558/1254
f 3097/793 3094/790 8077/5773
f 8078/5774 8079/5775 8080/5776
f 8081/5777 3341/1037 8082/5778
f 3100/796 3097/793 3343/1039
f 3348/1044 3100/796 3343/1039
f 8040/5736 8041/5737 8042/5738
f 8082/5778 3341/1037 3352/1048
f 8082/5778 3352/1048 8083/5779
f 3352/1048 3354/1050 8083/5779
f 8042/5738 7967/5663 8084/5780
f 8083/5779 3354/1050 3366/1062
f 7967/5663 8043/5739 8085/5781
f 8084/5780 7967/5663 8085/5781
f 8043/5739 3370/1066 3372/1068
f 8085/5781 8043/5739 3372/1068
f 3371/1067 3370/1066 8045/5741
f 3371/1067 8045/5741 8086/5782
f 3378/1074 3583/1279 3376/1072
f 3383/1079 3388/1084 3390/1086
f 8087/5783 2980/676 2979/675
f 3583/1279 2981/677 3386/1082
f 3385/1081 2981/677 3129/825
f 3594/1290 3606/1302 3595/1291
f 3395/1091 3393/1089 8088/5784
f 8089/5785 8090/5786 8091/5787
f 8089/5785 8091/5787 8092/5788
f 3608/1304 3613/1309 3606/1302
f 3403/1099 3414/1110 3402/1098
f 8088/5784 3393/1089 3406/1102
f 8093/5789 3412/1108 3411/1107
f 3621/1317 3421/1117 3414/1110
f 8053/5749 8052/5748 8094/5790
f 8094/5790 8052/5748 8095/5791
f 8052/5748 8054/5750 8095/5791
f 8054/5750 8096/5792 8095/5791
f 3640/1336 3435/1131 3434/1130
f 3642/1338 3153/849 8056/5752
f 8095/5791 8096/5792 8097/5793
f 8096/5792 8098/5794 8097/5793
f 8097/5793 8098/5794 8099/5795
f 8099/5795 8100/5796 8101/5797
f 2870/566 3165/861 3166/862
f 3653/1349 8102/5798 3654/1350
f 3654/1350 8103/5799 8104/5800
f 3661/1357 3455/1151 3459/1155
f 8105/5801 8058/5754 8059/5755
f 3170/866 8058/5754 8106/5802
f 8107/5803 8004/5700 3170/866
f 8108/5804 3668/1364 8005/5701
f 8109/5805 8006/5702 8110/5806
f 8006/5702 8008/5704 8111/5807
f 8110/5806 8006/5702 8111/5807
f 8112/5808 3173/869 8009/5705
f 8112/5808 8009/5705 8113/5809
f 8113/5809 8009/5705 8107/5803
f 8107/5803 8009/5705 8004/5700
f 8060/5756 8010/5706 8114/5810
f 8114/5810 8010/5706 3668/1364
f 8115/5811 8114/5810 3668/1364
f 8116/5812 8117/5813 8118/5814
f 8119/5815 8120/5816 8121/5817
f 8122/5818 8119/5815 8121/5817
f 3472/1168 3483/1179 8123/5819
f 8124/5820 3472/1168 8123/5819
f 8125/5821 3478/1174 3477/1173
f 8123/5819 3483/1179 3493/1189
f 8123/5819 3493/1189 8126/5822
f 8127/5823 8018/5714 8020/5716
f 8128/5824 3208/904 3207/903
f 8126/5822 3493/1189 3494/1190
f 3235/931 3208/904 8128/5824
f 3718/1414 3240/936 3235/931
f 3718/1414 3235/931 8128/5824
f 3499/1195 3500/1196 3507/1203
f 3517/1213 3240/936 3718/1414
f 8129/5825 8130/5826 8131/5827
f 3518/1214 3259/955 3245/941
f 8127/5823 8020/5716 8132/5828
f 3263/959 3259/955 3521/1217
f 8133/5829 3534/1230 3533/1229
f 8132/5828 8020/5716 8071/5767
f 8134/5830 8135/5831 8136/5832
f 8133/5829 3533/1229 8137/5833
f 3305/1001 8133/5829 8137/5833
f 3305/1001 8137/5833 8138/5834
f 3305/1001 8138/5834 3306/1002
f 8136/5832 8135/5831 8139/5835
f 3307/1003 3306/1002 8140/5836
f 3307/1003 8140/5836 3315/1011
f 8139/5835 8141/5837 8142/5838
f 3315/1011 8140/5836 3317/1013
f 8143/5839 8141/5837 3739/1435
f 8144/5840 8145/5841 8146/5842
f 8144/5840 8146/5842 8147/5843
f 8071/5767 8072/5768 8148/5844
f 3089/785 8149/5845 3329/1025
f 3739/1435 8141/5837 8150/5846
f 8151/5847 8075/5771 8076/5772
f 3094/790 3091/787 8152/5848
f 8072/5768 8153/5849 8148/5844
f 8075/5771 3328/1024 8076/5772
f 3094/790 8152/5848 8154/5850
f 8077/5773 3094/790 8154/5850
f 8155/5851 3551/1247 3555/1251
f 8156/5852 8157/5853 8158/5854
f 8158/5854 8159/5855 8160/5856
f 8160/5856 8159/5855 8161/5857
f 8160/5856 8161/5857 8162/5858
f 8162/5858 8161/5857 8163/5859
f 8162/5858 8163/5859 8164/5860
f 3575/1271 3374/1070 3571/1267
f 8162/5858 8164/5860 8165/5861
f 8153/5849 8166/5862 8148/5844
f 8165/5861 8164/5860 3588/1284
f 8165/5861 3588/1284 3590/1286
f 3576/1272 3376/1072 3584/1280
f 3583/1279 3386/1082 8167/5863
f 3584/1280 3583/1279 8167/5863
f 8168/5864 8169/5865 8170/5866
f 8171/5867 8172/5868 8173/5869
f 8172/5868 8174/5870 8173/5869
f 8174/5870 8090/5786 8089/5785
f 8173/5869 8174/5870 8089/5785
f 8175/5871 3608/1304 3605/1301
f 8176/5872 3608/1304 8175/5871
f 3607/1303 3603/1299 8093/5789
f 8177/5873 8089/5785 8092/5788
f 3612/1308 3608/1304 8176/5872
f 3607/1303 8093/5789 3411/1107
f 8178/5874 3614/1310 3616/1312
f 3617/1313 3619/1315 8179/5875
f 8180/5876 3612/1308 8176/5872
f 3616/1312 3615/1311 8181/5877
f 8181/5877 3615/1311 3618/1314
f 8181/5877 3618/1314 3617/1313
f 8148/5844 8166/5862 8182/5878
f 8182/5878 8166/5862 8183/5879
f 3418/1114 3625/1321 3426/1122
f 3431/1127 3630/1326 3432/1128
f 3148/844 3632/1328 3151/847
f 8183/5879 8184/5880 8182/5878
f 8185/5881 8053/5749 8094/5790
f 8185/5881 8094/5790 8186/5882
f 8094/5790 8095/5791 8187/5883
f 8187/5883 8095/5791 8188/5884
f 8095/5791 8097/5793 8188/5884
f 8189/5885 8097/5793 8190/5886
f 8097/5793 8099/5795 8190/5886
f 8190/5886 8099/5795 8101/5797
f 8191/5887 3639/1335 3641/1337
f 3163/859 3440/1136 3645/1341
f 3163/859 3645/1341 3164/860
f 3164/860 3645/1341 8192/5888
f 3164/860 8192/5888 3646/1342
f 3787/1483 3650/1346 3652/1348
f 8193/5889 3653/1349 3655/1351
f 3168/864 3649/1345 3446/1142
f 3654/1350 8104/5800 8194/5890
f 3655/1351 3654/1350 8194/5890
f 8106/5802 8058/5754 8195/5891
f 8195/5891 8058/5754 8105/5801
f 8196/5892 8107/5803 3170/866
f 8196/5892 3170/866 8197/5893
f 3170/866 8106/5802 8197/5893
f 3669/1365 3668/1364 8108/5804
f 8113/5809 8107/5803 8198/5894
f 3176/872 8060/5756 3848/1544
f 3848/1544 8060/5756 8114/5810
f 3848/1544 8114/5810 3846/1542
f 3846/1542 8114/5810 8115/5811
f 8115/5811 3668/1364 3670/1366
f 3676/1372 3692/1388 8118/5814
f 8118/5814 3692/1388 3691/1387
f 8199/5895 8200/5896 8201/5897
f 8200/5896 8199/5895 8202/5898
f 8199/5895 8203/5899 8202/5898
f 8116/5812 8118/5814 8204/5900
f 8205/5901 8116/5812 8204/5900
f 8202/5898 8203/5899 8206/5902
f 8206/5902 8203/5899 8207/5903
f 8203/5899 8208/5904 8207/5903
f 8209/5905 8210/5906 8125/5821
f 8209/5905 8125/5821 3477/1173
f 8208/5904 8211/5907 8207/5903
f 8207/5903 8211/5907 8212/5908
f 8213/5909 8210/5906 8209/5905
f 3706/1402 3705/1401 3710/1406
f 8212/5908 8211/5907 8214/5910
f 8212/5908 8214/5910 8215/5911
f 8131/5827 8216/5912 8129/5825
f 8215/5911 8214/5910 3717/1413
f 8215/5911 3717/1413 3716/1412
f 3719/1415 3523/1219 3720/1416
f 3727/1423 3527/1223 8217/5913
f 8218/5914 8219/5915 8220/5916
f 3720/1416 3522/1218 8221/5917
f 3528/1224 3527/1223 3727/1423
f 8219/5915 8222/5918 8220/5916
f 8223/5919 3723/1419 8224/5920
f 8223/5919 8224/5920 3532/1228
f 8220/5916 8222/5918 8225/5921
f 8220/5916 8225/5921 8226/5922
f 3532/1228 8224/5920 3533/1229
f 8225/5921 8134/5830 8226/5922
f 3533/1229 8224/5920 8227/5923
f 3533/1229 8227/5923 8137/5833
f 3294/990 3528/1224 3728/1424
f 8226/5922 8134/5830 8228/5924
f 8134/5830 8136/5832 8228/5924
f 3295/991 3294/990 3730/1426
f 8228/5924 8136/5832 8229/5925
f 3535/1231 3295/991 3730/1426
f 8142/5838 8136/5832 8139/5835
f 8136/5832 8142/5838 8229/5925
f 3302/998 3535/1231 3536/1232
f 8143/5839 8229/5925 8142/5838
f 8229/5925 8143/5839 3738/1434
f 8143/5839 8142/5838 8141/5837
f 8143/5839 3739/1435 3738/1434
f 3737/1433 3739/1435 8230/5926
f 3737/1433 8230/5926 8231/5927
f 3545/1241 3736/1432 8232/5928
f 3749/1445 3741/1437 3743/1439
f 8233/5929 3741/1437 3749/1445
f 8231/5927 8230/5926 8234/5930
f 3561/1257 3545/1241 8232/5928
f 3747/1443 3749/1445 8235/5931
f 3359/1055 3346/1042 8236/5932
f 3749/1445 3743/1439 8235/5931
f 8156/5852 8158/5854 8160/5856
f 8156/5852 8160/5856 8237/5933
f 8235/5931 3743/1439 3753/1449
f 3359/1055 8236/5932 8238/5934
f 3751/1447 8235/5931 3753/1449
f 3364/1060 3359/1055 8238/5934
f 3751/1447 3753/1449 3752/1448
f 8237/5933 8160/5856 8162/5858
f 8237/5933 8162/5858 8239/5935
f 3750/1446 3752/1448 3756/1452
f 3570/1266 3567/1263 8240/5936
f 3752/1448 3755/1451 3757/1453
f 8241/5937 3570/1266 8240/5936
f 8239/5935 8162/5858 8165/5861
f 3582/1278 3380/1076 3575/1271
f 3755/1451 3759/1455 3757/1453
f 8239/5935 8165/5861 8242/5938
f 8243/5939 3576/1272 3584/1280
f 8165/5861 3590/1286 8242/5938
f 8244/5940 8243/5939 3584/1280
f 8242/5938 3590/1286 8245/5941
f 3763/1459 3594/1290 3581/1277
f 8244/5940 3584/1280 8167/5863
f 3382/1078 3579/1275 8246/5942
f 3757/1453 3759/1455 8247/5943
f 8248/5944 8171/5867 8173/5869
f 8249/5945 8250/5946 8251/5947
f 8249/5945 8251/5947 8252/5948
f 8244/5940 3599/1295 8253/5949
f 3382/1078 8246/5942 3602/1298
f 8254/5950 8247/5943 3759/1455
f 8254/5950 3759/1455 3769/1465
f 8248/5944 8173/5869 8255/5951
f 3770/1466 3605/1301 3594/1290
f 3604/1300 8253/5949 3599/1295
f 3602/1298 8246/5942 8256/5952
f 8175/5871 3605/1301 3770/1466
f 3607/1303 8253/5949 3604/1300
f 8257/5953 8258/5954 8259/5955
f 8254/5950 3769/1465 8260/5956
f 8255/5951 8173/5869 8089/5785
f 8255/5951 8089/5785 8177/5873
f 3405/1101 3602/1298 8256/5952
f 8261/5957 8176/5872 8175/5871
f 8258/5954 3777/1473 8262/5958
f 8259/5955 8258/5954 8262/5958
f 8256/5952 8263/5959 3611/1307
f 3405/1101 8256/5952 3611/1307
f 8260/5956 3769/1465 8264/5960
f 8265/5961 3773/1469 3775/1471
f 8266/5962 8177/5873 8092/5788
f 8261/5957 8180/5876 8176/5872
f 8262/5958 3777/1473 3776/1472
f 3636/1332 3635/1331 3772/1468
f 8260/5956 8264/5960 8267/5963
f 8266/5962 8092/5788 8268/5964
f 8266/5962 8268/5964 8269/5965
f 8270/5966 3616/1312 8181/5877
f 8181/5877 3617/1313 8179/5875
f 8271/5967 8267/5963 8264/5960
f 8265/5961 3775/1471 3625/1321
f 3625/1321 3775/1471 3426/1122
f 3426/1122 3775/1471 8272/5968
f 3432/1128 3631/1327 3632/1328
f 3637/1333 3636/1332 3780/1476
f 3637/1333 3780/1476 8273/5969
f 3782/1478 3637/1333 8273/5969
f 8186/5882 8094/5790 8187/5883
f 3437/1133 3642/1338 8274/5970
f 8274/5970 3642/1338 8275/5971
f 8187/5883 8276/5972 8186/5882
f 8276/5972 8187/5883 8188/5884
f 8276/5972 8188/5884 8097/5793
f 8276/5972 8097/5793 8189/5885
f 8277/5973 8182/5878 8184/5880
f 8278/5974 8279/5975 8280/5976
f 8279/5975 8278/5974 3786/1482
f 8278/5974 8280/5976 8281/5977
f 8282/5978 8189/5885 8190/5886
f 8282/5978 8190/5886 8283/5979
f 8283/5979 8190/5886 8101/5797
f 3643/1339 3437/1133 8274/5970
f 3643/1339 8274/5970 8284/5980
f 8278/5974 8281/5977 3786/1482
f 3786/1482 8281/5977 8285/5981
f 8281/5977 8286/5982 8285/5981
f 8285/5981 8286/5982 8287/5983
f 8288/5984 8289/5985 8290/5986
f 8290/5986 8289/5985 8291/5987
f 8292/5988 8293/5989 8294/5990
f 8294/5990 8293/5989 8295/5991
f 3785/1481 3784/1480 8295/5991
f 3784/1480 3786/1482 8296/5992
f 3786/1482 8285/5981 8296/5992
f 8296/5992 8285/5981 8297/5993
f 8297/5993 8285/5981 8287/5983
f 8294/5990 8295/5991 8298/5994
f 8295/5991 3784/1480 8298/5994
f 3784/1480 8296/5992 8298/5994
f 8298/5994 8296/5992 8299/5995
f 8296/5992 8297/5993 8299/5995
f 8297/5993 8287/5983 8300/5996
f 8299/5995 8297/5993 8301/5997
f 8301/5997 8297/5993 8302/5998
f 8297/5993 8300/5996 8302/5998
f 8303/5999 8304/6000 3442/1138
f 8305/6001 8306/6002 8307/6003
f 8307/6003 8306/6002 8308/6004
f 3442/1138 8304/6000 3649/1345
f 3649/1345 8304/6000 8309/6005
f 3649/1345 8309/6005 3446/1142
f 8310/6006 8193/5889 3655/1351
f 3446/1142 8309/6005 8311/6007
f 3446/1142 8311/6007 3447/1143
f 8310/6006 3655/1351 8312/6008
f 8312/6008 3655/1351 8194/5890
f 8312/6008 8194/5890 8313/6009
f 8194/5890 8104/5800 3912/1608
f 8314/6010 8315/6011 8316/6012
f 8198/5894 8107/5803 8317/6013
f 8107/5803 8196/5892 8317/6013
f 8317/6013 8196/5892 8318/6014
f 8319/6015 8314/6010 8316/6012
f 8320/6016 8319/6015 8316/6012
f 8316/6012 8315/6011 8321/6017
f 8110/5806 8111/5807 8322/6018
f 8323/6019 8112/5808 8113/5809
f 8323/6019 8113/5809 8198/5894
f 3797/1493 3176/872 3848/1544
f 3797/1493 3848/1544 8324/6020
f 3178/874 3176/872 3798/1494
f 8325/6021 8326/6022 8327/6023
f 8328/6024 8325/6021 8327/6023
f 8329/6025 8325/6021 8328/6024
f 8330/6026 8329/6025 8328/6024
f 8329/6025 8330/6026 8331/6027
f 8328/6024 8327/6023 8332/6028
f 3690/1386 3802/1498 8333/6029
f 3802/1498 3800/1496 8333/6029
f 8334/6030 3799/1495 3678/1374
f 8335/6031 8328/6024 8332/6028
f 3676/1372 3675/1371 3692/1388
f 3692/1388 3675/1371 3690/1386
f 8336/6032 8337/6033 8334/6030
f 8336/6032 8334/6030 3678/1374
f 8336/6032 3678/1374 3677/1373
f 8338/6034 8330/6026 8339/6035
f 8337/6033 8336/6032 8340/6036
f 8340/6036 8336/6032 8341/6037
f 8341/6037 8336/6032 8342/6038
f 8343/6039 8344/6040 8345/6041
f 8336/6032 3677/1373 8342/6038
f 8342/6038 3677/1373 8346/6042
f 8346/6042 3677/1373 3679/1375
f 8346/6042 3679/1375 8347/6043
f 8339/6035 8330/6026 8335/6031
f 8338/6034 8339/6035 8348/6044
f 8330/6026 8328/6024 8335/6031
f 8204/5900 8118/5814 3691/1387
f 8344/6040 8349/6045 8350/6046
f 8345/6041 8344/6040 8350/6046
f 8349/6045 8351/6047 8352/6048
f 8350/6046 8349/6045 8352/6048
f 8352/6048 8351/6047 8353/6049
f 8345/6041 8354/6050 3812/1508
f 8343/6039 8345/6041 3812/1508
f 8354/6050 8345/6041 3700/1396
f 3700/1396 8345/6041 8350/6046
f 8350/6046 8352/6048 8355/6051
f 3700/1396 8350/6046 8355/6051
f 8352/6048 8353/6049 8355/6051
f 8355/6051 8353/6049 8356/6052
f 8357/6053 8358/6054 8359/6055
f 8360/6056 8205/5901 8204/5900
f 8361/6057 8360/6056 8204/5900
f 3813/1509 3812/1508 8354/6050
f 3700/1396 8355/6051 3707/1403
f 3707/1403 8355/6051 8362/6058
f 8355/6051 8356/6052 8362/6058
f 8356/6052 8363/6059 8364/6060
f 8364/6060 8363/6059 8365/6061
f 8335/6031 8332/6028 8366/6062
f 8367/6063 8360/6056 8361/6057
f 8367/6063 8361/6057 8368/6064
f 3707/1403 8362/6058 8369/6065
f 8356/6052 8364/6060 8370/6066
f 8362/6058 8356/6052 8370/6066
f 8348/6044 8339/6035 8371/6067
f 8372/6068 8360/6056 8367/6063
f 3712/1408 8361/6057 3811/1507
f 8361/6057 3712/1408 8368/6064
f 3712/1408 3811/1507 3713/1409
f 3811/1507 3810/1506 3713/1409
f 8362/6058 8370/6066 8373/6069
f 8369/6065 8362/6058 8373/6069
f 8364/6060 8365/6061 8370/6066
f 8365/6061 8374/6070 8375/6071
f 8370/6066 8365/6061 8375/6071
f 8376/6072 3809/1505 3814/1510
f 8377/6073 8339/6035 8378/6074
f 8371/6067 8339/6035 8377/6073
f 8339/6035 8335/6031 8378/6074
f 8366/6062 8332/6028 8327/6023
f 8379/6075 8372/6068 8380/6076
f 8380/6076 8372/6068 8367/6063
f 8380/6076 8367/6063 8381/6077
f 8381/6077 8367/6063 3719/1415
f 3719/1415 8367/6063 8368/6064
f 3719/1415 8368/6064 3712/1408
f 8373/6069 8370/6066 3722/1418
f 8375/6071 8374/6070 8376/6072
f 8370/6066 8375/6071 8382/6078
f 3722/1418 8370/6066 8382/6078
f 8375/6071 8376/6072 3814/1510
f 8366/6062 8327/6023 8383/6079
f 8384/6080 8379/6075 8380/6076
f 8381/6077 3719/1415 3720/1416
f 3723/1419 3722/1418 8382/6078
f 8375/6071 3814/1510 8382/6078
f 8382/6078 3814/1510 3816/1512
f 8382/6078 3816/1512 8227/5923
f 8378/6074 8335/6031 8366/6062
f 8385/6081 8384/6080 8380/6076
f 8385/6081 8380/6076 8381/6077
f 8385/6081 8381/6077 8221/5917
f 8381/6077 3720/1416 8221/5917
f 3723/1419 8382/6078 8224/5920
f 8386/6082 8384/6080 8385/6081
f 8224/5920 8382/6078 8227/5923
f 8387/6083 8388/6084 8389/6085
f 8390/6086 8378/6074 8366/6062
f 8386/6082 8385/6081 8391/6087
f 8392/6088 8388/6084 8387/6083
f 8393/6089 8377/6073 8378/6074
f 8394/6090 8392/6088 8387/6083
f 8395/6091 8386/6082 8391/6087
f 8396/6092 8226/5922 8228/5924
f 8393/6089 8378/6074 8390/6086
f 3732/1428 3729/1425 3817/1513
f 8397/6093 8395/6091 8391/6087
f 8390/6086 8366/6062 8398/6094
f 8399/6095 8392/6088 8400/6096
f 8400/6096 8392/6088 8394/6090
f 8400/6096 8394/6090 8401/6097
f 8229/5925 8396/6092 8228/5924
f 8366/6062 8383/6079 8398/6094
f 8402/6098 8399/6095 8400/6096
f 3875/1571 3877/1573 3876/1572
f 3740/1436 3734/1430 3818/1514
f 8403/6099 8404/6100 8393/6089
f 8403/6099 8393/6089 8405/6101
f 3876/1572 3877/1573 8406/6102
f 8402/6098 8400/6096 8407/6103
f 8400/6096 8401/6097 8408/6104
f 8390/6086 8398/6094 8409/6105
f 8410/6106 8402/6098 8407/6103
f 8407/6103 8400/6096 8408/6104
f 8405/6101 8393/6089 8411/6107
f 8403/6099 8405/6101 8412/6108
f 8411/6107 8393/6089 8390/6086
f 8390/6086 8413/6109 8411/6107
f 8413/6109 8390/6086 8409/6105
f 8412/6108 8405/6101 8411/6107
f 8410/6106 8407/6103 8233/5929
f 8233/5929 8407/6103 8408/6104
f 8233/5929 8408/6104 3741/1437
f 8412/6108 8411/6107 8414/6110
f 8415/6111 8411/6107 8413/6109
f 8414/6110 8411/6107 8416/6112
f 8415/6111 8413/6109 8417/6113
f 8417/6113 8413/6109 8409/6105
f 8409/6105 8398/6094 8418/6114
f 3748/1444 8410/6106 8233/5929
f 8419/6115 8411/6107 8415/6111
f 8416/6112 8411/6107 8419/6115
f 3748/1444 8233/5929 3749/1445
f 3822/1518 8419/6115 8415/6111
f 3743/1439 3742/1438 8420/6116
f 3820/1516 3822/1518 8421/6117
f 8421/6117 3822/1518 8415/6111
f 8417/6113 8409/6105 8422/6118
f 3823/1519 3820/1516 8421/6117
f 8421/6117 8415/6111 8417/6113
f 3743/1439 8420/6116 3753/1449
f 3753/1449 8420/6116 8423/6119
f 8424/6120 3894/1590 3896/1592
f 8421/6117 8417/6113 8422/6118
f 8422/6118 8409/6105 8425/6121
f 8425/6121 8409/6105 8418/6114
f 8426/6122 3823/1519 8421/6117
f 3753/1449 8423/6119 3754/1450
f 3754/1450 8423/6119 8427/6123
f 8428/6124 8426/6122 8429/6125
f 8429/6125 8426/6122 8421/6117
f 8429/6125 8421/6117 8422/6118
f 3756/1452 3752/1448 3757/1453
f 8241/5937 8240/5936 8430/6126
f 3754/1450 8427/6123 8431/6127
f 8432/6128 8433/6129 8434/6130
f 8433/6129 8241/5937 8434/6130
f 8434/6130 8241/5937 8430/6126
f 8434/6130 8430/6126 8435/6131
f 3754/1450 8431/6127 3768/1464
f 3759/1455 3754/1450 3768/1464
f 8436/6132 8432/6128 8434/6130
f 3758/1454 3757/1453 8247/5943
f 3768/1464 8431/6127 8437/6133
f 8438/6134 8432/6128 8436/6132
f 8439/6135 8438/6134 8436/6132
f 8436/6132 8434/6130 8257/5953
f 8257/5953 8434/6130 8435/6131
f 8440/6136 8438/6134 8439/6135
f 8439/6135 8436/6132 8257/5953
f 8441/6137 8439/6135 8257/5953
f 3771/1467 3768/1464 8437/6133
f 3771/1467 8437/6133 8442/6138
f 8441/6137 8257/5953 8259/5955
f 8443/6139 8429/6125 8422/6118
f 8444/6140 8425/6121 8418/6114
f 8445/6141 8446/6142 8440/6136
f 8445/6141 8440/6136 8447/6143
f 8447/6143 8440/6136 8439/6135
f 8447/6143 8439/6135 8441/6137
f 8447/6143 8441/6137 8259/5955
f 3771/1467 8442/6138 8448/6144
f 8448/6144 8442/6138 8449/6145
f 8450/6146 8445/6141 8447/6143
f 8450/6146 8447/6143 8262/5958
f 8447/6143 8259/5955 8262/5958
f 8422/6118 8425/6121 8451/6147
f 8451/6147 8425/6121 8444/6140
f 8448/6144 8449/6145 8452/6148
f 8445/6141 8453/6149 8446/6142
f 8450/6146 8262/5958 3776/1472
f 8454/6150 8455/6151 8456/6152
f 8457/6153 8453/6149 8458/6154
f 8458/6154 8453/6149 8459/6155
f 8459/6155 8453/6149 8445/6141
f 8459/6155 8445/6141 3778/1474
f 3778/1474 8445/6141 8450/6146
f 3778/1474 8450/6146 3776/1472
f 8448/6144 8452/6148 3631/1327
f 8452/6148 8460/6156 3631/1327
f 3631/1327 8460/6156 8461/6157
f 8460/6156 8462/6158 8461/6157
f 8462/6158 8457/6153 8463/6159
f 8461/6157 8462/6158 8463/6159
f 8463/6159 8457/6153 8458/6154
f 8463/6159 8458/6154 3779/1475
f 3779/1475 8458/6154 8459/6155
f 3779/1475 8459/6155 3778/1474
f 3631/1327 8461/6157 3781/1477
f 3781/1477 8461/6157 8463/6159
f 8463/6159 3779/1475 3626/1322
f 3781/1477 8463/6159 3626/1322
f 8289/5985 8443/6139 8422/6118
f 8464/6160 8465/6161 8443/6139
f 8466/6162 8465/6161 8464/6160
f 8456/6152 8455/6151 8467/6163
f 8464/6160 8443/6139 8289/5985
f 8289/5985 8422/6118 8451/6147
f 8451/6147 8444/6140 8291/5987
f 8468/6164 8469/6165 8470/6166
f 8470/6166 8469/6165 8279/5975
f 8464/6160 8289/5985 8288/5984
f 8293/5989 8468/6164 8470/6166
f 8293/5989 8470/6166 8295/5991
f 8295/5991 8470/6166 3785/1481
f 8470/6166 8279/5975 3785/1481
f 3785/1481 8279/5975 3786/1482
f 8466/6162 8464/6160 8471/6167
f 8471/6167 8464/6160 8472/6168
f 8472/6168 8464/6160 8288/5984
f 8291/5987 8289/5985 8451/6147
f 8473/6169 8474/6170 8475/6171
f 8476/6172 8473/6169 8475/6171
f 8477/6173 8478/6174 8307/6003
f 8307/6003 8478/6174 8305/6001
f 8479/6175 8477/6173 8307/6003
f 8480/6176 8307/6003 8308/6004
f 8479/6175 8307/6003 8480/6176
f 8481/6177 8479/6175 8480/6176
f 8479/6175 8481/6177 8482/6178
f 8480/6176 8308/6004 8483/6179
f 8313/6009 8194/5890 8484/6180
f 8484/6180 8194/5890 8485/6181
f 8194/5890 3912/1608 8485/6181
f 8485/6181 3912/1608 8486/6182
f 4088/1784 3669/1365 8108/5804
f 3847/1543 3846/1542 8115/5811
f 3847/1543 8115/5811 8487/6183
f 8115/5811 3670/1366 3850/1546
f 8488/6184 8110/5806 8322/6018
f 3930/1626 8489/6185 3931/1627
f 8490/6186 8323/6019 8491/6187
f 8323/6019 8198/5894 8491/6187
f 8491/6187 8198/5894 8492/6188
f 8492/6188 8198/5894 8317/6013
f 8492/6188 8317/6013 8493/6189
f 8494/6190 8495/6191 8496/6192
f 3671/1367 8497/6193 8498/6194
f 8499/6195 8500/6196 8501/6197
f 8499/6195 8501/6197 8502/6198
f 3672/1368 3671/1367 8498/6194
f 8499/6195 8502/6198 8503/6199
f 8504/6200 3854/1550 8505/6201
f 3672/1368 8498/6194 8506/6202
f 8505/6201 3854/1550 8507/6203
f 8507/6203 3854/1550 3860/1556
f 8508/6204 8509/6205 8510/6206
f 8511/6207 8505/6201 8507/6203
f 3673/1369 3672/1368 8506/6202
f 3674/1370 8503/6199 8511/6207
f 8512/6208 8513/6209 8514/6210
f 8515/6211 8329/6025 8331/6027
f 3674/1370 8511/6207 3675/1371
f 8511/6207 8507/6203 3802/1498
f 8507/6203 3860/1556 3802/1498
f 8516/6212 8513/6209 8512/6208
f 3802/1498 3860/1556 3800/1496
f 3675/1371 8511/6207 3802/1498
f 3684/1380 3683/1379 3862/1558
f 8331/6027 8330/6026 8338/6034
f 8331/6027 8338/6034 8517/6213
f 3684/1380 3862/1558 3807/1503
f 3807/1503 3862/1558 3808/1504
f 3808/1504 3862/1558 3864/1560
f 3808/1504 3864/1560 8518/6214
f 8517/6213 8338/6034 8519/6215
f 8518/6214 3864/1560 8520/6216
f 8520/6216 3864/1560 8521/6217
f 3864/1560 8522/6218 8521/6217
f 8519/6215 8338/6034 8348/6044
f 2376/72 8523/6219 3946/1642
f 8204/5900 3691/1387 8524/6220
f 8524/6220 3691/1387 3812/1508
f 3812/1508 3691/1387 8343/6039
f 8204/5900 8524/6220 3811/1507
f 3811/1507 8524/6220 3812/1508
f 3808/1504 8518/6214 3815/1511
f 8518/6214 8520/6216 8525/6221
f 8361/6057 8204/5900 3811/1507
f 3815/1511 8518/6214 8526/6222
f 8526/6222 8518/6214 8525/6221
f 8523/6219 3870/1566 3946/1642
f 3946/1642 3870/1566 3949/1645
f 3814/1510 3808/1504 3815/1511
f 3870/1566 3869/1565 3949/1645
f 8527/6223 8528/6224 8529/6225
f 3818/1514 3732/1428 3874/1570
f 3873/1569 3872/1568 3876/1572
f 3962/1658 3876/1572 8406/6102
f 8406/6102 8530/6226 3962/1658
f 3962/1658 8530/6226 3878/1574
f 8531/6227 3967/1663 8532/6228
f 3821/1517 3824/1520 8533/6229
f 8532/6228 3967/1663 3969/1665
f 3967/1663 8534/6230 3968/1664
f 3824/1520 3821/1517 3820/1516
f 8535/6231 8536/6232 8537/6233
f 8537/6233 8536/6232 8538/6234
f 8539/6235 8424/6120 8540/6236
f 8540/6236 8424/6120 3896/1592
f 3895/1591 3894/1590 8541/6237
f 3895/1591 8541/6237 8542/6238
f 8428/6124 8429/6125 8443/6139
f 8543/6239 8428/6124 8443/6139
f 8544/6240 8543/6239 8443/6139
f 8542/6238 8454/6150 8545/6241
f 8544/6240 8443/6139 8465/6161
f 8454/6150 8456/6152 8546/6242
f 8456/6152 8467/6163 8547/6243
f 8547/6243 8467/6163 8548/6244
f 8549/6245 8550/6246 8551/6247
f 8549/6245 8551/6247 8478/6174
f 3837/1533 3905/1601 3838/1534
f 8549/6245 8478/6174 8477/6173
f 8552/6248 3902/1598 8553/6249
f 3903/1599 3902/1598 8552/6248
f 8554/6250 8477/6173 8479/6175
f 8554/6250 8479/6175 8482/6178
f 8482/6178 8481/6177 8555/6251
f 8555/6251 8481/6177 8480/6176
f 8480/6176 8483/6179 8556/6252
f 8555/6251 8480/6176 8556/6252
f 8556/6252 8483/6179 8557/6253
f 8556/6252 8557/6253 8558/6254
f 8486/6182 3912/1608 3914/1610
f 8559/6255 8560/6256 8561/6257
f 8561/6257 8560/6256 8562/6258
f 3849/1545 3669/1365 4088/1784
f 4088/1784 8108/5804 8563/6259
f 8564/6260 8109/5805 8110/5806
f 8565/6261 8487/6183 8115/5811
f 8318/6014 8566/6262 8567/6263
f 8565/6261 8115/5811 3850/1546
f 8488/6184 8322/6018 8568/6264
f 8568/6264 8322/6018 8569/6265
f 8568/6264 8569/6265 8570/6266
f 8571/6267 8494/6190 8572/6268
f 8572/6268 8494/6190 8496/6192
f 8504/6200 3855/1551 3854/1550
f 3935/1631 3934/1630 8573/6269
f 3934/1630 3936/1632 8574/6270
f 8574/6270 3936/1632 8575/6271
f 8576/6272 8571/6267 8572/6268
f 8502/6198 8577/6273 8505/6201
f 8577/6273 8504/6200 8505/6201
f 8573/6269 3934/1630 8578/6274
f 3934/1630 8574/6270 8579/6275
f 8580/6276 8576/6272 8572/6268
f 8503/6199 8502/6198 8511/6207
f 8502/6198 8505/6201 8511/6207
f 3860/1556 3856/1552 8581/6277
f 8582/6278 8583/6279 8584/6280
f 8585/6281 3934/1630 8579/6275
f 8586/6282 8587/6283 8508/6204
f 8586/6282 8508/6204 8510/6206
f 8588/6284 8582/6278 8589/6285
f 8589/6285 8582/6278 8584/6280
f 8513/6209 8585/6281 8514/6210
f 8514/6210 8585/6281 8579/6275
f 8590/6286 8587/6283 8591/6287
f 3801/1497 3861/1557 8580/6276
f 8580/6276 8592/6288 3801/1497
f 8591/6287 8587/6283 8593/6289
f 8587/6283 8586/6282 8594/6290
f 8593/6289 8587/6283 8594/6290
f 3801/1497 8592/6288 3862/1558
f 3862/1558 8592/6288 3863/1559
f 3864/1560 3863/1559 8591/6287
f 3864/1560 8591/6287 8593/6289
f 4005/1701 8595/6291 4007/1703
f 2377/73 3947/1643 4009/1705
f 3864/1560 8593/6289 8522/6218
f 8522/6218 8593/6289 8596/6292
f 8596/6292 8593/6289 8594/6290
f 8596/6292 8594/6290 8597/6293
f 4009/1705 3947/1643 3948/1644
f 8598/6294 8599/6295 4060/1756
f 4015/1711 3866/1562 3951/1647
f 4060/1756 8599/6295 4065/1761
f 8599/6295 8600/6296 4065/1761
f 4065/1761 8600/6296 8601/6297
f 8601/6297 8600/6296 8602/6298
f 8602/6298 8603/6299 8604/6300
f 8603/6299 8605/6301 8604/6300
f 8606/6302 3960/1656 3965/1661
f 8607/6303 8608/6304 8532/6228
f 8607/6303 8532/6228 8609/6305
f 8532/6228 3969/1665 8609/6305
f 8610/6306 8539/6235 8540/6236
f 8540/6236 3896/1592 3895/1591
f 3895/1591 8542/6238 8611/6307
f 8611/6307 8542/6238 8545/6241
f 8545/6241 8454/6150 8612/6308
f 8454/6150 8546/6242 8612/6308
f 8546/6242 8456/6152 8613/6309
f 8456/6152 8547/6243 8613/6309
f 8547/6243 8548/6244 8613/6309
f 8614/6310 8476/6172 8615/6311
f 8476/6172 8475/6171 8615/6311
f 8615/6311 8475/6171 8616/6312
f 8617/6313 3903/1599 8552/6248
f 8618/6314 3903/1599 8617/6313
f 8617/6313 8552/6248 8619/6315
f 8617/6313 8619/6315 8620/6316
f 8621/6317 8554/6250 8482/6178
f 8621/6317 8482/6178 8622/6318
f 8622/6318 8482/6178 8555/6251
f 8622/6318 8555/6251 8623/6319
f 8555/6251 8556/6252 8624/6320
f 8623/6319 8555/6251 8624/6320
f 8624/6320 8556/6252 8558/6254
f 8625/6321 8624/6320 8558/6254
f 8626/6322 8622/6318 8623/6319
f 8561/6257 8562/6258 4182/1878
f 3989/1685 3847/1543 8487/6183
f 8564/6260 8110/5806 8627/6323
f 8628/6324 8487/6183 8565/6261
f 8627/6323 8110/5806 8488/6184
f 8317/6013 8318/6014 8629/6325
f 8629/6325 8318/6014 8567/6263
f 4093/1789 3993/1689 4096/1792
f 8580/6276 8572/6268 8630/6326
f 8572/6268 8496/6192 8630/6326
f 8630/6326 8496/6192 8631/6327
f 8580/6276 8630/6326 8592/6288
f 8630/6326 8631/6327 8592/6288
f 8592/6288 8631/6327 3863/1559
f 8631/6327 8590/6286 8591/6287
f 3863/1559 8631/6327 8591/6287
f 4058/1754 4004/1700 8632/6328
f 8632/6328 4004/1700 4006/1702
f 4062/1758 8598/6294 4060/1756
f 8602/6298 8604/6300 8633/6329
f 8634/6330 8608/6304 8635/6331
f 8635/6331 8608/6304 8607/6303
f 8636/6332 8609/6305 3969/1665
f 8637/6333 8638/6334 3971/1667
f 3975/1671 8639/6335 8640/6336
f 8638/6334 8636/6332 3971/1667
f 3971/1667 8636/6332 3969/1665
f 3976/1672 3975/1671 8640/6336
f 4072/1768 8610/6306 8540/6236
f 4196/1892 8540/6236 3895/1591
f 8611/6307 8545/6241 8641/6337
f 8642/6338 8643/6339 8614/6310
f 8644/6340 3903/1599 8618/6314
f 2364/60 8644/6340 8618/6314
f 4023/1719 4022/1718 8645/6341
f 8618/6314 8617/6313 8646/6342
f 4026/1722 8647/6343 8648/6344
f 8648/6344 8647/6343 8649/6345
f 8646/6342 8617/6313 8620/6316
f 8650/6346 8651/6347 8652/6348
f 8653/6349 8654/6350 8655/6351
f 8656/6352 8657/6353 8658/6354
f 8652/6348 8651/6347 8659/6355
f 8652/6348 8659/6355 8660/6356
f 8623/6319 8624/6320 8625/6321
f 8484/6180 8485/6181 8661/6357
f 8662/6358 8663/6359 8664/6360
f 8661/6357 8485/6181 8486/6182
f 4210/1906 8665/6361 4211/1907
f 8565/6261 3850/1546 3990/1686
f 8666/6362 8667/6363 8317/6013
f 8666/6362 8317/6013 8629/6325
f 8668/6364 8488/6184 8568/6264
f 8568/6264 8570/6266 8669/6365
f 8669/6365 8570/6266 8670/6366
f 3996/1692 3932/1628 4101/1797
f 8671/6367 8672/6368 8673/6369
f 8671/6367 8673/6369 8674/6370
f 8675/6371 4058/1754 8632/6328
f 4106/1802 8676/6372 4062/1758
f 4110/1806 4064/1760 4065/1761
f 4065/1761 8601/6297 8677/6373
f 4110/1806 4065/1761 8677/6373
f 8677/6373 8601/6297 8633/6329
f 8601/6297 8602/6298 8633/6329
f 8633/6329 8604/6300 8678/6374
f 8678/6374 8604/6300 8679/6375
f 8678/6374 8679/6375 8680/6376
f 4070/1766 8635/6331 8607/6303
f 8635/6331 4070/1766 8681/6377
f 4070/1766 8607/6303 8609/6305
f 8681/6377 4070/1766 4069/1765
f 4068/1764 4070/1766 8609/6305
f 8682/6378 8683/6379 8684/6380
f 4068/1764 8609/6305 8636/6332
f 8685/6381 4068/1764 8636/6332
f 8684/6380 8683/6379 8686/6382
f 8686/6382 4074/1770 4073/1769
f 8638/6334 8685/6381 8636/6332
f 4073/1769 4072/1768 8540/6236
f 8641/6337 8545/6241 8612/6308
f 8687/6383 8643/6339 8642/6338
f 8642/6338 8614/6310 8615/6311
f 2365/61 8618/6314 8646/6342
f 4023/1719 8645/6341 4139/1835
f 8688/6384 4082/1778 4081/1777
f 8689/6385 8484/6180 8690/6386
f 8691/6387 8689/6385 8690/6386
f 8660/6356 8692/6388 8693/6389
f 8693/6389 8692/6388 8689/6385
f 8690/6386 8484/6180 8661/6357
f 8486/6182 3914/1610 8694/6390
f 4383/2079 8695/6391 4145/1841
f 8696/6392 8559/6255 8561/6257
f 8697/6393 8698/6394 8699/6395
f 8699/6395 8698/6394 8700/6396
f 3989/1685 8487/6183 4218/1914
f 4218/1914 8487/6183 8628/6324
f 4089/1785 4088/1784 8563/6259
f 8628/6324 8565/6261 3990/1686
f 8701/6397 8627/6323 8488/6184
f 8701/6397 8488/6184 8668/6364
f 8668/6364 8568/6264 8702/6398
f 8702/6398 8568/6264 8669/6365
f 4093/1789 4096/1792 4095/1791
f 8675/6371 8632/6328 8703/6399
f 8704/6400 8676/6372 4106/1802
f 4061/1757 4108/1804 4161/1857
f 8633/6329 8678/6374 8705/6401
f 8705/6401 8678/6374 8706/6402
f 8678/6374 8680/6376 8706/6402
f 8706/6402 8680/6376 8682/6378
f 8706/6402 8682/6378 8707/6403
f 8682/6378 8684/6380 8707/6403
f 8686/6382 4073/1769 8684/6380
f 3895/1591 8611/6307 8641/6337
f 8546/6242 8613/6309 8708/6404
f 8709/6405 8710/6406 8711/6407
f 2365/61 2364/60 8618/6314
f 2365/61 8646/6342 8712/6408
f 8713/6409 4027/1723 4117/1813
f 4117/1813 4026/1722 8648/6344
f 8714/6410 8715/6411 8650/6346
f 8714/6410 8650/6346 8716/6412
f 8716/6412 8650/6346 8652/6348
f 8652/6348 8660/6356 8717/6413
f 8660/6356 8693/6389 8717/6413
f 8693/6389 8689/6385 8691/6387
f 8664/6360 8718/6414 4212/1908
f 8661/6357 8486/6182 8719/6415
f 4212/1908 8718/6414 4210/1906
f 8694/6390 3914/1610 4126/1822
f 4126/1822 3988/1684 8720/6416
f 8721/6417 8722/6418 8723/6419
f 8721/6417 8723/6419 8724/6420
f 8725/6421 8726/6422 8727/6423
f 4218/1914 8628/6324 4183/1879
f 4127/1823 3849/1545 4089/1785
f 4089/1785 8563/6259 8728/6424
f 8729/6425 8564/6260 8627/6323
f 4183/1879 8628/6324 3990/1686
f 4183/1879 3990/1686 4128/1824
f 8730/6426 4051/1747 4131/1827
f 8702/6398 8669/6365 8731/6427
f 8669/6365 8670/6366 8731/6427
f 8732/6428 8671/6367 2370/66
f 2370/66 8671/6367 8674/6370
f 8733/6429 4058/1754 8675/6371
f 4107/1803 4058/1754 8733/6429
f 4105/1801 4061/1757 8734/6430
f 8734/6430 4061/1757 4161/1857
f 4110/1806 8677/6373 4193/1889
f 8677/6373 8633/6329 4299/1995
f 8684/6380 4073/1769 8735/6431
f 4073/1769 8540/6236 8735/6431
f 8735/6431 8540/6236 4196/1892
f 8687/6383 8642/6338 8736/6432
f 8737/6433 8708/6404 8738/6434
f 8736/6432 8642/6338 8615/6311
f 8712/6408 8646/6342 8739/6435
f 8740/6436 8648/6344 8649/6345
f 8741/6437 4082/1778 8742/6438
f 8743/6439 8715/6411 8714/6410
f 8742/6438 4082/1778 8688/6384
f 8653/6349 8655/6351 8656/6352
f 8716/6412 8652/6348 8744/6440
f 8662/6358 8664/6360 8745/6441
f 8745/6441 8664/6360 4212/1908
f 4143/1839 8722/6418 8746/6442
f 4144/1840 4143/1839 8746/6442
f 8746/6442 8722/6418 8721/6417
f 8747/6443 8725/6421 8727/6423
f 8727/6423 8726/6422 8748/6444
f 4151/1847 3989/1685 4217/1913
f 4217/1913 3989/1685 4218/1914
f 8729/6425 8627/6323 8749/6445
f 8749/6445 8627/6323 8701/6397
f 8701/6397 8668/6364 8750/6446
f 8750/6446 8668/6364 8702/6398
f 8731/6427 8670/6366 8751/6447
f 2370/66 8674/6370 8752/6448
f 8733/6429 8675/6371 8703/6399
f 4107/1803 8733/6429 4160/1856
f 4105/1801 8734/6430 8753/6449
f 4161/1857 4110/1806 4193/1889
f 4193/1889 8677/6373 4299/1995
f 8633/6329 8705/6401 8754/6450
f 4299/1995 8633/6329 8754/6450
f 4197/1893 3895/1591 8641/6337
f 8755/6451 8612/6308 8546/6242
f 8756/6452 8616/6312 8475/6171
f 4140/1836 4139/1835 4200/1896
f 8757/6453 2365/61 8712/6408
f 8742/6438 8688/6384 4081/1777
f 8744/6440 8652/6348 8758/6454
f 8759/6455 8693/6389 8691/6387
f 8759/6455 8691/6387 8690/6386
f 8758/6454 8652/6348 8717/6413
f 8717/6413 8693/6389 8760/6456
f 8760/6456 8693/6389 8759/6455
f 8719/6415 8486/6182 8761/6457
f 8761/6457 8486/6182 8694/6390
f 8747/6443 8727/6423 8762/6458
f 4127/1823 4089/1785 8728/6424
f 8699/6395 8700/6396 8763/6459
f 4218/1914 4183/1879 4184/1880
f 8763/6459 8700/6396 8764/6460
f 8700/6396 8698/6394 8765/6461
f 8764/6460 8700/6396 8765/6461
f 8766/6462 8629/6325 8567/6263
f 8730/6426 4131/1827 8767/6463
f 8750/6446 8702/6398 8768/6464
f 8768/6464 8702/6398 8731/6427
f 4157/1853 4093/1789 4095/1791
f 8769/6465 8770/6466 8771/6467
f 8772/6468 8704/6400 4106/1802
f 4106/1802 4105/1801 8773/6469
f 8734/6430 4161/1857 4194/1890
f 4193/1889 4299/1995 4298/1994
f 8754/6450 8705/6401 8774/6470
f 8705/6401 8706/6402 8774/6470
f 8706/6402 8707/6403 8775/6471
f 8775/6471 8707/6403 8684/6380
f 8775/6471 8684/6380 8735/6431
f 4197/1893 8641/6337 8755/6451
f 8641/6337 8612/6308 8755/6451
f 8546/6242 8708/6404 8776/6472
f 8776/6472 8708/6404 8737/6433
f 8736/6432 8615/6311 8777/6473
f 8756/6452 8615/6311 8616/6312
f 8778/6474 8713/6409 4308/2004
f 4308/2004 8713/6409 4117/1813
f 8757/6453 8712/6408 8739/6435
f 8742/6438 4081/1777 8779/6475
f 4120/1816 4207/1903 4122/1818
f 8780/6476 8781/6477 8653/6349
f 8759/6455 8690/6386 8782/6478
f 8690/6386 8661/6357 8782/6478
f 8782/6478 8661/6357 8719/6415
f 8694/6390 4126/1822 4283/1979
f 4383/2079 4145/1841 4144/1840
f 4216/1912 4147/1843 4146/1842
f 8762/6458 8727/6423 8748/6444
f 4151/1847 4217/1913 8783/6479
f 4217/1913 4184/1880 8783/6479
f 8783/6479 4184/1880 8784/6480
f 8784/6480 4184/1880 4127/1823
f 8784/6480 4127/1823 8728/6424
f 8785/6481 8729/6425 8786/6482
f 8786/6482 8729/6425 8749/6445
f 8786/6482 8749/6445 8787/6483
f 8750/6446 8749/6445 8701/6397
f 8787/6483 8749/6445 8750/6446
f 8787/6483 8750/6446 8768/6464
f 4052/1748 4094/1790 4237/1933
f 4265/1961 8788/6484 4268/1964
f 8789/6485 8769/6465 8790/6486
f 8769/6465 8771/6467 8790/6486
f 8791/6487 8732/6428 2370/66
f 8772/6468 4106/1802 8792/6488
f 8792/6488 4106/1802 8773/6469
f 8773/6469 4105/1801 8753/6449
f 8753/6449 8734/6430 4194/1890
f 4194/1890 4193/1889 4298/1994
f 8774/6470 8706/6402 8775/6471
f 8735/6431 4196/1892 4197/1893
f 4534/2230 8755/6451 8546/6242
f 8737/6433 8738/6434 8793/6489
f 2366/62 2365/61 8757/6453
f 4308/2004 4117/1813 8648/6344
f 8758/6454 8717/6413 8760/6456
f 8761/6457 8694/6390 4283/1979
f 8561/6257 4182/1878 4215/1911
f 8783/6479 8784/6480 8794/6490
f 8795/6491 8785/6481 8796/6492
f 8797/6493 8747/6443 8798/6494
f 8747/6443 8762/6458 8798/6494
f 4151/1847 8783/6479 8799/6495
f 8785/6481 8786/6482 8800/6496
f 8796/6492 8785/6481 8800/6496
f 8762/6458 8748/6444 8801/6497
f 8800/6496 8786/6482 8787/6483
f 8802/6498 8803/6499 4335/2031
f 4335/2031 8803/6499 4338/2034
f 8764/6460 8765/6461 8804/6500
f 4338/2034 4264/1960 4266/1962
f 4268/1964 8788/6484 8789/6485
f 4268/1964 8789/6485 4290/1986
f 8789/6485 8790/6486 4290/1986
f 2371/67 2370/66 8752/6448
f 4290/1986 8790/6486 8805/6501
f 8805/6501 8790/6486 8771/6467
f 8753/6449 4194/1890 8806/6502
f 4299/1995 8754/6450 4302/1998
f 8777/6473 8615/6311 8807/6503
f 8615/6311 8756/6452 8807/6503
f 8778/6474 4308/2004 4307/2003
f 8808/6504 2366/62 8757/6453
f 8711/6407 8710/6406 8809/6505
f 8810/6506 4308/2004 8648/6344
f 8810/6506 8648/6344 8740/6436
f 8811/6507 8742/6438 8812/6508
f 8812/6508 8742/6438 8779/6475
f 8813/6509 8714/6410 8716/6412
f 8653/6349 8656/6352 8814/6510
f 8814/6510 8656/6352 8658/6354
f 8815/6511 8759/6455 8782/6478
f 8816/6512 8745/6441 4212/1908
f 8815/6511 8782/6478 8817/6513
f 8817/6513 8782/6478 8719/6415
f 8719/6415 8761/6457 8818/6514
f 8799/6495 8783/6479 8794/6490
f 8819/6515 4151/1847 8799/6495
f 8820/6516 8796/6492 8800/6496
f 8821/6517 8797/6493 8798/6494
f 8762/6458 8801/6497 8822/6518
f 4334/2030 8823/6519 8802/6498
f 4334/2030 8802/6498 4335/2031
f 4336/2032 4335/2031 4338/2034
f 8763/6459 8764/6460 8824/6520
f 8824/6520 8764/6460 8804/6500
f 8825/6521 8826/6522 4527/2223
f 8767/6463 4131/1827 4288/1984
f 4291/1987 4290/1986 4410/2106
f 2372/68 8791/6487 2370/66
f 8773/6469 8753/6449 8827/6523
f 8806/6502 4194/1890 8828/6524
f 8828/6524 4194/1890 8829/6525
f 8829/6525 4194/1890 4298/1994
f 4534/2230 8546/6242 8776/6472
f 8776/6472 8737/6433 8830/6526
f 8830/6526 8737/6433 8831/6527
f 8831/6527 8737/6433 8793/6489
f 8832/6528 8736/6432 8777/6473
f 4306/2002 4201/1897 4305/2001
f 4309/2005 4308/2004 8810/6506
f 8813/6509 8743/6439 8714/6410
f 8758/6454 8760/6456 8833/6529
f 8760/6456 8759/6455 8834/6530
f 8817/6513 8719/6415 8818/6514
f 8761/6457 4283/1979 4558/2254
f 4374/2070 4318/2014 4321/2017
f 4377/2073 8835/6531 4378/2074
f 4144/1840 8746/6442 8836/6532
f 8836/6532 8746/6442 8721/6417
f 8836/6532 8721/6417 8837/6533
f 8721/6417 8724/6420 8837/6533
f 8838/6534 8696/6392 8561/6257
f 8838/6534 8561/6257 8839/6535
f 8839/6535 8561/6257 4215/1911
f 8839/6535 4215/1911 4326/2022
f 8840/6536 8799/6495 8794/6490
f 8840/6536 8794/6490 8841/6537
f 8795/6491 8796/6492 8820/6516
f 4331/2027 4330/2026 4333/2029
f 8842/6538 8819/6515 8799/6495
f 8842/6538 8799/6495 8840/6536
f 4481/2177 8823/6519 4334/2030
f 8798/6494 8762/6458 8822/6518
f 4336/2032 4338/2034 4339/2035
f 8843/6539 8822/6518 8801/6497
f 4339/2035 4267/1963 4268/1964
f 8844/6540 8772/6468 8845/6541
f 4288/1984 4155/1851 4350/2046
f 4410/2106 4290/1986 8846/6542
f 8847/6543 8848/6544 8849/6545
f 4290/1986 8805/6501 8846/6542
f 8829/6525 4298/1994 4488/2184
f 4298/1994 4300/1996 4488/2184
f 8735/6431 4197/1893 8850/6546
f 8851/6547 4197/1893 8755/6451
f 8852/6548 8741/6437 8742/6438
f 8852/6548 8742/6438 8811/6507
f 8853/6549 8809/6505 8854/6550
f 8855/6551 8757/6453 8739/6435
f 8780/6476 8653/6349 8856/6552
f 8856/6552 8653/6349 8814/6510
f 8813/6509 8716/6412 8744/6440
f 8813/6509 8744/6440 8857/6553
f 8662/6358 8745/6441 8816/6512
f 8816/6512 4212/1908 8858/6554
f 8815/6511 8817/6513 8859/6555
f 8858/6554 4212/1908 4368/2064
f 8833/6529 8760/6456 8860/6556
f 4283/1979 4282/1978 4556/2252
f 4378/2074 8835/6531 4425/2121
f 8835/6531 4385/2081 4425/2121
f 4425/2121 4385/2081 4387/2083
f 4387/2083 4386/2082 4394/2090
f 4481/2177 4334/2030 4480/2176
f 4480/2176 4334/2030 4336/2032
f 8861/6557 4336/2032 4339/2035
f 8821/6517 8798/6494 8862/6558
f 8863/6559 4339/2035 8864/6560
f 8864/6560 4339/2035 4268/1964
f 8865/6561 4268/1964 4291/1987
f 8865/6561 4291/1987 4446/2142
f 4291/1987 4410/2106 4446/2142
f 8845/6541 8772/6468 8792/6488
f 8866/6562 8867/6563 8868/6564
f 8869/6565 8870/6566 8791/6487
f 8869/6565 8791/6487 2372/68
f 8828/6524 8829/6525 4564/2260
f 8871/6567 8754/6450 8774/6470
f 8872/6568 4307/2003 4458/2154
f 8810/6506 8740/6436 8873/6569
f 8874/6570 8852/6548 8811/6507
f 8874/6570 8811/6507 8875/6571
f 8811/6507 8812/6508 8875/6571
f 4256/1952 8876/6572 4365/2061
f 8744/6440 8758/6454 8833/6529
f 8858/6554 4368/2064 4669/2365
f 8860/6556 8760/6456 8834/6530
f 8818/6514 8761/6457 4558/2254
f 8877/6573 8878/6574 8879/6575
f 8879/6575 8878/6574 4379/2075
f 4465/2161 4381/2077 4424/2120
f 8836/6532 8837/6533 8880/6576
f 8881/6577 8838/6534 8882/6578
f 3924/1620 4384/2080 4429/2125
f 8882/6578 8838/6534 8839/6535
f 8882/6578 8839/6535 4326/2022
f 4480/2176 4336/2032 8883/6579
f 8883/6579 4336/2032 8861/6557
f 8861/6557 4339/2035 8884/6580
f 8884/6580 4339/2035 8863/6559
f 8862/6558 8798/6494 8822/6518
f 8822/6518 8843/6539 8885/6581
f 8864/6560 4268/1964 8865/6561
f 8865/6561 4446/2142 4483/2179
f 8765/6461 8886/6582 8887/6583
f 8888/6584 8844/6540 8889/6585
f 8889/6585 8844/6540 8845/6541
f 8827/6523 8753/6449 8806/6502
f 8871/6567 8774/6470 8775/6471
f 8775/6471 8735/6431 8890/6586
f 8890/6586 8735/6431 8850/6546
f 8850/6546 4197/1893 8851/6547
f 8891/6587 8832/6528 8777/6473
f 8756/6452 8475/6171 8892/6588
f 8893/6589 8709/6405 8711/6407
f 8808/6504 8757/6453 8894/6590
f 8853/6549 8854/6550 8895/6591
f 8896/6592 8757/6453 8855/6551
f 4364/2060 4494/2190 4256/1952
f 4494/2190 8876/6572 4256/1952
f 8897/6593 4669/2365 4368/2064
f 4558/2254 4283/1979 4556/2252
f 8877/6573 8879/6575 8898/6594
f 8879/6575 4379/2075 8899/6595
f 4379/2075 4426/2122 8899/6595
f 4144/1840 8836/6532 4837/2533
f 4837/2533 8836/6532 8900/6596
f 8900/6596 8836/6532 8880/6576
f 4501/2197 4431/2127 4478/2174
f 8901/6597 4480/2176 8883/6579
f 4542/2238 8666/6362 4543/2239
f 4543/2239 8666/6362 8902/6598
f 8903/6599 8904/6600 8821/6517
f 8903/6599 8821/6517 8862/6558
f 8862/6558 8822/6518 8885/6581
f 8905/6601 8826/6522 8825/6521
f 8824/6520 8804/6500 8906/6602
f 8825/6521 4527/2223 4526/2222
f 8845/6541 8792/6488 8907/6603
f 8792/6488 8773/6469 8908/6604
f 8887/6583 8886/6582 8909/6605
f 8910/6606 4288/1984 4350/2046
f 8910/6606 4350/2046 4596/2292
f 8806/6502 8828/6524 8911/6607
f 4302/1998 8754/6450 8912/6608
f 8912/6608 8754/6450 8871/6567
f 8851/6547 8755/6451 4534/2230
f 8872/6568 4458/2154 4568/2264
f 4490/2186 4354/2050 4554/2250
f 4356/2052 4306/2002 4491/2187
f 4535/2231 4309/2005 8810/6506
f 8893/6589 8711/6407 8913/6609
f 8914/6610 8852/6548 8874/6570
f 8874/6570 8875/6571 8915/6611
f 8916/6612 8743/6439 8813/6509
f 8834/6530 8759/6455 8917/6613
f 8917/6613 8759/6455 8815/6511
f 8859/6555 8817/6513 8918/6614
f 8918/6614 8817/6513 8818/6514
f 8919/6615 8877/6573 8898/6594
f 8898/6594 8879/6575 8899/6595
f 8899/6595 4426/2122 8920/6616
f 8920/6616 4426/2122 4466/2162
f 4497/2193 4144/1840 4837/2533
f 8882/6578 4326/2022 4502/2198
f 4501/2197 4478/2174 8921/6617
f 4478/2174 4480/2176 8922/6618
f 8922/6618 4480/2176 8901/6597
f 8923/6619 8924/6620 8925/6621
f 4406/2102 4403/2099 4545/2241
f 4483/2179 4482/2178 8926/6622
f 8804/6500 8765/6461 8927/6623
f 8906/6602 8804/6500 8927/6623
f 8765/6461 8887/6583 8927/6623
f 4596/2292 4350/2046 4507/2203
f 4457/2153 4296/1992 4640/2336
f 8911/6607 8828/6524 4564/2260
f 4565/2261 4564/2260 8829/6525
f 4565/2261 8829/6525 4488/2184
f 4565/2261 4488/2184 4487/2183
f 4300/1996 4302/1998 4530/2226
f 4530/2226 4302/1998 8912/6608
f 8775/6471 8890/6586 8928/6624
f 8929/6625 4534/2230 8776/6472
f 4458/2154 4309/2005 4535/2231
f 8930/6626 8776/6472 8830/6526
f 8830/6526 8831/6527 8793/6489
f 8931/6627 8832/6528 8891/6587
f 8894/6590 8757/6453 8896/6592
f 4494/2190 4538/2234 8876/6572
f 8932/6628 8743/6439 8916/6612
f 8857/6553 8744/6440 8833/6529
f 8917/6613 8815/6511 8859/6555
f 8933/6629 8934/6630 8935/6631
f 8921/6617 4478/2174 8922/6618
f 8936/6632 8937/6633 8938/6634
f 8938/6634 8937/6633 8939/6635
f 8939/6635 8937/6633 8923/6619
f 8937/6633 8924/6620 8923/6619
f 8923/6619 8925/6621 8940/6636
f 8925/6621 8941/6637 8940/6636
f 8941/6637 8942/6638 8943/6639
f 8944/6640 8865/6561 4483/2179
f 8885/6581 8843/6539 8945/6641
f 8945/6641 8843/6539 8946/6642
f 8907/6603 8792/6488 8908/6604
f 8908/6604 8773/6469 8827/6523
f 8871/6567 8775/6471 8928/6624
f 4533/2229 8851/6547 4534/2230
f 4568/2264 4458/2154 4536/2232
f 4535/2231 8810/6506 8873/6569
f 8914/6610 8874/6570 8947/6643
f 8947/6643 8874/6570 8915/6611
f 8662/6358 8816/6512 8948/6644
f 8919/6615 8898/6594 8949/6645
f 8933/6629 8935/6631 8950/6646
f 8950/6646 8935/6631 8951/6647
f 8935/6631 8952/6648 8951/6647
f 8952/6648 8953/6649 8951/6647
f 8951/6647 8953/6649 8954/6650
f 8953/6649 8955/6651 8954/6650
f 8955/6651 8956/6652 8957/6653
f 8954/6650 8955/6651 8957/6653
f 8958/6654 8881/6577 8882/6578
f 8957/6653 8956/6652 8959/6655
f 8960/6656 8961/6657 8962/6658
f 8960/6656 8962/6658 8963/6659
f 8962/6658 8964/6660 8963/6659
f 8963/6659 8964/6660 8965/6661
f 8965/6661 8964/6660 8936/6632
f 8965/6661 8936/6632 8938/6634
f 8902/6598 8666/6362 8629/6325
f 8966/6662 8629/6325 8766/6462
f 8940/6636 8941/6637 8943/6639
f 8944/6640 4483/2179 8926/6622
f 8903/6599 8862/6558 4619/2315
f 4619/2315 8862/6558 8885/6581
f 8889/6585 8845/6541 8967/6663
f 8967/6663 8845/6541 8907/6603
f 8910/6606 4596/2292 8968/6664
f 8887/6583 8909/6605 8969/6665
f 8970/6666 8806/6502 8911/6607
f 4530/2226 8912/6608 4611/2307
f 4533/2229 8850/6546 8851/6547
f 8929/6625 8776/6472 8930/6626
f 8971/6667 8852/6548 8914/6610
f 8830/6526 8793/6489 8972/6668
f 8973/6669 8832/6528 8931/6627
f 8814/6510 8658/6354 8974/6670
f 8975/6671 8662/6358 8948/6644
f 8857/6553 8833/6529 8976/6672
f 8816/6512 8858/6554 4669/2365
f 8833/6529 8860/6556 8977/6673
f 8976/6672 8833/6529 8977/6673
f 8977/6673 8860/6556 8834/6530
f 8918/6614 8818/6514 8978/6674
f 4715/2411 4372/2068 4317/2013
f 8979/6675 4578/2274 8980/6676
f 8979/6675 8980/6676 8981/6677
f 8980/6676 8934/6630 8981/6677
f 8981/6677 8934/6630 8933/6629
f 4518/2214 4517/2213 4581/2277
f 8950/6646 8951/6647 8982/6678
f 8900/6596 8880/6576 8983/6679
f 8957/6653 8959/6655 8984/6680
f 8959/6655 8961/6657 8984/6680
f 8984/6680 8961/6657 8960/6656
f 8985/6681 8939/6635 8923/6619
f 8985/6681 8923/6619 8940/6636
f 8985/6681 8940/6636 8986/6682
f 8902/6598 8629/6325 8966/6662
f 8987/6683 4544/2240 4543/2239
f 4659/2355 8903/6599 4619/2315
f 4619/2315 8885/6581 8945/6641
f 8887/6583 8969/6665 8988/6684
f 8989/6685 4564/2260 4566/2262
f 4565/2261 4487/2183 4644/2340
f 4644/2340 4487/2183 4530/2226
f 8890/6586 8850/6546 8990/6686
f 8990/6686 8850/6546 4533/2229
f 4532/2228 4534/2230 8929/6625
f 4569/2265 4536/2232 8991/6687
f 4491/2187 4553/2249 4570/2266
f 4536/2232 4535/2231 8992/6688
f 8992/6688 4535/2231 8873/6569
f 8993/6689 8852/6548 8971/6667
f 8930/6626 8830/6526 8972/6668
f 8971/6667 8914/6610 8994/6690
f 8914/6610 8947/6643 8994/6690
f 4493/2189 4516/2212 4573/2269
f 4537/2233 4571/2267 4538/2234
f 8894/6590 8896/6592 8995/6691
f 8896/6592 8855/6551 8996/6692
f 8997/6693 8932/6628 8916/6612
f 8997/6693 8916/6612 8998/6694
f 8998/6694 8916/6612 8813/6509
f 8977/6673 8834/6530 8999/6695
f 8999/6695 8834/6530 8917/6613
f 8978/6674 8818/6514 9000/6696
f 8818/6514 4558/2254 9001/6697
f 9000/6696 8818/6514 9001/6697
f 9001/6697 4558/2254 4557/2253
f 4715/2411 4317/2013 4577/2273
f 8981/6677 8933/6629 9002/6698
f 9002/6698 8933/6629 8950/6646
f 9002/6698 8950/6646 8982/6678
f 9003/6699 8982/6678 8951/6647
f 9003/6699 8951/6647 8954/6650
f 8960/6656 8963/6659 9004/6700
f 9004/6700 8963/6659 8965/6661
f 8965/6661 8938/6634 8939/6635
f 8966/6662 8766/6462 8567/6263
f 8940/6636 8943/6639 4677/2373
f 8908/6604 8827/6523 9005/6701
f 8989/6685 8911/6607 4564/2260
f 4566/2262 4565/2261 4644/2340
f 4644/2340 4530/2226 4612/2308
f 4611/2307 8912/6608 4686/2382
f 8912/6608 8871/6567 4686/2382
f 8991/6687 4536/2232 8992/6688
f 9006/6702 8807/6503 8756/6452
f 8856/6552 8814/6510 9007/6703
f 9007/6703 8814/6510 8974/6670
f 8999/6695 8917/6613 9008/6704
f 9008/6704 8917/6613 8859/6555
f 4669/2365 8897/6593 9009/6705
f 8954/6650 8957/6653 9010/6706
f 9010/6706 8957/6653 8984/6680
f 8986/6682 8940/6636 4677/2373
f 8987/6683 4543/2239 4634/2330
f 4620/2316 4619/2315 8945/6641
f 8945/6641 8946/6642 9011/6707
f 8927/6623 8887/6583 9012/6708
f 9013/6709 8827/6523 8806/6502
f 9013/6709 8806/6502 8970/6666
f 8968/6664 4596/2292 4595/2291
f 9014/6710 8852/6548 9015/6711
f 9016/6712 8929/6625 8930/6626
f 9015/6711 8852/6548 8993/6689
f 8993/6689 8971/6667 8994/6690
f 8816/6512 4669/2365 4671/2367
f 9008/6704 8859/6555 9017/6713
f 9017/6713 8859/6555 8918/6614
f 4604/2300 4578/2274 8979/6675
f 9018/6714 8981/6677 9002/6698
f 9002/6698 8982/6678 9019/6715
f 8982/6678 9003/6699 9020/6716
f 9020/6716 9003/6699 8954/6650
f 9021/6717 4471/2167 4497/2193
f 8958/6654 8882/6578 9022/6718
f 9010/6706 8984/6680 9023/6719
f 8882/6578 4502/2198 9024/6720
f 8984/6680 8960/6656 9025/6721
f 9025/6721 8960/6656 9004/6700
f 9004/6700 8965/6661 9026/6722
f 8965/6661 8939/6635 9026/6722
f 9027/6723 8939/6635 8985/6681
f 8985/6681 8986/6682 4676/2372
f 4633/2329 8902/6598 9028/6724
f 4659/2355 4619/2315 4621/2317
f 4620/2316 8945/6641 9011/6707
f 9029/6725 8908/6604 9005/6701
f 8927/6623 9012/6708 9030/6726
f 8906/6602 8927/6623 9030/6726
f 9005/6701 8827/6523 9013/6709
f 9012/6708 8887/6583 8988/6684
f 9031/6727 4566/2262 4644/2340
f 4612/2308 4611/2307 4688/2384
f 4688/2384 4611/2307 4686/2382
f 4686/2382 8871/6567 8928/6624
f 8890/6586 8990/6686 9032/6728
f 4613/2309 4567/2263 4647/2343
f 9033/6729 4569/2265 8991/6687
f 9034/6730 8991/6687 8992/6688
f 9015/6711 8993/6689 8994/6690
f 8813/6509 8857/6553 9035/6731
f 8948/6644 8816/6512 4671/2367
f 8918/6614 8978/6674 9036/6732
f 9036/6732 8978/6674 9037/6733
f 9037/6733 8978/6674 9000/6696
f 4604/2300 8979/6675 9018/6714
f 9018/6714 8979/6675 8981/6677
f 9018/6714 9002/6698 9038/6734
f 9019/6715 8982/6678 9020/6716
f 9023/6719 8984/6680 9025/6721
f 9026/6722 8939/6635 9027/6723
f 9027/6723 8985/6681 9039/6735
f 9039/6735 8985/6681 4676/2372
f 4676/2372 8986/6682 4677/2373
f 4633/2329 4543/2239 8902/6598
f 8967/6663 8907/6603 9040/6736
f 8907/6603 8908/6604 9040/6736
f 9040/6736 8908/6604 9029/6725
f 9011/6707 8946/6642 9041/6737
f 8990/6686 4533/2229 4793/2489
f 9033/6729 8991/6687 9042/6738
f 9043/6739 9014/6710 9015/6711
f 9044/6740 8931/6627 8891/6587
f 8777/6473 8807/6503 9006/6702
f 8995/6691 8896/6592 9045/6741
f 9017/6713 8918/6614 9036/6732
f 4693/2389 4579/2275 4604/2300
f 4770/2466 4604/2300 9018/6714
f 9046/6742 9020/6716 8954/6650
f 9046/6742 8954/6650 9010/6706
f 9025/6721 9004/6700 9026/6722
f 4621/2317 4620/2316 9047/6743
f 9047/6743 4620/2316 9011/6707
f 8968/6664 4595/2291 4682/2378
f 9048/6744 8968/6664 4682/2378
f 8989/6685 4566/2262 9049/6745
f 9031/6727 4644/2340 4643/2339
f 9050/6746 4612/2308 4688/2384
f 4687/2383 4686/2382 8928/6624
f 8928/6624 8890/6586 9032/6728
f 4533/2229 4532/2228 4791/2487
f 9042/6738 8991/6687 9034/6730
f 4532/2228 8929/6625 4791/2487
f 4791/2487 8929/6625 9016/6712
f 9015/6711 8994/6690 9051/6747
f 4615/2311 4666/2362 4572/2268
f 9044/6740 8891/6587 8777/6473
f 4670/2366 4669/2365 9009/6705
f 8977/6673 8999/6695 9008/6704
f 9038/6734 9002/6698 9019/6715
f 9046/6742 9010/6706 9023/6719
f 9052/6748 9026/6722 9027/6723
f 4748/2444 9053/6749 9054/6750
f 9028/6724 8902/6598 8966/6662
f 9011/6707 9041/6737 9055/6751
f 9055/6751 9041/6737 9056/6752
f 9057/6753 8970/6666 8911/6607
f 4643/2339 4612/2308 9050/6746
f 9032/6728 8990/6686 5150/2846
f 8990/6686 4793/2489 5150/2846
f 4793/2489 4533/2229 4791/2487
f 4728/2424 4646/2342 4647/2343
f 4663/2359 4646/2342 4728/2424
f 9058/6754 8930/6626 8972/6668
f 9044/6740 8777/6473 9006/6702
f 8913/6609 8711/6407 8809/6505
f 9045/6741 8896/6592 8996/6692
f 8998/6694 8813/6509 9059/6755
f 8976/6672 8977/6673 9060/6756
f 9038/6734 9019/6715 9061/6757
f 9061/6757 9019/6715 9020/6716
f 9062/6758 9046/6742 9023/6719
f 9062/6758 9023/6719 9025/6721
f 9024/6720 4502/2198 4523/2219
f 4697/2393 4621/2317 9047/6743
f 9047/6743 9011/6707 9055/6751
f 9012/6708 8988/6684 9063/6759
f 9048/6744 4682/2378 9064/6760
f 9063/6759 8988/6684 9065/6761
f 4682/2378 4610/2306 4701/2397
f 9049/6745 4566/2262 9031/6727
f 4687/2383 8928/6624 9066/6762
f 4728/2424 4647/2343 9067/6763
f 9068/6764 9033/6729 9069/6765
f 9069/6765 9033/6729 9042/6738
f 9070/6766 9042/6738 9034/6730
f 9070/6766 9034/6730 8992/6688
f 9071/6767 9014/6710 9043/6739
f 9072/6768 9043/6739 9015/6711
f 9072/6768 9015/6711 9051/6747
f 9058/6754 8972/6668 9073/6769
f 9006/6702 8756/6452 9074/6770
f 9059/6755 8813/6509 9035/6731
f 8857/6553 8976/6672 9075/6771
f 4692/2388 4604/2300 4770/2466
f 4768/2464 9018/6714 9076/6772
f 9076/6772 9018/6714 9038/6734
f 9077/6773 9038/6734 9061/6757
f 9061/6757 9020/6716 9078/6774
f 9078/6774 9020/6716 9046/6742
f 9022/6718 8882/6578 9024/6720
f 9079/6775 4660/2356 4697/2393
f 9066/6762 8928/6624 9032/6728
f 9069/6765 9042/6738 9070/6766
f 9080/6776 9071/6767 9043/6739
f 8913/6609 8809/6505 9081/6777
f 9081/6777 8809/6505 8853/6549
f 9082/6778 8780/6476 8856/6552
f 9008/6704 9017/6713 9083/6779
f 9083/6779 9017/6713 9036/6732
f 9037/6733 9000/6696 9084/6780
f 9084/6780 9000/6696 9001/6697
f 9085/6781 9026/6722 9052/6748
f 9052/6748 9027/6723 9085/6781
f 9027/6723 9039/6735 9086/6782
f 4749/2445 4748/2444 9054/6750
f 9087/6783 8967/6663 9088/6784
f 9079/6775 4697/2393 9089/6785
f 9047/6743 9055/6751 9090/6786
f 9013/6709 8970/6666 9091/6787
f 9030/6726 9012/6708 9092/6788
f 9093/6789 9030/6726 9092/6788
f 9068/6764 9069/6765 9094/6790
f 9072/6768 9051/6747 9095/6791
f 4651/2347 4742/2438 4710/2406
f 9058/6754 9073/6769 9096/6792
f 9097/6793 8931/6627 9044/6740
f 9098/6794 8894/6590 8995/6691
f 9075/6771 8976/6672 9060/6756
f 4770/2466 9018/6714 4768/2464
f 9076/6772 9038/6734 9077/6773
f 4676/2372 4678/2374 4751/2447
f 9089/6785 4697/2393 9047/6743
f 9089/6785 9047/6743 9090/6786
f 9090/6786 9055/6751 9099/6795
f 9099/6795 9055/6751 9056/6752
f 4739/2435 4639/2335 4681/2377
f 9092/6788 9012/6708 9063/6759
f 9057/6753 8911/6607 8989/6685
f 9100/6796 9050/6746 4688/2384
f 9100/6796 4688/2384 4687/2383
f 9100/6796 4687/2383 9101/6797
f 4760/2456 4728/2424 9067/6763
f 9094/6790 9069/6765 9102/6798
f 9102/6798 9069/6765 9070/6766
f 9080/6776 9043/6739 9072/6768
f 9016/6712 8930/6626 9058/6754
f 9074/6770 8756/6452 8892/6588
f 4749/2445 9054/6750 9103/6799
f 9088/6784 8967/6663 9104/6800
f 9104/6800 8967/6663 9040/6736
f 9040/6736 9029/6725 9105/6801
f 9104/6800 9040/6736 9105/6801
f 9105/6801 9029/6725 9005/6701
f 9106/6802 9089/6785 9090/6786
f 9093/6789 9092/6788 9107/6803
f 9099/6795 9056/6752 9108/6804
f 9057/6753 8989/6685 9109/6805
f 9064/6760 4682/2378 4740/2436
f 9066/6762 9032/6728 9110/6806
f 4760/2456 9067/6763 4806/2502
f 4818/2514 9068/6764 9094/6790
f 9111/6807 9071/6767 9080/6776
f 9016/6712 9058/6754 9112/6808
f 9044/6740 9006/6702 9113/6809
f 9113/6809 9006/6702 9074/6770
f 8853/6549 8895/6591 9114/6810
f 9035/6731 8857/6553 9075/6771
f 9084/6780 9001/6697 9115/6811
f 9001/6697 4557/2253 9116/6812
f 9115/6811 9001/6697 9116/6812
f 4768/2464 9076/6772 9117/6813
f 9076/6772 9077/6773 9118/6814
f 9077/6773 9061/6757 9119/6815
f 9061/6757 9078/6774 9119/6815
f 9119/6815 9078/6774 9046/6742
f 9046/6742 9062/6758 9120/6816
f 9062/6758 9025/6721 9121/6817
f 9122/6818 8900/6596 8983/6679
f 9079/6775 9089/6785 9106/6802
f 9090/6786 9099/6795 9123/6819
f 4818/2514 9094/6790 4819/2515
f 9124/6820 9111/6807 9080/6776
f 9125/6821 9080/6776 9072/6768
f 9125/6821 9072/6768 9126/6822
f 9126/6822 9072/6768 9095/6791
f 4702/2398 4761/2457 4762/2458
f 8948/6644 4671/2367 9127/6823
f 9127/6823 4671/2367 4670/2366
f 4692/2388 4770/2466 4769/2465
f 9128/6824 9117/6813 9076/6772
f 4837/2533 8900/6596 9129/6825
f 9129/6825 8900/6596 9122/6818
f 9025/6721 9026/6722 9121/6817
f 9130/6826 9026/6722 9085/6781
f 9131/6827 9028/6724 8966/6662
f 8966/6662 8567/6263 9132/6828
f 9106/6802 9090/6786 9123/6819
f 9133/6829 9079/6775 9106/6802
f 9134/6830 8970/6666 9057/6753
f 9064/6760 4740/2436 4789/2485
f 9049/6745 9031/6727 9135/6831
f 9135/6831 9031/6727 4643/2339
f 9101/6797 4687/2383 9136/6832
f 4819/2515 9094/6790 9102/6798
f 9137/6833 9016/6712 9112/6808
f 9060/6756 8977/6673 9008/6704
f 9083/6779 9036/6732 9037/6733
f 9083/6779 9037/6733 9138/6834
f 9138/6834 9037/6733 9084/6780
f 4717/2413 4656/2352 4784/2480
f 9119/6815 9046/6742 9120/6816
f 9024/6720 4523/2219 9139/6835
f 9085/6781 9027/6723 9086/6782
f 9039/6735 4676/2372 4751/2447
f 4907/2603 9050/6746 9100/6796
f 9136/6832 4687/2383 9066/6762
f 9124/6820 9080/6776 9125/6821
f 4780/2476 4761/2457 4833/2529
f 4782/2478 4822/2518 4731/2427
f 9058/6754 9096/6792 9140/6836
f 9141/6837 9097/6793 9044/6740
f 9142/6838 9044/6740 9113/6809
f 9082/6778 8856/6552 9143/6839
f 9143/6839 8856/6552 9007/6703
f 9127/6823 4670/2366 9144/6840
f 9075/6771 9060/6756 9145/6841
f 9144/6840 4670/2366 9009/6705
f 4769/2465 4768/2464 9117/6813
f 9128/6824 9076/6772 9118/6814
f 9077/6773 9119/6815 9146/6842
f 4750/2446 4749/2445 9103/6799
f 9088/6784 9104/6800 9147/6843
f 9091/6787 8970/6666 9134/6830
f 9148/6844 9106/6802 9123/6819
f 9134/6830 9057/6753 9109/6805
f 9063/6759 9065/6761 9149/6845
f 9109/6805 8989/6685 9049/6745
f 9150/6846 9064/6760 4789/2485
f 5150/2846 4793/2489 9151/6847
f 9152/6848 4819/2515 9102/6798
f 9152/6848 9102/6798 9153/6849
f 9154/6850 9124/6820 9125/6821
f 9125/6821 9126/6822 9155/6851
f 4791/2487 9016/6712 9137/6833
f 9156/6852 9113/6809 9074/6770
f 9098/6794 8995/6691 9045/6741
f 8997/6693 8998/6694 9157/6853
f 9143/6839 9007/6703 9158/6854
f 9158/6854 9007/6703 8974/6670
f 9060/6756 9008/6704 9159/6855
f 9159/6855 9008/6704 9083/6779
f 9118/6814 9077/6773 9146/6842
f 9160/6856 9119/6815 9120/6816
f 9039/6735 4751/2447 9161/6857
f 9161/6857 4751/2447 4752/2448
f 9162/6858 8825/6521 4526/2222
f 9133/6829 9106/6802 9148/6844
f 9092/6788 9063/6759 9163/6859
f 9100/6796 9101/6797 9164/6860
f 9110/6806 9032/6728 5150/2846
f 4807/2503 4806/2502 4855/2551
f 9165/6861 4818/2514 4820/2516
f 4820/2516 4819/2515 9152/6848
f 9154/6850 9125/6821 9155/6851
f 4821/2517 4782/2478 4871/2567
f 9112/6808 9058/6754 9140/6836
f 9141/6837 9044/6740 9142/6838
f 9081/6777 8853/6549 9114/6810
f 9166/6862 9117/6813 9167/6863
f 9167/6863 9117/6813 9128/6824
f 4851/2547 4716/2412 4692/2388
f 9021/6717 4497/2193 4838/2534
f 9086/6782 9039/6735 9168/6864
f 9169/6865 9105/6801 9005/6701
f 4888/2584 9133/6829 9148/6844
f 9148/6844 9123/6819 9099/6795
f 4890/2586 9133/6829 4888/2584
f 9099/6795 9108/6804 9170/6866
f 9136/6832 9066/6762 9171/6867
f 9172/6868 9152/6848 9153/6849
f 9173/6869 9124/6820 9154/6850
f 4795/2491 4868/2564 4782/2478
f 9059/6755 9035/6731 9174/6870
f 9174/6870 9035/6731 9075/6771
f 9175/6871 9062/6758 9121/6817
f 9121/6817 9026/6722 9130/6826
f 9168/6864 9039/6735 9161/6857
f 9176/6872 9028/6724 9131/6827
f 9162/6858 4526/2222 4899/2595
f 9087/6783 9088/6784 9177/6873
f 9177/6873 9088/6784 9147/6843
f 9169/6865 9005/6701 9013/6709
f 9170/6866 9148/6844 9099/6795
f 9107/6803 9092/6788 9178/6874
f 9170/6866 9108/6804 9179/6875
f 4789/2485 4758/2454 4866/2562
f 4907/2603 4643/2339 9050/6746
f 9165/6861 4820/2516 9180/6876
f 9180/6876 4820/2516 9152/6848
f 9181/6877 9154/6850 9155/6851
f 4868/2564 4871/2567 4782/2478
f 9157/6853 8998/6694 9182/6878
f 9182/6878 8998/6694 9059/6755
f 9120/6816 9062/6758 9175/6871
f 9183/6879 9024/6720 9139/6835
f 9184/6880 9185/6881 9085/6781
f 4888/2584 9148/6844 9186/6882
f 9148/6844 9170/6866 9186/6882
f 9178/6874 9092/6788 9163/6859
f 9163/6859 9063/6759 9149/6845
f 9150/6846 4789/2485 4866/2562
f 4907/2603 9100/6796 9187/6883
f 9188/6884 9165/6861 9180/6876
f 9189/6885 9154/6850 9181/6877
f 4793/2489 4792/2488 5368/3064
f 4871/2567 9190/6886 4821/2517
f 9113/6809 9156/6852 9191/6887
f 9156/6852 9074/6770 8892/6588
f 9192/6888 9144/6840 9009/6705
f 9115/6811 9116/6812 9193/6889
f 9193/6889 9116/6812 9194/6890
f 4769/2465 9117/6813 9166/6862
f 9146/6842 9119/6815 9160/6856
f 9130/6826 9085/6781 9185/6881
f 4750/2446 9103/6799 9195/6891
f 9147/6843 9104/6800 9196/6892
f 9196/6892 9104/6800 9105/6801
f 9150/6846 4866/2562 9197/6893
f 9171/6867 9066/6762 9110/6806
f 4856/2552 4855/2551 9198/6894
f 9199/6895 9180/6876 9152/6848
f 9199/6895 9152/6848 9172/6868
f 9151/6847 4793/2489 5368/3064
f 4870/2566 9190/6886 4871/2567
f 4791/2487 9137/6833 4792/2488
f 9098/6794 9045/6741 9200/6896
f 9201/6897 9060/6756 9159/6855
f 9202/6898 9120/6816 9175/6871
f 9203/6899 8958/6654 9204/6900
f 9204/6900 8958/6654 9022/6718
f 9085/6781 9086/6782 9184/6880
f 9195/6891 9103/6799 9205/6901
f 9196/6892 9105/6801 9169/6865
f 9187/6883 9100/6796 9164/6860
f 9164/6860 9101/6797 9136/6832
f 4894/2590 4856/2552 9198/6894
f 9206/6902 9188/6884 9180/6876
f 9173/6869 9154/6850 9189/6885
f 9142/6838 9113/6809 9207/6903
f 9059/6755 9174/6870 9208/6904
f 9127/6823 9144/6840 9192/6888
f 9159/6855 9083/6779 9209/6905
f 9209/6905 9083/6779 9138/6834
f 9138/6834 9084/6780 9210/6906
f 4811/2507 4769/2465 9166/6862
f 4889/2585 4888/2584 9186/6882
f 9170/6866 9179/6875 9211/6907
f 9163/6859 9149/6845 9212/6908
f 9206/6902 9180/6876 9199/6895
f 9213/6909 9189/6885 9181/6877
f 4884/2580 4913/2609 4896/2592
f 4870/2566 4915/2611 9190/6886
f 9207/6903 9113/6809 9191/6887
f 9145/6841 9060/6756 9201/6897
f 9128/6824 9118/6814 9214/6910
f 9214/6910 9118/6814 9215/6911
f 4876/2572 4784/2480 4887/2583
f 4889/2585 9186/6882 9216/6912
f 9186/6882 9170/6866 9211/6907
f 9216/6912 9186/6882 9211/6907
f 9109/6805 9049/6745 9217/6913
f 9135/6831 4643/2339 4908/2604
f 9212/6908 9149/6845 9218/6914
f 9171/6867 9110/6806 5152/2848
f 4894/2590 9198/6894 4924/2620
f 9219/6915 9173/6869 9189/6885
f 9219/6915 9189/6885 9213/6909
f 4915/2611 4943/2639 9190/6886
f 9112/6808 9140/6836 9220/6916
f 9221/6917 9141/6837 9222/6918
f 9222/6918 9141/6837 9142/6838
f 9223/6919 9142/6838 9207/6903
f 9210/6906 9084/6780 9115/6811
f 9193/6889 9194/6890 9224/6920
f 9118/6814 9146/6842 9225/6921
f 4919/2615 4837/2533 9129/6825
f 9226/6922 9021/6717 4838/2534
f 9131/6827 8966/6662 9227/6923
f 9169/6865 9013/6709 9228/6924
f 9134/6830 9109/6805 9229/6925
f 9217/6913 9049/6745 9135/6831
f 9217/6913 9135/6831 9230/6926
f 9230/6926 9135/6831 4908/2604
f 9231/6927 9188/6884 9232/6928
f 9232/6928 9188/6884 9206/6902
f 4914/2610 4943/2639 4915/2611
f 9222/6918 9142/6838 9223/6919
f 9233/6929 9045/6741 8996/6692
f 8975/6671 8948/6644 9234/6930
f 9234/6930 8948/6644 9127/6823
f 9215/6911 9118/6814 9225/6921
f 9146/6842 9160/6856 9235/6931
f 9225/6921 9146/6842 9235/6931
f 9022/6718 9024/6720 9183/6879
f 9184/6880 9086/6782 9168/6864
f 9013/6709 9091/6787 9236/6932
f 9178/6874 9163/6859 9212/6908
f 9197/6893 4866/2562 9237/6933
f 9212/6908 9218/6914 9238/6934
f 9237/6933 4866/2562 4937/2633
f 9239/6935 9199/6895 9172/6868
f 9240/6936 9173/6869 9219/6915
f 9219/6915 9213/6909 9241/6937
f 9137/6833 9112/6808 9242/6938
f 9242/6938 9112/6808 9220/6916
f 9182/6878 9059/6755 9208/6904
f 9210/6906 9115/6811 9243/6939
f 9115/6811 9193/6889 9243/6939
f 9243/6939 9193/6889 9224/6920
f 9244/6940 9202/6898 9175/6871
f 9245/6941 9121/6817 9130/6826
f 9246/6942 9196/6892 9169/6865
f 9246/6942 9169/6865 9228/6924
f 9228/6924 9013/6709 9236/6932
f 4814/2510 4845/2541 4967/2663
f 9236/6932 9091/6787 9134/6830
f 9236/6932 9134/6830 9229/6925
f 4935/2631 4889/2585 9216/6912
f 4935/2631 9216/6912 9247/6943
f 9216/6912 9211/6907 9248/6944
f 9247/6943 9216/6912 9248/6944
f 9211/6907 9179/6875 9248/6944
f 9178/6874 9212/6908 9249/6945
f 9250/6946 9178/6874 9249/6945
f 9232/6928 9206/6902 5017/2713
f 5017/2713 9206/6902 9199/6895
f 5017/2713 9199/6895 9239/6935
f 9251/6947 9240/6936 9219/6915
f 4912/2608 4884/2580 4958/2654
f 9200/6896 9045/6741 9233/6929
f 9252/6948 9075/6771 9145/6841
f 9224/6920 9194/6890 9253/6949
f 5039/2735 4876/2572 4887/2583
f 9175/6871 9121/6817 9244/6940
f 9130/6826 9185/6881 9254/6950
f 9255/6951 4750/2446 9256/6952
f 9256/6952 4750/2446 9195/6891
f 4908/2604 4907/2603 5234/2930
f 5234/2930 4907/2603 9187/6883
f 5152/2848 9110/6806 5150/2846
f 4968/2664 4923/2619 4924/2620
f 9251/6947 9219/6915 9241/6937
f 9257/6953 9200/6896 9233/6929
f 9234/6930 9127/6823 9258/6954
f 9258/6954 9127/6823 9192/6888
f 9192/6888 9009/6705 9259/6955
f 4974/2670 4851/2547 4811/2507
f 9260/6956 4811/2507 9166/6862
f 9214/6910 9167/6863 9128/6824
f 9204/6900 9022/6718 9261/6957
f 9261/6957 9022/6718 9183/6879
f 9262/6958 9109/6805 9217/6913
f 9263/6959 4906/2602 4935/2631
f 4968/2664 4924/2620 9264/6960
f 5016/2712 9231/6927 9232/6928
f 5016/2712 9232/6928 5017/2713
f 5368/3064 4792/2488 9265/6961
f 8913/6609 9081/6777 9266/6962
f 9158/6854 8974/6670 9267/6963
f 9268/6964 8975/6671 9234/6930
f 9174/6870 9075/6771 9252/6948
f 9209/6905 9138/6834 9269/6965
f 9269/6965 9138/6834 9210/6906
f 9270/6966 9184/6880 9168/6864
f 9168/6864 9161/6857 9271/6967
f 9177/6873 9147/6843 9272/6968
f 9272/6968 9147/6843 9273/6969
f 9273/6969 9147/6843 9196/6892
f 9262/6958 9229/6925 9109/6805
f 9247/6943 9248/6944 9274/6970
f 9250/6946 9249/6945 9275/6971
f 9212/6908 9238/6934 9276/6972
f 9249/6945 9212/6908 9276/6972
f 4994/2690 4968/2664 9264/6960
f 5150/2846 9151/6847 5151/2847
f 5098/2794 9251/6947 9241/6937
f 5006/2702 4945/2641 4970/2666
f 5151/2847 9151/6847 5367/3063
f 9191/6887 9156/6852 9277/6973
f 9277/6973 9156/6852 8892/6588
f 9157/6853 9182/6878 9278/6974
f 9279/6975 9082/6778 9143/6839
f 9183/6879 9139/6835 9280/6976
f 8966/6662 9132/6828 9281/6977
f 9282/6978 8825/6521 9162/6858
f 9273/6969 9196/6892 9246/6942
f 4935/2631 9247/6943 9274/6970
f 9263/6959 4935/2631 9274/6970
f 9274/6970 9248/6944 9283/6979
f 9284/6980 9274/6970 9283/6979
f 9275/6971 9249/6945 5076/2772
f 5076/2772 9249/6945 9276/6972
f 9237/6933 4937/2633 9285/6981
f 9276/6972 9238/6934 9286/6982
f 9285/6981 4937/2633 4993/2689
f 9287/6983 9164/6860 9136/6832
f 9288/6984 5017/2713 9239/6935
f 5094/2790 9240/6936 9251/6947
f 5094/2790 9251/6947 5098/2794
f 5006/2702 9289/6985 4945/2641
f 9265/6961 4792/2488 9137/6833
f 4974/2670 4811/2507 9260/6956
f 9160/6856 9120/6816 9202/6898
f 9226/6922 4838/2534 5007/2703
f 9290/6986 9185/6881 9184/6880
f 9290/6986 9184/6880 9270/6966
f 9272/6968 9087/6783 9177/6873
f 9291/6987 9263/6959 9274/6970
f 9291/6987 9274/6970 9292/6988
f 9292/6988 9274/6970 9284/6980
f 4988/2684 4979/2675 5075/2771
f 9284/6980 9283/6979 9293/6989
f 9285/6981 4993/2689 9294/6990
f 4994/2690 9264/6960 5091/2787
f 5030/2726 9295/6991 5090/2786
f 4969/2665 5004/2700 9296/6992
f 4981/2677 5021/2717 4982/2678
f 9265/6961 9137/6833 9297/6993
f 9297/6993 9137/6833 9242/6938
f 9298/6994 9192/6888 9259/6955
f 5012/2708 4988/2684 5075/2771
f 5076/2772 9276/6972 5077/2773
f 9276/6972 9286/6982 5077/2773
f 9287/6983 9136/6832 9171/6867
f 5029/2725 5025/2721 5030/2726
f 5020/2716 4994/2690 5091/2787
f 5018/2714 5017/2713 9288/6984
f 5033/2729 5035/2731 5106/2802
f 9151/6847 5368/3064 5367/3063
f 9242/6938 9220/6916 9299/6995
f 9300/6996 9221/6917 9222/6918
f 9301/6997 9257/6953 9233/6929
f 9279/6975 9143/6839 9302/6998
f 9302/6998 9143/6839 9158/6854
f 9302/6998 9158/6854 9303/6999
f 9303/6999 9158/6854 9267/6963
f 9208/6904 9174/6870 9304/7000
f 9258/6954 9192/6888 9298/6994
f 9304/7000 9174/6870 9252/6948
f 9305/7001 9201/6897 9159/6855
f 9159/6855 9209/6905 9306/7002
f 9307/7003 9202/6898 9244/6940
f 9308/7004 9183/6879 9280/6976
f 5044/2740 5047/2743 5045/2741
f 9309/7005 9310/7006 9311/7007
f 9256/6952 9195/6891 9205/6901
f 9312/7008 9176/6872 9131/6827
f 9227/6923 8966/6662 9281/6977
f 9311/7007 9310/7006 5135/2831
f 9311/7007 5135/2831 5134/2830
f 5056/2752 5060/2756 5072/2768
f 5136/2832 5078/2774 5077/2773
f 9187/6883 9164/6860 9287/6983
f 5077/2773 9286/6982 5143/2839
f 5143/2839 9286/6982 9313/7009
f 9313/7009 9314/7010 5143/2839
f 5143/2839 9314/7010 9315/7011
f 9315/7011 9314/7010 9316/7012
f 9316/7012 9317/7013 5096/2792
f 5018/2714 9288/6984 9318/7014
f 5096/2792 5095/2791 5156/2852
f 5095/2791 5108/2804 5155/2851
f 5155/2851 5108/2804 9319/7015
f 9319/7015 5162/2858 5155/2851
f 5162/2858 9320/7016 5164/2860
f 9268/6964 9234/6930 9321/7017
f 9321/7017 9234/6930 9258/6954
f 9243/6939 9224/6920 9322/7018
f 9322/7018 9224/6920 9253/6949
f 9260/6956 9166/6862 9323/7019
f 9166/6862 9167/6863 9324/7020
f 9323/7019 9166/6862 9324/7020
f 5124/2820 4918/2614 9325/7021
f 9326/7022 9215/6911 9225/6921
f 9244/6940 9121/6817 9327/7023
f 9327/7023 9121/6817 9245/6941
f 5169/2865 4950/2646 5125/2821
f 9308/7004 9280/6976 9328/7024
f 9254/6950 9185/6881 9290/6986
f 5127/2823 4733/2429 5126/2822
f 9329/7025 9309/7005 9311/7007
f 9329/7025 9311/7007 9330/7026
f 9330/7026 9311/7007 5134/2830
f 9330/7026 5134/2830 5136/2832
f 9331/7027 9236/6932 9229/6925
f 9330/7026 5136/2832 9332/7028
f 9332/7028 5136/2832 9333/7029
f 5136/2832 5077/2773 9333/7029
f 9333/7029 5077/2773 5144/2840
f 5143/2839 9315/7011 5144/2840
f 5144/2840 9315/7011 9334/7030
f 9334/7030 9315/7011 9316/7012
f 9334/7030 9316/7012 5096/2792
f 9334/7030 5096/2792 9335/7031
f 9335/7031 5096/2792 5156/2852
f 9335/7031 5156/2852 9336/7032
f 9336/7032 5156/2852 9337/7033
f 9337/7033 5156/2852 5159/2855
f 9297/6993 9242/6938 9338/7034
f 9337/7033 5159/2855 9339/7035
f 9266/6962 9081/6777 9340/7036
f 9340/7036 9081/6777 9114/6810
f 9233/6929 8996/6692 9341/7037
f 9342/7038 8997/6693 9157/6853
f 9339/7035 5159/2855 9343/7039
f 9343/7039 5159/2855 5164/2860
f 5195/2891 9308/7004 9328/7024
f 5195/2891 9328/7024 5193/2889
f 9329/7025 9330/7026 9344/7040
f 9282/6978 9162/6858 4899/2595
f 9344/7040 9330/7026 9345/7041
f 9228/6924 9236/6932 9331/7027
f 9345/7041 9330/7026 9346/7042
f 9346/7042 9330/7026 9332/7028
f 9332/7028 9333/7029 9346/7042
f 9333/7029 5144/2840 9347/7043
f 9348/7044 9349/7045 5240/2936
f 9350/7046 5144/2840 9351/7047
f 5144/2840 9334/7030 9351/7047
f 9334/7030 9335/7031 9352/7048
f 9352/7048 9335/7031 9353/7049
f 9353/7049 9335/7031 9354/7050
f 9354/7050 9335/7031 9336/7032
f 9336/7032 9337/7033 9355/7051
f 9277/6973 8892/6588 9356/7052
f 9357/7053 8893/6589 8913/6609
f 9337/7033 9339/7035 9355/7051
f 9355/7051 9339/7035 9358/7054
f 9358/7054 9339/7035 9343/7039
f 9358/7054 9343/7039 9359/7055
f 9258/6954 9298/6994 9360/7056
f 9252/6948 9145/6841 9361/7057
f 9360/7056 9298/6994 9259/6955
f 9305/7001 9159/6855 9362/7058
f 9362/7058 9159/6855 9306/7002
f 9214/6910 9215/6911 9326/7022
f 9235/6931 9160/6856 9202/6898
f 9235/6931 9202/6898 9307/7003
f 9261/6957 9183/6879 9363/7059
f 9183/6879 9308/7004 9363/7059
f 9245/6941 9130/6826 9254/6950
f 9363/7059 9308/7004 5195/2891
f 9364/7060 5192/2888 5196/2892
f 9271/6967 9161/6857 9365/7061
f 9366/7062 9255/6951 9256/6952
f 9367/7063 9256/6952 9205/6901
f 9368/7064 9369/7065 9370/7066
f 9370/7066 9369/7065 9371/7067
f 9364/7060 5196/2892 5198/2894
f 9371/7067 9369/7065 9372/7068
f 9372/7068 9369/7065 9373/7069
f 5173/2869 5172/2868 9374/7070
f 9375/7071 9372/7068 9373/7069
f 9375/7071 9373/7069 9376/7072
f 9377/7073 9375/7071 9376/7072
f 9377/7073 9376/7072 9348/7044
f 5239/2935 9348/7044 5240/2936
f 9351/7047 9334/7030 9378/7074
f 9378/7074 9334/7030 9352/7048
f 5185/2881 5153/2849 5251/2947
f 9379/7075 9380/7076 9381/7077
f 9382/7078 5212/2908 5211/2907
f 9383/7079 9354/7050 9336/7032
f 9355/7051 9383/7079 9336/7032
f 9383/7079 9355/7051 9384/7080
f 5215/2911 9382/7078 5211/2907
f 9338/7034 9242/6938 9299/6995
f 9384/7080 9355/7051 9358/7054
f 9384/7080 9358/7054 9385/7081
f 9340/7036 9114/6810 9386/7082
f 9387/7083 9358/7054 9359/7055
f 9385/7081 9358/7054 9387/7083
f 9321/7017 9258/6954 9388/7084
f 9388/7084 9258/6954 9360/7056
f 9167/6863 9214/6910 9324/7020
f 9389/7085 9226/6922 5007/2703
f 5226/2922 9390/7086 5224/2920
f 5191/2887 5229/2925 9391/7087
f 9391/7087 5229/2925 9392/7088
f 9168/6864 9271/6967 9365/7061
f 5197/2893 5191/2887 9391/7087
f 9282/6978 4899/2595 5287/2983
f 9391/7087 9392/7088 9393/7089
f 9393/7089 9392/7088 9394/7090
f 9272/6968 9273/6969 9395/7091
f 9395/7091 9273/6969 9396/7092
f 9273/6969 9246/6942 9397/7093
f 9396/7092 9273/6969 9397/7093
f 9393/7089 9394/7090 9398/7094
f 9397/7093 9246/6942 9228/6924
f 5199/2895 5197/2893 9391/7087
f 5199/2895 9391/7087 9399/7095
f 9399/7095 9391/7087 9393/7089
f 9399/7095 9393/7089 9400/7096
f 9400/7096 9393/7089 9398/7094
f 9400/7096 9398/7094 9401/7097
f 5199/2895 9399/7095 9402/7098
f 9402/7098 9399/7095 9400/7096
f 9402/7098 9400/7096 9403/7099
f 9403/7099 9400/7096 9401/7097
f 9403/7099 9401/7097 9404/7100
f 5293/2989 9405/7101 5294/2990
f 5176/2872 5175/2871 5237/2933
f 9406/7102 9407/7103 5296/2992
f 5297/2993 9375/7071 9377/7073
f 5297/2993 9377/7073 5298/2994
f 9377/7073 9348/7044 5239/2935
f 5272/2968 9350/7046 9408/7104
f 9408/7104 9350/7046 9351/7047
f 5178/2874 5206/2902 5244/2940
f 5178/2874 5244/2940 5179/2875
f 9408/7104 9351/7047 5247/2943
f 5247/2943 9351/7047 9378/7074
f 5179/2875 5245/2941 5207/2903
f 9409/7105 5246/2942 5248/2944
f 5248/2944 5247/2943 9378/7074
f 9378/7074 9352/7048 9410/7106
f 9410/7106 9352/7048 9353/7049
f 9381/7077 9380/7076 9411/7107
f 9412/7108 9413/7109 5253/2949
f 9414/7110 9380/7076 9379/7075
f 9415/7111 9416/7112 9417/7113
f 9418/7114 9414/7110 9379/7075
f 5212/2908 9415/7111 9419/7115
f 9419/7115 9415/7111 9417/7113
f 5213/2909 5212/2908 9419/7115
f 9417/7113 9420/7116 9421/7117
f 5213/2909 9419/7115 9422/7118
f 9422/7118 9419/7115 9417/7113
f 5214/2910 5213/2909 9422/7118
f 9422/7118 9417/7113 9423/7119
f 9423/7119 9417/7113 9421/7117
f 9424/7120 9207/6903 9425/7121
f 9207/6903 9191/6887 9425/7121
f 9423/7119 9421/7117 9426/7122
f 5214/2910 9422/7118 9427/7123
f 9427/7123 9422/7118 9423/7119
f 5218/2914 5214/2910 9427/7123
f 9423/7119 9426/7122 9428/7124
f 5218/2914 9427/7123 9429/7125
f 9430/7126 9321/7017 9431/7127
f 9431/7127 9321/7017 9388/7084
f 9306/7002 9209/6905 9269/6965
f 9210/6906 9243/6939 9432/7128
f 9324/7020 9214/6910 9433/7129
f 9326/7022 9225/6921 9235/6931
f 5224/2920 9390/7086 5340/3036
f 5229/2925 5228/2924 9392/7088
f 9397/7093 9228/6924 9434/7130
f 5294/2990 9406/7102 5296/2992
f 9435/7131 9187/6883 9287/6983
f 5298/2994 9377/7073 9436/7132
f 9436/7132 9377/7073 5239/2935
f 5270/2966 5272/2968 9408/7104
f 9437/7133 5270/2966 9408/7104
f 9437/7133 9408/7104 5247/2943
f 5246/2942 9437/7133 5247/2943
f 9438/7134 9409/7105 5248/2944
f 5208/2904 5273/2969 5209/2905
f 5248/2944 9378/7074 9439/7135
f 9378/7074 9410/7106 9439/7135
f 9410/7106 9353/7049 9440/7136
f 9353/7049 9354/7050 9441/7137
f 5366/3062 5368/3064 9265/6961
f 9425/7121 9191/6887 9277/6973
f 9357/7053 8913/6609 9442/7138
f 9442/7138 8913/6609 9266/6962
f 9443/7139 9233/6929 9341/7037
f 9304/7000 9252/6948 9361/7057
f 5279/2975 4974/2670 9260/6956
f 9444/7140 9260/6956 9323/7019
f 5295/2991 5296/2992 5332/3028
f 5234/2930 9187/6883 9435/7131
f 9436/7132 5239/2935 5348/3044
f 5269/2965 5348/3044 5239/2935
f 9438/7134 5248/2944 9439/7135
f 9412/7108 5253/2949 5319/3015
f 9182/6878 9208/6904 9304/7000
f 9278/6974 9182/6878 9304/7000
f 9445/7141 9446/7142 9447/7143
f 9447/7143 9446/7142 9448/7144
f 9449/7145 9210/6906 9432/7128
f 9432/7128 9243/6939 9322/7018
f 5279/2975 9260/6956 9450/7146
f 9450/7146 9260/6956 9444/7140
f 9261/6957 9363/7059 9451/7147
f 9452/7148 9131/6827 9227/6923
f 5235/2931 5234/2930 9435/7131
f 9453/7149 5298/2994 9436/7132
f 5242/2938 5300/2996 5350/3046
f 9454/7150 9438/7134 9439/7135
f 9439/7135 9410/7106 9440/7136
f 9440/7136 9353/7049 9455/7151
f 9353/7049 9441/7137 9455/7151
f 9301/6997 9233/6929 9443/7139
f 9456/7152 9430/7126 9457/7153
f 9457/7153 9430/7126 9431/7127
f 9361/7057 9145/6841 9458/7154
f 9145/6841 9201/6897 9305/7001
f 9458/7154 9145/6841 9305/7001
f 9269/6965 9210/6906 9449/7145
f 9322/7018 9253/6949 9459/7155
f 9326/7022 9235/6931 9460/7156
f 9461/7157 9363/7059 5195/2891
f 9462/7158 9272/6968 9395/7091
f 9434/7130 9228/6924 9331/7027
f 9463/7159 9262/6958 9217/6913
f 9464/7160 5292/2988 5331/3027
f 5331/3027 5332/3028 9465/7161
f 9466/7162 5316/3012 5299/2995
f 9453/7149 5299/2995 5298/2994
f 9453/7149 9436/7132 5348/3044
f 5346/3042 5348/3044 5269/2965
f 9300/6996 9222/6918 9467/7163
f 9467/7163 9222/6918 9223/6919
f 9467/7163 9223/6919 9207/6903
f 9447/7143 9448/7144 9468/7164
f 9469/7165 9456/7152 9457/7153
f 9396/7092 9397/7093 9434/7130
f 5344/3040 5132/2828 5131/2827
f 5351/3047 5209/2905 5274/2970
f 9455/7151 9441/7137 9470/7166
f 9412/7108 5319/3015 5389/3085
f 5389/3085 5319/3015 5353/3049
f 9471/7167 9265/6961 9297/6993
f 9467/7163 9207/6903 9424/7120
f 9472/7168 9445/7141 9447/7143
f 9362/7058 9306/7002 9473/7169
f 9306/7002 9269/6965 9473/7169
f 9473/7169 9269/6965 9449/7145
f 9433/7129 9214/6910 9326/7022
f 9204/6900 9261/6957 9451/7147
f 9270/6966 9168/6864 9474/7170
f 5344/3040 5131/2827 5264/2960
f 9331/7027 9229/6925 9475/7171
f 9217/6913 9230/6926 5400/3096
f 5397/3093 9464/7160 5331/3027
f 5400/3096 9230/6926 4908/2604
f 9466/7162 5299/2995 9476/7172
f 9477/7173 5299/2995 9453/7149
f 9478/7174 9438/7134 9454/7150
f 9479/7175 5152/2848 5151/2847
f 9439/7135 9440/7136 9480/7176
f 9440/7136 9455/7151 9481/7177
f 9480/7176 9440/7136 9481/7177
f 9481/7177 9455/7151 9470/7166
f 9482/7178 9412/7108 5389/3085
f 9471/7167 9297/6993 9483/7179
f 9484/7180 9322/7018 9459/7155
f 9203/6899 9204/6900 9485/7181
f 9485/7181 9204/6900 9451/7147
f 9290/6986 9270/6966 9474/7170
f 9474/7170 9168/6864 9365/7061
f 9486/7182 9262/6958 9463/7159
f 5397/3093 5331/3027 5398/3094
f 5398/3094 5331/3027 9465/7161
f 5398/3094 9465/7161 9487/7183
f 9476/7172 5299/2995 9477/7173
f 9477/7173 9453/7149 5420/3116
f 5420/3116 9453/7149 5348/3044
f 5300/2996 5405/3101 5349/3045
f 5348/3044 5347/3043 9488/7184
f 5420/3116 5348/3044 9488/7184
f 9454/7150 9439/7135 9480/7176
f 5366/3062 9265/6961 9471/7167
f 9483/7179 9297/6993 9489/7185
f 9489/7185 9297/6993 9338/7034
f 9490/7186 9491/7187 9300/6996
f 9490/7186 9300/6996 9467/7163
f 9492/7188 9301/6997 9443/7139
f 9432/7128 9322/7018 9484/7180
f 9323/7019 9324/7020 9493/7189
f 9493/7189 9324/7020 9433/7129
f 9494/7190 9244/6940 9327/7023
f 9495/7191 9245/6941 9254/6950
f 9461/7157 5195/2891 5381/3077
f 9312/7008 9131/6827 9452/7148
f 9475/7171 9229/6925 9262/6958
f 9463/7159 9217/6913 5400/3096
f 5417/3113 9466/7162 9476/7172
f 9496/7192 9476/7172 9477/7173
f 9454/7150 9480/7176 9497/7193
f 9481/7177 9470/7166 9498/7194
f 9482/7178 5389/3085 5388/3084
f 9493/7189 9433/7129 9499/7195
f 9433/7129 9326/7022 9500/7196
f 9460/7156 9235/6931 9307/7003
f 9451/7147 9363/7059 9461/7157
f 9256/6952 9367/7063 9501/7197
f 9395/7091 9396/7092 9502/7198
f 5417/3113 9476/7172 9496/7192
f 5418/3114 5417/3113 9496/7192
f 9478/7174 9454/7150 9497/7193
f 9503/7199 9478/7174 9497/7193
f 9504/7200 9482/7178 5388/3084
f 9424/7120 9425/7121 9505/7201
f 9327/7023 9245/6941 9495/7191
f 9434/7130 9331/7027 9506/7202
f 5404/3100 5398/3094 9487/7183
f 5386/3082 5358/3054 5450/3146
f 5422/3118 9477/7173 5420/3116
f 5349/3045 5405/3101 5407/3103
f 9479/7175 5151/2847 9507/7203
f 9480/7176 9481/7177 9508/7204
f 9490/7186 9467/7163 9509/7205
f 9509/7205 9467/7163 9424/7120
f 9425/7121 9277/6973 9510/7206
f 9510/7206 9277/6973 9356/7052
f 9157/6853 9278/6974 9511/7207
f 9360/7056 9259/6955 9512/7208
f 9499/7195 9433/7129 9500/7196
f 9500/7196 9326/7022 9513/7209
f 9326/7022 9460/7156 9513/7209
f 4919/2615 9129/6825 9514/7210
f 9514/7210 9129/6825 9122/6818
f 9515/7211 9254/6950 9290/6986
f 9516/7212 9462/7158 9395/7091
f 9396/7092 9434/7130 9517/7213
f 5404/3100 9487/7183 5449/3145
f 9518/7214 9496/7192 9477/7173
f 9518/7214 9477/7173 5422/3118
f 5421/3117 5420/3116 9488/7184
f 9519/7215 9435/7131 9287/6983
f 9497/7193 9480/7176 9508/7204
f 9520/7216 5367/3063 5366/3062
f 9509/7205 9424/7120 9505/7201
f 9521/7217 9492/7188 9443/7139
f 9304/7000 9361/7057 9522/7218
f 9523/7219 9388/7084 9360/7056
f 9458/7154 9305/7001 9524/7220
f 9305/7001 9362/7058 9524/7220
f 9432/7128 9484/7180 9525/7221
f 5279/2975 9450/7146 9526/7222
f 9450/7146 9444/7140 9526/7222
f 9514/7210 9122/6818 9527/7223
f 9527/7223 9122/6818 9528/7224
f 9495/7191 9254/6950 9515/7211
f 9529/7225 9366/7062 9256/6952
f 9529/7225 9256/6952 9501/7197
f 9530/7226 5418/3114 9496/7192
f 9530/7226 9496/7192 9518/7214
f 5452/3148 5454/3150 9531/7227
f 9508/7204 9481/7177 9532/7228
f 9504/7200 5388/3084 5456/3152
f 9278/6974 9304/7000 9533/7229
f 9431/7127 9388/7084 9523/7219
f 9524/7220 9362/7058 9473/7169
f 5438/3134 5279/2975 9526/7222
f 9460/7156 9307/7003 9534/7230
f 9535/7231 9312/7008 9452/7148
f 9282/6978 5287/2983 5475/3171
f 5448/3144 5449/3145 9536/7232
f 5396/3092 5427/3123 9537/7233
f 9538/7234 5419/3115 5418/3114
f 9503/7199 9497/7193 9539/7235
f 9539/7235 9497/7193 9508/7204
f 9481/7177 9498/7194 9532/7228
f 9483/7179 9489/7185 9540/7236
f 9522/7218 9361/7057 9458/7154
f 9523/7219 9360/7056 9512/7208
f 9541/7237 9449/7145 9432/7128
f 9541/7237 9432/7128 9525/7221
f 9542/7238 9290/6986 9474/7170
f 9543/7239 9529/7225 9501/7197
f 9544/7240 9282/6978 5475/3171
f 9516/7212 9395/7091 9545/7241
f 9545/7241 9395/7091 9502/7198
f 9506/7202 9331/7027 9475/7171
f 9537/7233 5427/3123 5511/3207
f 5510/3206 9537/7233 5511/3207
f 5511/3207 5427/3123 5448/3144
f 9546/7242 9518/7214 5422/3118
f 5463/3159 5422/3118 5421/3117
f 5410/3106 5409/3105 9547/7243
f 5486/3182 5410/3106 9547/7243
f 9508/7204 9532/7228 9548/7244
f 9504/7200 5456/3152 9549/7245
f 9532/7228 9498/7194 9550/7246
f 9551/7247 9443/7139 9341/7037
f 9342/7038 9157/6853 9552/7248
f 9552/7248 9157/6853 9511/7207
f 9525/7221 9484/7180 9553/7249
f 9553/7249 9484/7180 9459/7155
f 5469/3165 5189/2885 5124/2820
f 9554/7250 9474/7170 9365/7061
f 9554/7250 9365/7061 9555/7251
f 9452/7148 9227/6923 9556/7252
f 5477/3173 5328/3024 5478/3174
f 9557/7253 9475/7171 9262/6958
f 5451/3147 5513/3209 5479/3175
f 9538/7234 5418/3114 9558/7254
f 9558/7254 5418/3114 9530/7226
f 9530/7226 9518/7214 9546/7242
f 9519/7215 9287/6983 9559/7255
f 9171/6867 5152/2848 9479/7175
f 9539/7235 9508/7204 9560/7256
f 5151/2847 5367/3063 9561/7257
f 9560/7256 9508/7204 9548/7244
f 9548/7244 9532/7228 9562/7258
f 9561/7257 5367/3063 9520/7216
f 5456/3152 5434/3130 5501/3197
f 9540/7236 9489/7185 9563/7259
f 9505/7201 9425/7121 9510/7206
f 9457/7153 9431/7127 9564/7260
f 9564/7260 9431/7127 9523/7219
f 9524/7220 9473/7169 9565/7261
f 9526/7222 9444/7140 9566/7262
f 9566/7262 9444/7140 9323/7019
f 9566/7262 9323/7019 9567/7263
f 9567/7263 9323/7019 9493/7189
f 9567/7263 9493/7189 9568/7264
f 9569/7265 5401/3097 5438/3134
f 9499/7195 9500/7196 9570/7266
f 9500/7196 9513/7209 9570/7266
f 9307/7003 9244/6940 9494/7190
f 9502/7198 9396/7092 9571/7267
f 9506/7202 9475/7171 9557/7253
f 5511/3207 5448/3144 9572/7268
f 9557/7253 9262/6958 9486/7182
f 9572/7268 5448/3144 9536/7232
f 9573/7269 9486/7182 9463/7159
f 9574/7270 9546/7242 5422/3118
f 5464/3160 9574/7270 5422/3118
f 5235/2931 9435/7131 9575/7271
f 9507/7203 5151/2847 9561/7257
f 9562/7258 9532/7228 9550/7246
f 9549/7245 5456/3152 5501/3197
f 9576/7272 9490/7186 9509/7205
f 9521/7217 9443/7139 9551/7247
f 9533/7229 9304/7000 9522/7218
f 9522/7218 9458/7154 9577/7273
f 9565/7261 9473/7169 9578/7274
f 9578/7274 9473/7169 9541/7237
f 9473/7169 9449/7145 9541/7237
f 9568/7264 9493/7189 9499/7195
f 9542/7238 9474/7170 9579/7275
f 9543/7239 9501/7197 9580/7276
f 9581/7277 9535/7231 9452/7148
f 9582/7278 9516/7212 9545/7241
f 9545/7241 9502/7198 9571/7267
f 9571/7267 9396/7092 9517/7213
f 5509/3205 5511/3207 9583/7279
f 9583/7279 5511/3207 9572/7268
f 9584/7280 9538/7234 9558/7254
f 9530/7226 9546/7242 9585/7281
f 9585/7281 9546/7242 9574/7270
f 9463/7159 5400/3096 9586/7282
f 9587/7283 9463/7159 9586/7282
f 5400/3096 5235/2931 9575/7271
f 9575/7271 9435/7131 9588/7284
f 9435/7131 9519/7215 9588/7284
f 9287/6983 9171/6867 9559/7255
f 9589/7285 9539/7235 9560/7256
f 9590/7286 9509/7205 9505/7201
f 9577/7273 9458/7154 9524/7220
f 9485/7181 9451/7147 9591/7287
f 9591/7287 9451/7147 9461/7157
f 9515/7211 9290/6986 9542/7238
f 9579/7275 9474/7170 9554/7250
f 9517/7213 9434/7130 9506/7202
f 9592/7288 9558/7254 9530/7226
f 9592/7288 9530/7226 9585/7281
f 9587/7283 9573/7269 9463/7159
f 9559/7255 9171/6867 9479/7175
f 9589/7285 9560/7256 9593/7289
f 9560/7256 9548/7244 9594/7290
f 9576/7272 9509/7205 9590/7286
f 9590/7286 9505/7201 9595/7291
f 9595/7291 9505/7201 9596/7292
f 9596/7292 9505/7201 9510/7206
f 9597/7293 9525/7221 9553/7249
f 9598/7294 9499/7195 9570/7266
f 9570/7266 9513/7209 9599/7295
f 9307/7003 9494/7190 9600/7296
f 9600/7296 9494/7190 9601/7297
f 9601/7297 9494/7190 9327/7023
f 9602/7298 9389/7085 5007/2703
f 9527/7223 9528/7224 9603/7299
f 9604/7300 9485/7181 9591/7287
f 9591/7287 9461/7157 9605/7301
f 9605/7301 9461/7157 5381/3077
f 9529/7225 9543/7239 9606/7302
f 9606/7302 9543/7239 9580/7276
f 5565/3261 5509/3205 9583/7279
f 9584/7280 9558/7254 9607/7303
f 9607/7303 9558/7254 9592/7288
f 9608/7304 9585/7281 9574/7270
f 9593/7289 9560/7256 9594/7290
f 9594/7290 9548/7244 9609/7305
f 9609/7305 9548/7244 9562/7258
f 9562/7258 9550/7246 9610/7306
f 9520/7216 5366/3062 5748/3444
f 9610/7306 9550/7246 9611/7307
f 9549/7245 5501/3197 5537/3233
f 9471/7167 9483/7179 9612/7308
f 9447/7143 9468/7164 9613/7309
f 9614/7310 9469/7165 9457/7153
f 5438/3134 9526/7222 9566/7262
f 9554/7250 9555/7251 9615/7311
f 9616/7312 9529/7225 9606/7302
f 5561/3257 5416/3112 5403/3099
f 5561/3257 5403/3099 5551/3247
f 5565/3261 9583/7279 5566/3262
f 5566/3262 9583/7279 9572/7268
f 5479/3175 5533/3229 5552/3248
f 9617/7313 9592/7288 9585/7281
f 5536/3232 5585/3281 5515/3211
f 9586/7282 5400/3096 9575/7271
f 5486/3182 9618/7314 5557/3253
f 9609/7305 9562/7258 9610/7306
f 9619/7315 9549/7245 5537/3233
f 9568/7264 9499/7195 9598/7294
f 9570/7266 9599/7295 9620/7316
f 9513/7209 9460/7156 9599/7295
f 9599/7295 9460/7156 9534/7230
f 9534/7230 9307/7003 9600/7296
f 9601/7297 9327/7023 9495/7191
f 9282/6978 9544/7240 9621/7317
f 5566/3262 9572/7268 9622/7318
f 9623/7319 9584/7280 9607/7303
f 9617/7313 9585/7281 9624/7320
f 9624/7320 9585/7281 9608/7304
f 9612/7308 9483/7179 9540/7236
f 9266/6962 9340/7036 9625/7321
f 9626/7322 9521/7217 9551/7247
f 9625/7321 9340/7036 9386/7082
f 9627/7323 9524/7220 9565/7261
f 9628/7324 9541/7237 9525/7221
f 5578/3274 4919/2615 9514/7210
f 9601/7297 9495/7191 9629/7325
f 9629/7325 9495/7191 9515/7211
f 9515/7211 9542/7238 9630/7326
f 9630/7326 9542/7238 9579/7275
f 9579/7275 9554/7250 9615/7311
f 9580/7276 9501/7197 9631/7327
f 9581/7277 9452/7148 9632/7328
f 9452/7148 9556/7252 9632/7328
f 9633/7329 9607/7303 9592/7288
f 9586/7282 9575/7271 9634/7330
f 9634/7330 9575/7271 9588/7284
f 9635/7331 9479/7175 9507/7203
f 9636/7332 9593/7289 9594/7290
f 9637/7333 9610/7306 9611/7307
f 5366/3062 9471/7167 5748/3444
f 9442/7138 9266/6962 9638/7334
f 5589/3285 5356/3052 9639/7335
f 9640/7336 9533/7229 9641/7337
f 9564/7260 9523/7219 9642/7338
f 9643/7339 9522/7218 9577/7273
f 9643/7339 9577/7273 9644/7340
f 9644/7340 9577/7273 9524/7220
f 9627/7323 9565/7261 5701/3397
f 5701/3397 9565/7261 9578/7274
f 9578/7274 9541/7237 9628/7324
f 9569/7265 5438/3134 9645/7341
f 9645/7341 5438/3134 9566/7262
f 9566/7262 9567/7263 9568/7264
f 9616/7312 9606/7302 9580/7276
f 9545/7241 9571/7267 9646/7342
f 9571/7267 9517/7213 9647/7343
f 5552/3248 5563/3259 5594/3290
f 9623/7319 9607/7303 9633/7329
f 9648/7344 9633/7329 9592/7288
f 9573/7269 9587/7283 9649/7345
f 9650/7346 9519/7215 9651/7347
f 9519/7215 9559/7255 9651/7347
f 9559/7255 9479/7175 9635/7331
f 9609/7305 9610/7306 9637/7333
f 5748/3444 9471/7167 9612/7308
f 5596/3292 5538/3234 5587/3283
f 9540/7236 9563/7259 9652/7348
f 9653/7349 9596/7292 9510/7206
f 5391/3087 5520/3216 5700/3396
f 9511/7207 9278/6974 9640/7336
f 9640/7336 9278/6974 9533/7229
f 5589/3285 9639/7335 9654/7350
f 9655/7351 9447/7143 9613/7309
f 9614/7310 9457/7153 9656/7352
f 9656/7352 9457/7153 9564/7260
f 9657/7353 9569/7265 9645/7341
f 9598/7294 9570/7266 9620/7316
f 9602/7298 5007/2703 5599/3295
f 9629/7325 9515/7211 9658/7354
f 9658/7354 9515/7211 9659/7355
f 9659/7355 9515/7211 9630/7326
f 9646/7342 9571/7267 9647/7343
f 5620/3316 5564/3260 5615/3311
f 5615/3311 5564/3260 5566/3262
f 5615/3311 5566/3262 5618/3314
f 5618/3314 5566/3262 9622/7318
f 9648/7344 9592/7288 9660/7356
f 9660/7356 9592/7288 9617/7313
f 9557/7253 9486/7182 5791/3487
f 9661/7357 9617/7313 9624/7320
f 9486/7182 9573/7269 5791/3487
f 9649/7345 9587/7283 9586/7282
f 9588/7284 9519/7215 9650/7346
f 9662/7358 9636/7332 9594/7290
f 9662/7358 9594/7290 9663/7359
f 9594/7290 9609/7305 9663/7359
f 9637/7333 9611/7307 9664/7360
f 9665/7361 9576/7272 9590/7286
f 9626/7322 9551/7247 9666/7362
f 9533/7229 9522/7218 9667/7363
f 9645/7341 9566/7262 5633/3329
f 5633/3329 9566/7262 9568/7264
f 9598/7294 9620/7316 9668/7364
f 9669/7365 9579/7275 9670/7366
f 9579/7275 9615/7311 9670/7366
f 9616/7312 9580/7276 9671/7367
f 9670/7366 9615/7311 9672/7368
f 9671/7367 9580/7276 9631/7327
f 5618/3314 9622/7318 9673/7369
f 9674/7370 9623/7319 9633/7329
f 5554/3250 5567/3263 5622/3318
f 9660/7356 9617/7313 9661/7357
f 5624/3320 5584/3280 5583/3279
f 9634/7330 9588/7284 9675/7371
f 9675/7371 9588/7284 9650/7346
f 9663/7359 9609/7305 9676/7372
f 9676/7372 9609/7305 9637/7333
f 9676/7372 9637/7333 9664/7360
f 9664/7360 9611/7307 9677/7373
f 9595/7291 9596/7292 9653/7349
f 9638/7334 9266/6962 9625/7321
f 9641/7337 9533/7229 9667/7363
f 9644/7340 9524/7220 9627/7323
f 9578/7274 9628/7324 5702/3398
f 9628/7324 9525/7221 9678/7374
f 9678/7374 9525/7221 9597/7293
f 5633/3329 9568/7264 5631/3327
f 9657/7353 9645/7341 9679/7375
f 9668/7364 9620/7316 9680/7376
f 9681/7377 9599/7295 9534/7230
f 9682/7378 9579/7275 9669/7365
f 9683/7379 9674/7370 9633/7329
f 9684/7380 9633/7329 9648/7344
f 5791/3487 9573/7269 9649/7345
f 9586/7282 9634/7330 5678/3374
f 9635/7331 9507/7203 9561/7257
f 5537/3233 5596/3292 9685/7381
f 9619/7315 5537/3233 9685/7381
f 9685/7381 5596/3292 5655/3351
f 5596/3292 5605/3301 5655/3351
f 9612/7308 9540/7236 9686/7382
f 9540/7236 9652/7348 9687/7383
f 9656/7352 9564/7260 9642/7338
f 5885/3581 9523/7219 9512/7208
f 5701/3397 9578/7274 5702/3398
f 9688/7384 9598/7294 9668/7364
f 9680/7376 9620/7316 9599/7295
f 9680/7376 9599/7295 9689/7385
f 9689/7385 9599/7295 9681/7377
f 9690/7386 9534/7230 9600/7296
f 9690/7386 9600/7296 9691/7387
f 9691/7387 9600/7296 9601/7297
f 9691/7387 9601/7297 9629/7325
f 9659/7355 9630/7326 9682/7378
f 9682/7378 9630/7326 9579/7275
f 9692/7388 9670/7366 9672/7368
f 9582/7278 9545/7241 9693/7389
f 9693/7389 9545/7241 9646/7342
f 5616/3312 5618/3314 5713/3409
f 5713/3409 5618/3314 9694/7390
f 9694/7390 5618/3314 9673/7369
f 9695/7391 9660/7356 9661/7357
f 9696/7392 9557/7253 5791/3487
f 9634/7330 9675/7371 9697/7393
f 9676/7372 9664/7360 9677/7373
f 9677/7373 9611/7307 9698/7394
f 9698/7394 9611/7307 9699/7395
f 9686/7382 9540/7236 9687/7383
f 9667/7363 9522/7218 9643/7339
f 9642/7338 9523/7219 5885/3581
f 5631/3327 9568/7264 9688/7384
f 9568/7264 9598/7294 9688/7384
f 5837/3533 9605/7301 5381/3077
f 9629/7325 9658/7354 9700/7396
f 9700/7396 9658/7354 9659/7355
f 9669/7365 9670/7366 9692/7388
f 9692/7388 9672/7368 9701/7397
f 9701/7397 9672/7368 9702/7398
f 5648/3344 5616/3312 5713/3409
f 9703/7399 9674/7370 9683/7379
f 9647/7343 9517/7213 9704/7400
f 9704/7400 9517/7213 9506/7202
f 9684/7380 9648/7344 9660/7356
f 5623/3319 9705/7401 5624/3320
f 9675/7371 9650/7346 9706/7402
f 9706/7402 9650/7346 9651/7347
f 9686/7382 9687/7383 9707/7403
f 9708/7404 9665/7361 9590/7286
f 5684/3380 5391/3087 5700/3396
f 5630/3326 9709/7405 5558/3254
f 9645/7341 5633/3329 5632/3328
f 9681/7377 9534/7230 9710/7406
f 9534/7230 9690/7386 9710/7406
f 9690/7386 9691/7387 9711/7407
f 9691/7387 9629/7325 9712/7408
f 9712/7408 9629/7325 9700/7396
f 9700/7396 9659/7355 9713/7409
f 9713/7409 9682/7378 9669/7365
f 9714/7410 9581/7277 9632/7328
f 9227/6923 9281/6977 9715/7411
f 6131/3827 9282/6978 9621/7317
f 9621/7317 9544/7240 5475/3171
f 9716/7412 9703/7399 9683/7379
f 9683/7379 9633/7329 9684/7380
f 5609/3305 5664/3360 5651/3347
f 9717/7413 9660/7356 9695/7391
f 9649/7345 9586/7282 5678/3374
f 5678/3374 9634/7330 9697/7393
f 9718/7414 9675/7371 9706/7402
f 9651/7347 9559/7255 9635/7331
f 9561/7257 9520/7216 5750/3446
f 9719/7415 9662/7358 9663/7359
f 9676/7372 9677/7373 9720/7416
f 9720/7416 9677/7373 9698/7394
f 9698/7394 9699/7395 9721/7417
f 9552/7248 9511/7207 9640/7336
f 9552/7248 9640/7336 9722/7418
f 9722/7418 9640/7336 9641/7337
f 9723/7419 9644/7340 9627/7323
f 5631/3327 9688/7384 9724/7420
f 9725/7421 9680/7376 9689/7385
f 9710/7406 9690/7386 9711/7407
f 9591/7287 9605/7301 9726/7422
f 9726/7422 9605/7301 5837/3533
f 9711/7407 9691/7387 9712/7408
f 5837/3533 5381/3077 5674/3370
f 9659/7355 9682/7378 9713/7409
f 9556/7252 9227/6923 9715/7411
f 9727/7423 9582/7278 9693/7389
f 5662/3358 5648/3344 5712/3408
f 5712/3408 5648/3344 5713/3409
f 5713/3409 9694/7390 5729/3425
f 9728/7424 9703/7399 9716/7412
f 9684/7380 9660/7356 9729/7425
f 9729/7425 9660/7356 9717/7413
f 5651/3347 5665/3361 9730/7426
f 9730/7426 5718/3414 5651/3347
f 9696/7392 9506/7202 9557/7253
f 5678/3374 9697/7393 5679/3375
f 5679/3375 9697/7393 9675/7371
f 5750/3446 9520/7216 5748/3444
f 9719/7415 9663/7359 9731/7427
f 9663/7359 9676/7372 9720/7416
f 5655/3351 5643/3339 5699/3395
f 9732/7428 9708/7404 9590/7286
f 9590/7286 9595/7291 9733/7429
f 9653/7349 9510/7206 9734/7430
f 9734/7430 9510/7206 9356/7052
f 5643/3339 5656/3352 5698/3394
f 9656/7352 9642/7338 9735/7431
f 9736/7432 9709/7405 5630/3326
f 9679/7375 9645/7341 5725/3421
f 5725/3421 9645/7341 5632/3328
f 5632/3328 5631/3327 9724/7420
f 9724/7420 9688/7384 9737/7433
f 9737/7433 9688/7384 9668/7364
f 9604/7300 9591/7287 9726/7422
f 9711/7407 9712/7408 9738/7434
f 9738/7434 9712/7408 9700/7396
f 9739/7435 9669/7365 9692/7388
f 9739/7435 9692/7388 9740/7436
f 9740/7436 9692/7388 9701/7397
f 9741/7437 9683/7379 9684/7380
f 9741/7437 9684/7380 9742/7438
f 9742/7438 9684/7380 9729/7425
f 9704/7400 9506/7202 9696/7392
f 5665/3361 5718/3414 9730/7426
f 5679/3375 9675/7371 9718/7414
f 9706/7402 9651/7347 9743/7439
f 9744/7440 9719/7415 9731/7427
f 9663/7359 9720/7416 9731/7427
f 9685/7381 5655/3351 5699/3395
f 9707/7403 9687/7383 9745/7441
f 9732/7428 9590/7286 9733/7429
f 9643/7339 9644/7340 9723/7419
f 5702/3398 9628/7324 9746/7442
f 9746/7442 9628/7324 9678/7374
f 5727/3423 9679/7375 5725/3421
f 9668/7364 9680/7376 9725/7421
f 9710/7406 9711/7407 9747/7443
f 9711/7407 9738/7434 9748/7444
f 9700/7396 9713/7409 9749/7445
f 9713/7409 9669/7365 9750/7446
f 9669/7365 9739/7435 9750/7446
f 9741/7437 9716/7412 9683/7379
f 9651/7347 9635/7331 9743/7439
f 9635/7331 9561/7257 5750/3446
f 5748/3444 9612/7308 9751/7447
f 9751/7447 9612/7308 9686/7382
f 9733/7429 9595/7291 9653/7349
f 9357/7053 9442/7138 9752/7448
f 9752/7448 9442/7138 9638/7334
f 9723/7419 9627/7323 9753/7449
f 9627/7323 5701/3397 9754/7450
f 9754/7450 5701/3397 5703/3399
f 5885/3581 9512/7208 9755/7451
f 9756/7452 5702/3398 9746/7442
f 5632/3328 9724/7420 9757/7453
f 9757/7453 9724/7420 9737/7433
f 9737/7433 9668/7364 9725/7421
f 9725/7421 9689/7385 9681/7377
f 9681/7377 9710/7406 9758/7454
f 9747/7443 9711/7407 9748/7444
f 9738/7434 9700/7396 9749/7445
f 9749/7445 9713/7409 9750/7446
f 9740/7436 9701/7397 9759/7455
f 5662/3358 5711/3407 5786/3482
f 5711/3407 5729/3425 5787/3483
f 9728/7424 9716/7412 9760/7456
f 9693/7389 9646/7342 9761/7457
f 9760/7456 9716/7412 9741/7437
f 9761/7457 9646/7342 9647/7343
f 9762/7458 9729/7425 9717/7413
f 5716/3412 5745/3441 5718/3414
f 5791/3487 9649/7345 5789/3485
f 9649/7345 5678/3374 5789/3485
f 5789/3485 5678/3374 5680/3376
f 9718/7414 9706/7402 9743/7439
f 9743/7439 9635/7331 9763/7459
f 9731/7427 9720/7416 9764/7460
f 9764/7460 9720/7416 9698/7394
f 9698/7394 9721/7417 9765/7461
f 9764/7460 9698/7394 9765/7461
f 9721/7417 9699/7395 9766/7462
f 9686/7382 9707/7403 5879/3575
f 5879/3575 9707/7403 9745/7441
f 5774/3470 5697/3393 5736/3432
f 9666/7362 9551/7247 9767/7463
f 9767/7463 9551/7247 9341/7037
f 9753/7449 9627/7323 9754/7450
f 5703/3399 5702/3398 9756/7452
f 5725/3421 5632/3328 9768/7464
f 5726/3422 5725/3421 9768/7464
f 9768/7464 5632/3328 9769/7465
f 9769/7465 5632/3328 9757/7453
f 9737/7433 9725/7421 9770/7466
f 9725/7421 9681/7377 9770/7466
f 9770/7466 9681/7377 9771/7467
f 9771/7467 9681/7377 9772/7468
f 9772/7468 9681/7377 9758/7454
f 9758/7454 9710/7406 9773/7469
f 9773/7469 9710/7406 9747/7443
f 9748/7444 9738/7434 9774/7470
f 9738/7434 9749/7445 9774/7470
f 9749/7445 9750/7446 9775/7471
f 9776/7472 9714/7410 9632/7328
f 5787/3483 5729/3425 9777/7473
f 9742/7438 9729/7425 5826/3522
f 5826/3522 9729/7425 9762/7458
f 9778/7474 9718/7414 9743/7439
f 9763/7459 9635/7331 5750/3446
f 5749/3445 5748/3444 9751/7447
f 9779/7475 9744/7440 9731/7427
f 9779/7475 9731/7427 9764/7460
f 9765/7461 9721/7417 9766/7462
f 9780/7476 9626/7322 9666/7362
f 9735/7431 9642/7338 9781/7477
f 9782/7478 9641/7337 9667/7363
f 9781/7477 9642/7338 5885/3581
f 9746/7442 9678/7374 9783/7479
f 9769/7465 9757/7453 9784/7480
f 9757/7453 9737/7433 9784/7480
f 5675/3371 5710/3406 5759/3455
f 9785/7481 9774/7470 9749/7445
f 9749/7445 9775/7471 9786/7482
f 9775/7471 9750/7446 9787/7483
f 9750/7446 9739/7435 9787/7483
f 9787/7483 9739/7435 9740/7436
f 9740/7436 9759/7455 9788/7484
f 5786/3482 5711/3407 5787/3483
f 5821/3517 5787/3483 9777/7473
f 5690/3386 5743/3439 5766/3462
f 5789/3485 5680/3376 5875/3571
f 5875/3571 5680/3376 5734/3430
f 5734/3430 5679/3375 9789/7485
f 9789/7485 5679/3375 9718/7414
f 9789/7485 9718/7414 9778/7474
f 9744/7440 9779/7475 9790/7486
f 9751/7447 9686/7382 9791/7487
f 9685/7381 5699/3395 9792/7488
f 9793/7489 9685/7381 9792/7488
f 5699/3395 5738/3434 9792/7488
f 9655/7351 9613/7309 9794/7490
f 9795/7491 9614/7310 9656/7352
f 9722/7418 9641/7337 9782/7478
f 9643/7339 9723/7419 9796/7492
f 9796/7492 9723/7419 9753/7449
f 9736/7432 5630/3326 5724/3420
f 9768/7464 9769/7465 9797/7493
f 9797/7493 9769/7465 9784/7480
f 9784/7480 9737/7433 9798/7494
f 9798/7494 9737/7433 9770/7466
f 9527/7223 9603/7299 9799/7495
f 9747/7443 9748/7444 9774/7470
f 5741/3437 5783/3479 5688/3384
f 9785/7481 9749/7445 9786/7482
f 9787/7483 9740/7436 9800/7496
f 9800/7496 9740/7436 9788/7484
f 5803/3499 5744/3440 5728/3424
f 9801/7497 9760/7456 9741/7437
f 9742/7438 9802/7498 9741/7437
f 9802/7498 9742/7438 5826/3522
f 5826/3522 9762/7458 5824/3520
f 9704/7400 9696/7392 9803/7499
f 5790/3486 5789/3485 5875/3571
f 9779/7475 9764/7460 9804/7500
f 9734/7430 9356/7052 9805/7501
f 9806/7502 9357/7053 9752/7448
f 9667/7363 9643/7339 9807/7503
f 9808/7504 9754/7450 5703/3399
f 9809/7505 9746/7442 9783/7479
f 9797/7493 9784/7480 9798/7494
f 5578/3274 9514/7210 9810/7506
f 9810/7506 9514/7210 9527/7223
f 9810/7506 9527/7223 9799/7495
f 9773/7469 9747/7443 9811/7507
f 9811/7507 9747/7443 9774/7470
f 9775/7471 9787/7483 9812/7508
f 5840/3536 5785/3481 5787/3483
f 5840/3536 5787/3483 5820/3516
f 9813/7509 9801/7497 9741/7437
f 9813/7509 9741/7437 9802/7498
f 5766/3462 5807/3503 5692/3388
f 9696/7392 5791/3487 5790/3486
f 5875/3571 5734/3430 5874/3570
f 5874/3570 5734/3430 9789/7485
f 5994/3690 9743/7439 9763/7459
f 9763/7459 5750/3446 9814/7510
f 9804/7500 9790/7486 9779/7475
f 9815/7511 9790/7486 9804/7500
f 9764/7460 9765/7461 9816/7512
f 9765/7461 9766/7462 9816/7512
f 9792/7488 5738/3434 5884/3580
f 9782/7478 9667/7363 9807/7503
f 9753/7449 9754/7450 9808/7504
f 9796/7492 9753/7449 9817/7513
f 9736/7432 5724/3420 5856/3552
f 9818/7514 5726/3422 9819/7515
f 9819/7515 5726/3422 9768/7464
f 9768/7464 9797/7493 9820/7516
f 9819/7515 9768/7464 9820/7516
f 9797/7493 9798/7494 9821/7517
f 9822/7518 9797/7493 9821/7517
f 5779/3475 9823/7519 9824/7520
f 9821/7517 9798/7494 9770/7466
f 9825/7521 9821/7517 9770/7466
f 9825/7521 9770/7466 9826/7522
f 9826/7522 9770/7466 9827/7523
f 9827/7523 9770/7466 9771/7467
f 9827/7523 9771/7467 9828/7524
f 9828/7524 9771/7467 9772/7468
f 9828/7524 9772/7468 9829/7525
f 9828/7524 9829/7525 9830/7526
f 9829/7525 9772/7468 9758/7454
f 9829/7525 9758/7454 9831/7527
f 9831/7527 9758/7454 9773/7469
f 5800/3496 5799/3495 5801/3497
f 9831/7527 9773/7469 9811/7507
f 9811/7507 9774/7470 9832/7528
f 9774/7470 9785/7481 9832/7528
f 9776/7472 9632/7328 9833/7529
f 9812/7508 9787/7483 9800/7496
f 9834/7530 9800/7496 9788/7484
f 9621/7317 5475/3171 5765/3461
f 9802/7498 5826/3522 9835/7531
f 9835/7531 5826/3522 5825/3521
f 9803/7499 9696/7392 5790/3486
f 5874/3570 9789/7485 9836/7532
f 9836/7532 9789/7485 9778/7474
f 5994/3690 9763/7459 9814/7510
f 9791/7487 9686/7382 5879/3575
f 9837/7533 5879/3575 9745/7441
f 9732/7428 9733/7429 9838/7534
f 9838/7534 9733/7429 9653/7349
f 9792/7488 5884/3580 5883/3579
f 9839/7535 9342/7038 9840/7536
f 9840/7536 9342/7038 9552/7248
f 9840/7536 9552/7248 9722/7418
f 9807/7503 9643/7339 9796/7492
f 9808/7504 5703/3399 9756/7452
f 9756/7452 9746/7442 9809/7505
f 9820/7516 9797/7493 9822/7518
f 9822/7518 9821/7517 9841/7537
f 5779/3475 9824/7520 9842/7538
f 9841/7537 9821/7517 9843/7539
f 9843/7539 9821/7517 9825/7521
f 9843/7539 9825/7521 9826/7522
f 5834/3530 5578/3274 9844/7540
f 5578/3274 9810/7506 9844/7540
f 9844/7540 9810/7506 9845/7541
f 5779/3475 9842/7538 5799/3495
f 9826/7522 9827/7523 9846/7542
f 9845/7541 9810/7506 9847/7543
f 9847/7543 9810/7506 9799/7495
f 9846/7542 9827/7523 9848/7544
f 9827/7523 9828/7524 9848/7544
f 9849/7545 9726/7422 9850/7546
f 9848/7544 9828/7524 9851/7547
f 9828/7524 9830/7526 9851/7547
f 9850/7546 9726/7422 5837/3533
f 9850/7546 5837/3533 5836/3532
f 9830/7526 9829/7525 9852/7548
f 9851/7547 9830/7526 9852/7548
f 9829/7525 9831/7527 9853/7549
f 9853/7549 9831/7527 9854/7550
f 9854/7550 9831/7527 9811/7507
f 9854/7550 9811/7507 9855/7551
f 5815/3511 5814/3510 5816/3512
f 9856/7552 9811/7507 9832/7528
f 9856/7552 9832/7528 9857/7553
f 5927/3623 9832/7528 9858/7554
f 9858/7554 9832/7528 9785/7481
f 9858/7554 9785/7481 9786/7482
f 9858/7554 9786/7482 9859/7555
f 5838/3534 5840/3536 5820/3516
f 9786/7482 9775/7471 9812/7508
f 9859/7555 9786/7482 9812/7508
f 9860/7556 9812/7508 9861/7557
f 9812/7508 9800/7496 9861/7557
f 9861/7557 9800/7496 9834/7530
f 9813/7509 9802/7498 9862/7558
f 9862/7558 9802/7498 9835/7531
f 5743/3439 5805/3501 5845/3541
f 5743/3439 5845/3541 5807/3503
f 9761/7457 9647/7343 9863/7559
f 9864/7560 9704/7400 9803/7499
f 9803/7499 5790/3486 9864/7560
f 5872/3568 5790/3486 5875/3571
f 9743/7439 5994/3690 9778/7474
f 9814/7510 5750/3446 5749/3445
f 5749/3445 9751/7447 9791/7487
f 9815/7511 9804/7500 9865/7561
f 9865/7561 9804/7500 9764/7460
f 9866/7562 9732/7428 9867/7563
f 9867/7563 9732/7428 9838/7534
f 9816/7512 9766/7462 9868/7564
f 5796/3492 5813/3509 5881/3577
f 9840/7536 9722/7418 9869/7565
f 9807/7503 9796/7492 9817/7513
f 9870/7566 9753/7449 9808/7504
f 9781/7477 5885/3581 5887/3583
f 5885/3581 9755/7451 5886/3582
f 9808/7504 9756/7452 9871/7567
f 9871/7567 9756/7452 9809/7505
f 9872/7568 9736/7432 5856/3552
f 9819/7515 9820/7516 9873/7569
f 9873/7569 9820/7516 9822/7518
f 9824/7520 9874/7570 9842/7538
f 9842/7538 9874/7570 9875/7571
f 9874/7570 9876/7572 9875/7571
f 9873/7569 9822/7518 9841/7537
f 9843/7539 9826/7522 9846/7542
f 5799/3495 9842/7538 9875/7571
f 5799/3495 9875/7571 9877/7573
f 9878/7574 9851/7547 9852/7548
f 5801/3497 5799/3495 9877/7573
f 5801/3497 9877/7573 5862/3558
f 9878/7574 9852/7548 9829/7525
f 9878/7574 9829/7525 9853/7549
f 5801/3497 5862/3558 5814/3510
f 9879/7575 9853/7549 9854/7550
f 9879/7575 9854/7550 9855/7551
f 9880/7576 9855/7551 5926/3622
f 9855/7551 9811/7507 5926/3622
f 5926/3622 9811/7507 9856/7552
f 9881/7577 5926/3622 9856/7552
f 5814/3510 5863/3559 5817/3513
f 9857/7553 9832/7528 5927/3623
f 9882/7578 9857/7553 5927/3623
f 9883/7579 5927/3623 9884/7580
f 9884/7580 5927/3623 9858/7554
f 9884/7580 9858/7554 9859/7555
f 9859/7555 9812/7508 9885/7581
f 9632/7328 9886/7582 9833/7529
f 9886/7582 9632/7328 9556/7252
f 9887/7583 9801/7497 9813/7509
f 5819/3515 5817/3513 5865/3561
f 9885/7581 9812/7508 9860/7556
f 5819/3515 5866/3562 5868/3564
f 5868/3564 5869/3565 5905/3601
f 9835/7531 5825/3521 9888/7584
f 5827/3523 5844/3540 5936/3632
f 9889/7585 9761/7457 9863/7559
f 5768/3464 5870/3566 5809/3505
f 9890/7586 5749/3445 9791/7487
f 9791/7487 5879/3575 5878/3574
f 5877/3573 5879/3575 9837/7533
f 9891/7587 9764/7460 9816/7512
f 9793/7489 9792/7488 5943/3639
f 9892/7588 9793/7489 5943/3639
f 5943/3639 9792/7488 5883/3579
f 9893/7589 9840/7536 9869/7565
f 9875/7571 9876/7572 9894/7590
f 9894/7590 9876/7572 9895/7591
f 9894/7590 9895/7591 9896/7592
f 5834/3530 9844/7540 9897/7593
f 9897/7593 9844/7540 9898/7594
f 9844/7540 9845/7541 9899/7595
f 9898/7594 9844/7540 9899/7595
f 9875/7571 9894/7590 9900/7596
f 9894/7590 9896/7592 9901/7597
f 9902/7598 9843/7539 9846/7542
f 9899/7595 9845/7541 9847/7543
f 9877/7573 9875/7571 9900/7596
f 9900/7596 9894/7590 9901/7597
f 9900/7596 9901/7597 9903/7599
f 9903/7599 9901/7597 5893/3589
f 9902/7598 9846/7542 9904/7600
f 9846/7542 9848/7544 9904/7600
f 9877/7573 9900/7596 5862/3558
f 9900/7596 9903/7599 5862/3558
f 9848/7544 9851/7547 9905/7601
f 9904/7600 9848/7544 9905/7601
f 5862/3558 9903/7599 9906/7602
f 9903/7599 5893/3589 5892/3588
f 9851/7547 9878/7574 9905/7601
f 9903/7599 5892/3588 9906/7602
f 9907/7603 5894/3590 9908/7604
f 9905/7601 9878/7574 9909/7605
f 5892/3588 5894/3590 9907/7603
f 9878/7574 9853/7549 9909/7605
f 9853/7549 9879/7575 9909/7605
f 5863/3559 5862/3558 9906/7602
f 9906/7602 5892/3588 5896/3592
f 5863/3559 9906/7602 5896/3592
f 9879/7575 9855/7551 9880/7576
f 5838/3534 5820/3516 9910/7606
f 5839/3535 5838/3534 9910/7606
f 9910/7606 5820/3516 9911/7607
f 9911/7607 5820/3516 5864/3560
f 5863/3559 5896/3592 5817/3513
f 5817/3513 5896/3592 9912/7608
f 9880/7576 5926/3622 5925/3621
f 9913/7609 9856/7552 9857/7553
f 9913/7609 9857/7553 9882/7578
f 9881/7577 9856/7552 9913/7609
f 9883/7579 9884/7580 9914/7610
f 9884/7580 9859/7555 9915/7611
f 5817/3513 9912/7608 9916/7612
f 5865/3561 5817/3513 9916/7612
f 5865/3561 9916/7612 5897/3593
f 9917/7613 9813/7509 9862/7558
f 5865/3561 5897/3593 5866/3562
f 5899/3595 5900/3596 5866/3562
f 5866/3562 5897/3593 5899/3595
f 9862/7558 9835/7531 9918/7614
f 9727/7423 9693/7389 9919/7615
f 9920/7616 9727/7423 9919/7615
f 9693/7389 9761/7457 9889/7585
f 9863/7559 9647/7343 9704/7400
f 9863/7559 9704/7400 9864/7560
f 5873/3569 9864/7560 5790/3486
f 9836/7532 9778/7474 9921/7617
f 9922/7618 9778/7474 5994/3690
f 9923/7619 9815/7511 9865/7561
f 9865/7561 9764/7460 9891/7587
f 9891/7587 9816/7512 9924/7620
f 9816/7512 9868/7564 9924/7620
f 9666/7362 9767/7463 9925/7621
f 9780/7476 9666/7362 9925/7621
f 9839/7535 9840/7536 9926/7622
f 9926/7622 9840/7536 9893/7589
f 9869/7565 9722/7418 9782/7478
f 9927/7623 9656/7352 9735/7431
f 9735/7431 9781/7477 9927/7623
f 9807/7503 9817/7513 9928/7624
f 9817/7513 9753/7449 9870/7566
f 9781/7477 5887/3583 6063/3759
f 9927/7623 9781/7477 6063/3759
f 6063/3759 5887/3583 5916/3612
f 9929/7625 9808/7504 9871/7567
f 9872/7568 5856/3552 9930/7626
f 9899/7595 9847/7543 9931/7627
f 9932/7628 9849/7545 9850/7546
f 9932/7628 9850/7546 9933/7629
f 9933/7629 9850/7546 5836/3532
f 9933/7629 5836/3532 9934/7630
f 9934/7630 5836/3532 5920/3616
f 5892/3588 9907/7603 5895/3591
f 5895/3591 9907/7603 9908/7604
f 5895/3591 9908/7604 9935/7631
f 9908/7604 9936/7632 9935/7631
f 9937/7633 5839/3535 9910/7606
f 9935/7631 9936/7632 9938/7634
f 9911/7607 5864/3560 9939/7635
f 9912/7608 5896/3592 5895/3591
f 5923/3619 5926/3622 9881/7577
f 5923/3619 9881/7577 9940/7636
f 9940/7636 9881/7577 9913/7609
f 9913/7609 9882/7578 9941/7637
f 9942/7638 9887/7583 9813/7509
f 9912/7608 5895/3591 9943/7639
f 5895/3591 9935/7631 9943/7639
f 9943/7639 9935/7631 9938/7634
f 9943/7639 9938/7634 9944/7640
f 9941/7637 9882/7578 5929/3625
f 9882/7578 5927/3623 5929/3625
f 9914/7610 9884/7580 9945/7641
f 9946/7642 9947/7643 9948/7644
f 9916/7612 9912/7608 9943/7639
f 9915/7611 9859/7555 9885/7581
f 9915/7611 9885/7581 9949/7645
f 9950/7646 9556/7252 9715/7411
f 9943/7639 9944/7640 5898/3594
f 9916/7612 9943/7639 5898/3594
f 9916/7612 5898/3594 5897/3593
f 9949/7645 9885/7581 9951/7647
f 9885/7581 9860/7556 9951/7647
f 9917/7613 9862/7558 9952/7648
f 5866/3562 5901/3597 5902/3598
f 9860/7556 9861/7557 9951/7647
f 9952/7648 9862/7558 9918/7614
f 9951/7647 9861/7557 9953/7649
f 9861/7557 9834/7530 9953/7649
f 9918/7614 9835/7531 9888/7584
f 5869/3565 5902/3598 5906/3602
f 5869/3565 5906/3602 5905/3601
f 9919/7615 9693/7389 9889/7585
f 5872/3568 5874/3570 9954/7650
f 9954/7650 5874/3570 9836/7532
f 9922/7618 5994/3690 5996/3692
f 5770/3466 5910/3606 5849/3545
f 9814/7510 5749/3445 5995/3691
f 5589/3285 9654/7350 9955/7651
f 9956/7652 9655/7351 9794/7490
f 9795/7491 9656/7352 9957/7653
f 9957/7653 9656/7352 9927/7623
f 9870/7566 9808/7504 9958/7654
f 9958/7654 9808/7504 9929/7625
f 9959/7655 5834/3530 9897/7593
f 9910/7606 9911/7607 9960/7656
f 9937/7633 9910/7606 9960/7656
f 9960/7656 9911/7607 9939/7635
f 9883/7579 9914/7610 9961/7657
f 5929/3625 5928/3624 9962/7658
f 9963/7659 9946/7642 9948/7644
f 9963/7659 9948/7644 9964/7660
f 6033/3729 5962/3658 5961/3657
f 9965/7661 9964/7660 9966/7662
f 5806/3502 5930/3626 6030/3726
f 9918/7614 9888/7584 9967/7663
f 5906/3602 5931/3627 9968/7664
f 5994/3690 9814/7510 5995/3691
f 9838/7534 9653/7349 9734/7430
f 9969/7665 9734/7430 9805/7501
f 9970/7666 9923/7619 9865/7561
f 6055/3751 9923/7619 9970/7666
f 9638/7334 9625/7321 9971/7667
f 9891/7587 9924/7620 9972/7668
f 9892/7588 5943/3639 9973/7669
f 5943/3639 5913/3609 6022/3718
f 9782/7478 9807/7503 9928/7624
f 9930/7626 5856/3552 5980/3676
f 9974/7670 9942/7638 9813/7509
f 9974/7670 9813/7509 9917/7613
f 9940/7636 9913/7609 9975/7671
f 9976/7672 9883/7579 9961/7657
f 9975/7671 9913/7609 9941/7637
f 5927/3623 9883/7579 9976/7672
f 5928/3624 5927/3623 9976/7672
f 9961/7657 9914/7610 9977/7673
f 9978/7674 9979/7675 9980/7676
f 9941/7637 5929/3625 9981/7677
f 6035/3731 9982/7678 6033/3729
f 5964/3660 9983/7679 6031/3727
f 9978/7674 9980/7676 9984/7680
f 9886/7582 9556/7252 9950/7646
f 9985/7681 9984/7680 9986/7682
f 9987/7683 9963/7659 9988/7684
f 9963/7659 9964/7660 9988/7684
f 5965/3661 5964/3660 5967/3663
f 9988/7684 9964/7660 9989/7685
f 9989/7685 9964/7660 9965/7661
f 9990/7686 9918/7614 9967/7663
f 9951/7647 9953/7649 9991/7687
f 9992/7688 9966/7662 9993/7689
f 5906/3602 9968/7664 9994/7690
f 5906/3602 9994/7690 5987/3683
f 5906/3602 5987/3683 5937/3633
f 9995/7691 9863/7559 9996/7692
f 9863/7559 9864/7560 9996/7692
f 9996/7692 9864/7560 5873/3569
f 9996/7692 5873/3569 9997/7693
f 5872/3568 9997/7693 5873/3569
f 9954/7650 9836/7532 9921/7617
f 9921/7617 9778/7474 9922/7618
f 9998/7694 5995/3691 5749/3445
f 5878/3574 5877/3573 9999/7695
f 9999/7695 5877/3573 9837/7533
f 9866/7562 9867/7563 6118/3814
f 9970/7666 9865/7561 9891/7587
f 9780/7476 9925/7621 10000/7696
f 9970/7666 9891/7587 10001/7697
f 10001/7697 9891/7587 9972/7668
f 10000/7696 9925/7621 10002/7698
f 9924/7620 9868/7564 9972/7668
f 9972/7668 9868/7564 10003/7699
f 9782/7478 9928/7624 10004/7700
f 10004/7700 9928/7624 10005/7701
f 9817/7513 9870/7566 9928/7624
f 10006/7702 9870/7566 9958/7654
f 10006/7702 9958/7654 10007/7703
f 10007/7703 9958/7654 9929/7625
f 9871/7567 9809/7505 10008/7704
f 10009/7705 9872/7568 9930/7626
f 10010/7706 9959/7655 9897/7593
f 5949/3645 5921/3617 6028/3724
f 10011/7707 9937/7633 9960/7656
f 9960/7656 9939/7635 10012/7708
f 6033/3729 5961/3657 6034/3730
f 9985/7681 9986/7682 10013/7709
f 10014/7710 10015/7711 10016/7712
f 10017/7713 9987/7683 10018/7714
f 9987/7683 9988/7684 10018/7714
f 10018/7714 9988/7684 10019/7715
f 10019/7715 9988/7684 10020/7716
f 10020/7716 9988/7684 9989/7685
f 9989/7685 9965/7661 10020/7716
f 10014/7710 10016/7712 10021/7717
f 10020/7716 9965/7661 9966/7662
f 10020/7716 9966/7662 9992/7688
f 6129/3825 9621/7317 5765/3461
f 9991/7687 9953/7649 6136/3832
f 10014/7710 10021/7717 10022/7718
f 10022/7718 10021/7717 6049/3745
f 10022/7718 6049/3745 6048/3744
f 5937/3633 5988/3684 5989/3685
f 10023/7719 9889/7585 9863/7559
f 10023/7719 9863/7559 9995/7691
f 9995/7691 9996/7692 10024/7720
f 9996/7692 9997/7693 10025/7721
f 9997/7693 5872/3568 6152/3848
f 6152/3848 5872/3568 9954/7650
f 9998/7694 5749/3445 9890/7586
f 9791/7487 5878/3574 10026/7722
f 6117/3813 9866/7562 6118/3814
f 6055/3751 9970/7666 6053/3749
f 9970/7666 10001/7697 6053/3749
f 10027/7723 9926/7622 9893/7589
f 9973/7669 5943/3639 10028/7724
f 10028/7724 5943/3639 6023/3719
f 10005/7701 9928/7624 9870/7566
f 6372/4068 9929/7625 9871/7567
f 6179/3875 10009/7705 9930/7626
f 9932/7628 9933/7629 10029/7725
f 10029/7725 9933/7629 9934/7630
f 10030/7726 9974/7670 9917/7613
f 10030/7726 9917/7613 10031/7727
f 10031/7727 9917/7613 9952/7648
f 9976/7672 9961/7657 10032/7728
f 9961/7657 9977/7673 10033/7729
f 10032/7728 9961/7657 10033/7729
f 9978/7674 9984/7680 10034/7730
f 10035/7731 9978/7674 10034/7730
f 9952/7648 9918/7614 10036/7732
f 10036/7732 9918/7614 9990/7686
f 6131/3827 9621/7317 6129/3825
f 6034/3730 5961/3657 6044/3740
f 6186/3882 10037/7733 6046/3742
f 6129/3825 5765/3461 10038/7734
f 10021/7717 10039/7735 10040/7736
f 10040/7736 10039/7735 10041/7737
f 10042/7738 10019/7715 10020/7716
f 10042/7738 10020/7716 10043/7739
f 10043/7739 10020/7716 9992/7688
f 10043/7739 9992/7688 9993/7689
f 10021/7717 10040/7736 6049/3745
f 9920/7616 9919/7615 9889/7585
f 10024/7720 9996/7692 10044/7740
f 10044/7740 9996/7692 10025/7721
f 6150/3846 9954/7650 9921/7617
f 9890/7586 9791/7487 10026/7722
f 10026/7722 5878/3574 9999/7695
f 6118/3814 9867/7563 9838/7534
f 10045/7741 9838/7534 9734/7430
f 10045/7741 9734/7430 9969/7665
f 9893/7589 9869/7565 10046/7742
f 10046/7742 9869/7565 9782/7478
f 9957/7653 9927/7623 10047/7743
f 10005/7701 9870/7566 10006/7702
f 6062/3758 5916/3612 10048/7744
f 6372/4068 9871/7567 10008/7704
f 9897/7593 9898/7594 10049/7745
f 10049/7745 9898/7594 9899/7595
f 10010/7706 9897/7593 10050/7746
f 6065/3761 5919/3615 10051/7747
f 10052/7748 10011/7707 9960/7656
f 10052/7748 9960/7656 10053/7749
f 10054/7750 9974/7670 10030/7726
f 10055/7751 10054/7750 10030/7726
f 10031/7727 9952/7648 10036/7732
f 9975/7671 9941/7637 10056/7752
f 5928/3624 9976/7672 10057/7753
f 10056/7752 9941/7637 9981/7677
f 10034/7730 9984/7680 9985/7681
f 10058/7754 6035/3731 6034/3730
f 6186/3882 6046/3742 6045/3741
f 10059/7755 10060/7756 9991/7687
f 10059/7755 9991/7687 6136/3832
f 10042/7738 10043/7739 10061/7757
f 10061/7757 10043/7739 10062/7758
f 10063/7759 9920/7616 10064/7760
f 6049/3745 10040/7736 10041/7737
f 6049/3745 10041/7737 6076/3772
f 10064/7760 9920/7616 10065/7761
f 6049/3745 6076/3772 6050/3746
f 10023/7719 9920/7616 9889/7585
f 10065/7761 9920/7616 10023/7719
f 10066/7762 10023/7719 9995/7691
f 10066/7762 9995/7691 10024/7720
f 10067/7763 10044/7740 10025/7721
f 10025/7721 9997/7693 6152/3848
f 6152/3848 9954/7650 6150/3846
f 6201/3897 9921/7617 9922/7618
f 5996/3692 5995/3691 6162/3858
f 6162/3858 5995/3691 6167/3863
f 10068/7764 5995/3691 9998/7694
f 10069/7765 10026/7722 9999/7695
f 9752/7448 9638/7334 10070/7766
f 10070/7766 9638/7334 9971/7667
f 10071/7767 10000/7696 10002/7698
f 10001/7697 9972/7668 10072/7768
f 10027/7723 9893/7589 10073/7769
f 9972/7668 10003/7699 10072/7768
f 10073/7769 9893/7589 10046/7742
f 9973/7669 10028/7724 10074/7770
f 10072/7768 10003/7699 10075/7771
f 10046/7742 9782/7478 6221/3917
f 6221/3917 9782/7478 10004/7700
f 10076/7772 10004/7700 10005/7701
f 10007/7703 9929/7625 6372/4068
f 10077/7773 9927/7623 6063/3759
f 6179/3875 9930/7626 5980/3676
f 10050/7746 9897/7593 10049/7745
f 10049/7745 9899/7595 9931/7627
f 10078/7774 10011/7707 10052/7748
f 10079/7775 10080/7776 10055/7751
f 10079/7775 10055/7751 10081/7777
f 10081/7777 10055/7751 10030/7726
f 6126/3822 10031/7727 10036/7732
f 6126/3822 10036/7732 10082/7778
f 6101/3797 5923/3619 9940/7636
f 6101/3797 9940/7636 10083/7779
f 9940/7636 9975/7671 10084/7780
f 10083/7779 9940/7636 10084/7780
f 10084/7780 9975/7671 10056/7752
f 10057/7753 9976/7672 10032/7728
f 5932/3628 10085/7781 6069/3765
f 5928/3624 10057/7753 6384/4080
f 9962/7658 5928/3624 6384/4080
f 10082/7778 10036/7732 9990/7686
f 10034/7730 9985/7681 6227/3923
f 6227/3923 9985/7681 10013/7709
f 6227/3923 10013/7709 6229/3925
f 6229/3925 10013/7709 10086/7782
f 6104/3800 6043/3739 6042/3738
f 6135/3831 10059/7755 6136/3832
f 6077/3773 6108/3804 6050/3746
f 10065/7761 10023/7719 10066/7762
f 6050/3746 6108/3804 6110/3806
f 10066/7762 10024/7720 6148/3844
f 5991/3687 6079/3775 6080/3776
f 10044/7740 6148/3844 10024/7720
f 6148/3844 10044/7740 6149/3845
f 10044/7740 10067/7763 6149/3845
f 6151/3847 10025/7721 6152/3848
f 10087/7783 6201/3897 9922/7618
f 10087/7783 9922/7618 10088/7784
f 10088/7784 9922/7618 5996/3692
f 10088/7784 5996/3692 6164/3860
f 6164/3860 5996/3692 6162/3858
f 6163/3859 6162/3858 6167/3863
f 6167/3863 5995/3691 10068/7764
f 10089/7785 10068/7764 9998/7694
f 10089/7785 9998/7694 9890/7586
f 9890/7586 10026/7722 10090/7786
f 10026/7722 10069/7765 10091/7787
f 6118/3814 9838/7534 10045/7741
f 10092/7788 10045/7741 9969/7665
f 10071/7767 10002/7698 10093/7789
f 6053/3749 10001/7697 10094/7790
f 10094/7790 10001/7697 10072/7768
f 10073/7769 10046/7742 6221/3917
f 9956/7652 9794/7490 10095/7791
f 10096/7792 9795/7491 9957/7653
f 6221/3917 10004/7700 6222/3918
f 6222/3918 10004/7700 10076/7772
f 10076/7772 10005/7701 10006/7702
f 10097/7793 10006/7702 10007/7703
f 10047/7743 9927/7623 10077/7773
f 10049/7745 9931/7627 10098/7794
f 10099/7795 9932/7628 10029/7725
f 9934/7630 5920/3616 6065/3761
f 10030/7726 10031/7727 6126/3822
f 6124/3820 6126/3822 10082/7778
f 6386/4082 9962/7658 6384/4080
f 10035/7731 10034/7730 6226/3922
f 9833/7529 9886/7582 10100/7796
f 10101/7797 9886/7582 9950/7646
f 9950/7646 9715/7411 10102/7798
f 10056/7752 9981/7677 10103/7799
f 10103/7799 9981/7677 10104/7800
f 6226/3922 10034/7730 6227/3923
f 10058/7754 6034/3730 6044/3740
f 6141/3837 6143/3839 10105/7801
f 6141/3837 10105/7801 10106/7802
f 10107/7803 10064/7760 10065/7761
f 10107/7803 10065/7761 10108/7804
f 10108/7804 10065/7761 10066/7762
f 10108/7804 10066/7762 10109/7805
f 10109/7805 10066/7762 6148/3844
f 10110/7806 6110/3806 6109/3805
f 6147/3843 6149/3845 10067/7763
f 6051/3747 6080/3776 10111/7807
f 6147/3843 10067/7763 6151/3847
f 10067/7763 10025/7721 6151/3847
f 6051/3747 10111/7807 6111/3807
f 6151/3847 6150/3846 6200/3896
f 6200/3896 6150/3846 9921/7617
f 6200/3896 9921/7617 6201/3897
f 6202/3898 6201/3897 10112/7808
f 6155/3851 6156/3852 6205/3901
f 6156/3852 6158/3854 6161/3857
f 6160/3856 6159/3855 6207/3903
f 6163/3859 6167/3863 6166/3862
f 6167/3863 10068/7764 6165/3861
f 10068/7764 10089/7785 10113/7809
f 5998/3694 6082/3778 6171/3867
f 10089/7785 9890/7586 10114/7810
f 10114/7810 9890/7586 10090/7786
f 10091/7787 10069/7765 10115/7811
f 10116/7812 6116/3812 6118/3814
f 6018/3714 6083/3779 6175/3871
f 2369/65 2368/64 6260/3956
f 6085/3781 5753/3449 6174/3870
f 10117/7813 10071/7767 10093/7789
f 6054/3750 6053/3749 10118/7814
f 6086/3782 6001/3697 10119/7815
f 10118/7814 6053/3749 10094/7790
f 10120/7816 10073/7769 6221/3917
f 10121/7817 9956/7652 10122/7818
f 10122/7818 9956/7652 10095/7791
f 10123/7819 10124/7820 6264/3960
f 6264/3960 10124/7820 6267/3963
f 10076/7772 10006/7702 6269/3965
f 6269/3965 10006/7702 10097/7793
f 10097/7793 10007/7703 6372/4068
f 10125/7821 10097/7793 6372/4068
f 10077/7773 6063/3759 6062/3758
f 10029/7725 9934/7630 10126/7822
f 10126/7822 9934/7630 6065/3761
f 10127/7823 10081/7777 10030/7726
f 10127/7823 10030/7726 6126/3822
f 10128/7824 10129/7825 10130/7826
f 10131/7827 10057/7753 10032/7728
f 10032/7728 10033/7729 10132/7828
f 10084/7780 10056/7752 10133/7829
f 10100/7796 9886/7582 10101/7797
f 10101/7797 9950/7646 10134/7830
f 10134/7830 9950/7646 10102/7798
f 10133/7829 10056/7752 10103/7799
f 10058/7754 6044/3740 6183/3879
f 10135/7831 6186/3882 6187/3883
f 10038/7734 5765/3461 10136/7832
f 6145/3841 6144/3840 6197/3893
f 6197/3893 6142/3838 10137/7833
f 10137/7833 6142/3838 6141/3837
f 6146/3842 6145/3841 6197/3893
f 6146/3842 6197/3893 10137/7833
f 10137/7833 6141/3837 10106/7802
f 6146/3842 10137/7833 10138/7834
f 6109/3805 6146/3842 10138/7834
f 10139/7835 6109/3805 10138/7834
f 10109/7805 6148/3844 6147/3843
f 10109/7805 6147/3843 10140/7836
f 10110/7806 6109/3805 10139/7835
f 10141/7837 10110/7806 10139/7835
f 10141/7837 10139/7835 10142/7838
f 10140/7836 6147/3843 6151/3847
f 10141/7837 10142/7838 6246/3942
f 6151/3847 6200/3896 10140/7836
f 10140/7836 6200/3896 10143/7839
f 10143/7839 6200/3896 6202/3898
f 6204/3900 6155/3851 10144/7840
f 10144/7840 6155/3851 6205/3901
f 10145/7841 10146/7842 10147/7843
f 10145/7841 10147/7843 10148/7844
f 10148/7844 10147/7843 10149/7845
f 10148/7844 10149/7845 10150/7846
f 10148/7844 10150/7846 10151/7847
f 10152/7848 10068/7764 10113/7809
f 10091/7787 10090/7786 10026/7722
f 10090/7786 10091/7787 10153/7849
f 6253/3949 6218/3914 6251/3947
f 10153/7849 10091/7787 10115/7811
f 10116/7812 6118/3814 10154/7850
f 10155/7851 6118/3814 10045/7741
f 10120/7816 6221/3917 6223/3919
f 6261/3957 10123/7819 6264/3960
f 6224/3920 5589/3285 10156/7852
f 6269/3965 10097/7793 10125/7821
f 6270/3966 6269/3965 10125/7821
f 6372/4068 10008/7704 6370/4066
f 10157/7853 10009/7705 6179/3875
f 10131/7827 10032/7728 10132/7828
f 6384/4080 10057/7753 10131/7827
f 10158/7854 10035/7731 6226/3922
f 10158/7854 6226/3922 6228/3924
f 10159/7855 10100/7796 10101/7797
f 10160/7856 10100/7796 10159/7855
f 10161/7857 10058/7754 10162/7858
f 10133/7829 10103/7799 10163/7859
f 10162/7858 10058/7754 6183/3879
f 6231/3927 6232/3928 6274/3970
f 6299/3995 6241/3937 6242/3938
f 10137/7833 10106/7802 10164/7860
f 10165/7861 10137/7833 10164/7860
f 10164/7860 10106/7802 10166/7862
f 10138/7834 10137/7833 10165/7861
f 10165/7861 10164/7860 10167/7863
f 10168/7864 10138/7834 10165/7861
f 10168/7864 10165/7861 10167/7863
f 10167/7863 10164/7860 10169/7865
f 10169/7865 10164/7860 10166/7862
f 10169/7865 10166/7862 10170/7866
f 10170/7866 10166/7862 10171/7867
f 10172/7868 10138/7834 10168/7864
f 10139/7835 10138/7834 10173/7869
f 10173/7869 10138/7834 10172/7868
f 10172/7868 10168/7864 10174/7870
f 10174/7870 10168/7864 10167/7863
f 10174/7870 10167/7863 10169/7865
f 10170/7866 10171/7867 10175/7871
f 10176/7872 10174/7870 10169/7865
f 10176/7872 10169/7865 10177/7873
f 10173/7869 10172/7868 10178/7874
f 10176/7872 10177/7873 10179/7875
f 10180/7876 10139/7835 10173/7869
f 10180/7876 10173/7869 10178/7874
f 10177/7873 10169/7865 10181/7877
f 10181/7877 10169/7865 10170/7866
f 10142/7838 10139/7835 10180/7876
f 10142/7838 10180/7876 10182/7878
f 10181/7877 10170/7866 10175/7871
f 6246/3942 10142/7838 10182/7878
f 6247/3943 6246/3942 10182/7878
f 10183/7879 10181/7877 10175/7871
f 10183/7879 10175/7871 10184/7880
f 10185/7881 10183/7879 10184/7880
f 10185/7881 10184/7880 10186/7882
f 10186/7882 10184/7880 10187/7883
f 10186/7882 10187/7883 10188/7884
f 10189/7885 10185/7881 10186/7882
f 10186/7882 10188/7884 10190/7886
f 10189/7885 10186/7882 2308/4
f 2308/4 10186/7882 2309/5
f 2309/5 10186/7882 10190/7886
f 2309/5 10190/7886 10191/7887
f 10192/7888 10193/7889 10146/7842
f 10185/7881 10189/7885 10194/7890
f 10195/7891 10192/7888 10146/7842
f 10189/7885 2308/4 2310/6
f 10195/7891 10146/7842 10145/7841
f 10192/7888 10195/7891 10196/7892
f 10189/7885 2310/6 10194/7890
f 10196/7892 10195/7891 10145/7841
f 10196/7892 10145/7841 10148/7844
f 10197/7893 10148/7844 10151/7847
f 10198/7894 6209/3905 10199/7895
f 10200/7896 10201/7897 10202/7898
f 10200/7896 10202/7898 10203/7899
f 6209/3905 6165/3861 10199/7895
f 10068/7764 10199/7895 6165/3861
f 10199/7895 10068/7764 10152/7848
f 10204/7900 10152/7848 10113/7809
f 6169/3865 6216/3912 6250/3946
f 10204/7900 10113/7809 6346/4042
f 6346/4042 10113/7809 10089/7785
f 6169/3865 6250/3946 10205/7901
f 6346/4042 10089/7785 10114/7810
f 6346/4042 10114/7810 6349/4045
f 6170/3866 6169/3865 10205/7901
f 10114/7810 10090/7786 6350/4046
f 6349/4045 10114/7810 6350/4046
f 6170/3866 10205/7901 6217/3913
f 6350/4046 10090/7786 10153/7849
f 6350/4046 10153/7849 10115/7811
f 6218/3914 6217/3913 6251/3947
f 10154/7850 6118/3814 10155/7851
f 10155/7851 10045/7741 10092/7788
f 9805/7501 10092/7788 9969/7665
f 6362/4058 6255/3951 6254/3950
f 6259/3955 6261/3957 6263/3959
f 6178/3874 10157/7853 6179/3875
f 6375/4071 10157/7853 6178/3874
f 10159/7855 10101/7797 10206/7902
f 10206/7902 10101/7797 10134/7830
f 6101/3797 10083/7779 10207/7903
f 6127/3823 6101/3797 10207/7903
f 10207/7903 10083/7779 10084/7780
f 10207/7903 10084/7780 10133/7829
f 10207/7903 10133/7829 6700/4396
f 6700/4396 10133/7829 10163/7859
f 6282/3978 6281/3977 6392/4088
f 6228/3924 6229/3925 10208/7904
f 6283/3979 6273/3969 10209/7905
f 6431/4127 6316/4012 6318/4014
f 6468/4164 6445/4141 6319/4015
f 6437/4133 6444/4140 6317/4013
f 6438/4134 10210/7906 6439/4135
f 6309/4005 6323/4019 6326/4022
f 6310/4006 6309/4005 6326/4022
f 6326/4022 6325/4021 6512/4208
f 6512/4208 6325/4021 6524/4220
f 10180/7876 10178/7874 10211/7907
f 10179/7875 10177/7873 10181/7877
f 10182/7878 10180/7876 10212/7908
f 10212/7908 10180/7876 10211/7907
f 10213/7909 10179/7875 10214/7910
f 10214/7910 10179/7875 10181/7877
f 10182/7878 10212/7908 6247/3943
f 10214/7910 10181/7877 10183/7879
f 10215/7911 10214/7910 10183/7879
f 10215/7911 10183/7879 10185/7881
f 10216/7912 10215/7911 10185/7881
f 6548/4244 6554/4250 6540/4236
f 10216/7912 10185/7881 10217/7913
f 10185/7881 10194/7890 10217/7913
f 2309/5 10191/7887 10218/7914
f 2311/7 2309/5 10218/7914
f 10217/7913 10194/7890 2310/6
f 10217/7913 2310/6 2313/9
f 10219/7915 10220/7916 10221/7917
f 10221/7917 10220/7916 10222/7918
f 10223/7919 2313/9 2312/8
f 6572/4268 10224/7920 6570/4266
f 2311/7 10218/7914 10225/7921
f 10223/7919 2312/8 10226/7922
f 10226/7922 2312/8 2311/7
f 10226/7922 2311/7 10202/7898
f 10202/7898 2311/7 10225/7921
f 10197/7893 10196/7892 10148/7844
f 10227/7923 10223/7919 10226/7922
f 10201/7897 10227/7923 10226/7922
f 10201/7897 10226/7922 10202/7898
f 10228/7924 10227/7923 10201/7897
f 6580/4276 6593/4289 6571/4267
f 10202/7898 10225/7921 10203/7899
f 6216/3912 6579/4275 6249/3945
f 10228/7924 10201/7897 10229/7925
f 10230/7926 10228/7924 10229/7925
f 6593/4289 10231/7927 6594/4290
f 10232/7928 10199/7895 10152/7848
f 10204/7900 10232/7928 10152/7848
f 6249/3945 10233/7929 6250/3946
f 6250/3946 10233/7929 6335/4031
f 10234/7930 10232/7928 10204/7900
f 6250/3946 6335/4031 10235/7931
f 10235/7931 6335/4031 10236/7932
f 10236/7932 6335/4031 6337/4033
f 10237/7933 10238/7934 10239/7935
f 10240/7936 10204/7900 6348/4044
f 10204/7900 6346/4042 6348/4044
f 6250/3946 10235/7931 10241/7937
f 10235/7931 10236/7932 10241/7937
f 10241/7937 10236/7932 10242/7938
f 6343/4039 10241/7937 10242/7938
f 10205/7901 6250/3946 10243/7939
f 10243/7939 6250/3946 10241/7937
f 6342/4038 10241/7937 6343/4039
f 6347/4043 6349/4045 6351/4047
f 10205/7901 10243/7939 6355/4051
f 6217/3913 10205/7901 6355/4051
f 6251/3947 6217/3913 6355/4051
f 6353/4049 6352/4048 6358/4054
f 10154/7850 10155/7851 10244/7940
f 10244/7940 10155/7851 10092/7788
f 6360/4056 6251/3947 6359/4055
f 10245/7941 6268/3964 10246/7942
f 10246/7942 6268/3964 6270/3966
f 10246/7942 6270/3966 10125/7821
f 6371/4067 10125/7821 6372/4068
f 6698/4394 6697/4393 6694/4390
f 6383/4079 6377/4073 6376/4072
f 6385/4081 6384/4080 10131/7827
f 10247/7943 10131/7827 10132/7828
f 10248/7944 10158/7854 6228/3924
f 6393/4089 10249/7945 6696/4392
f 6696/4392 10249/7945 6697/4393
f 10250/7946 6127/3823 6699/4395
f 6699/4395 6127/3823 10207/7903
f 6699/4395 10207/7903 6700/4396
f 10251/7947 6394/4090 10252/7948
f 10253/7949 10251/7947 10252/7948
f 10252/7948 6394/4090 6393/4089
f 10254/7950 10255/7951 10256/7952
f 10256/7952 10255/7951 10257/7953
f 10258/7954 6436/4132 6430/4126
f 6436/4132 6429/4125 6430/4126
f 10257/7953 10259/7955 10260/7956
f 10256/7952 10257/7953 10260/7956
f 10260/7956 10259/7955 10261/7957
f 10260/7956 10261/7957 6723/4419
f 6462/4158 6442/4138 10258/7954
f 6442/4138 6436/4132 10258/7954
f 6723/4419 10261/7957 6724/4420
f 6461/4157 6442/4138 6462/4158
f 6724/4420 6730/4426 6725/4421
f 6485/4181 6461/4157 6463/4159
f 6731/4427 6730/4426 10262/7958
f 6731/4427 10262/7958 10263/7959
f 10263/7959 10262/7958 10264/7960
f 6459/4155 6494/4190 6495/4191
f 6503/4199 6497/4193 6510/4206
f 6520/4216 6527/4223 10265/7961
f 10265/7961 6527/4223 6543/4239
f 6247/3943 10212/7908 10266/7962
f 6332/4028 6247/3943 10266/7962
f 6543/4239 6547/4243 10267/7963
f 6332/4028 10266/7962 10268/7964
f 10267/7963 6547/4243 10269/7965
f 10269/7965 6547/4243 6559/4255
f 6559/4255 6558/4254 6774/4470
f 6774/4470 6558/4254 6568/4264
f 6775/4471 6568/4264 6583/4279
f 6776/4472 6583/4279 10270/7966
f 6249/3945 6579/4275 6578/4274
f 6583/4279 6588/4284 10270/7966
f 6249/3945 6578/4274 10271/7967
f 6249/3945 10271/7967 10233/7929
f 6588/4284 6600/4296 6782/4478
f 10233/7929 10271/7967 10272/7968
f 10233/7929 10272/7968 6335/4031
f 6335/4031 10272/7968 6336/4032
f 6600/4296 6617/4313 6804/4500
f 6617/4313 6626/4322 10273/7969
f 6820/4516 6632/4328 6620/4316
f 6632/4328 6618/4314 6620/4316
f 10273/7969 6626/4322 10274/7970
f 10274/7970 6626/4322 6640/4336
f 10274/7970 6640/4336 10275/7971
f 10275/7971 6640/4336 6647/4343
f 10275/7971 6647/4343 10276/7972
f 10277/7973 6648/4344 6819/4515
f 6648/4344 6632/4328 6819/4515
f 10276/7972 6647/4343 6651/4347
f 10276/7972 6651/4347 10278/7974
f 10279/7975 6648/4344 10277/7973
f 10243/7939 10241/7937 6342/4038
f 10278/7974 6651/4347 10280/7976
f 10281/7977 6648/4344 10279/7975
f 10243/7939 6342/4038 10282/7978
f 6651/4347 6656/4352 10281/7977
f 6656/4352 6657/4353 10281/7977
f 10281/7977 6657/4353 6648/4344
f 10283/7979 10243/7939 10282/7978
f 6355/4051 10243/7939 10284/7980
f 10284/7980 10243/7939 10283/7979
f 6678/4374 6676/4372 6682/4378
f 6684/4380 6852/4548 6685/4381
f 10285/7981 6864/4560 6866/4562
f 10092/7788 9805/7501 10286/7982
f 6252/3948 6360/4056 10287/7983
f 6688/4384 6364/4060 10288/7984
f 6364/4060 6689/4385 10288/7984
f 10288/7984 6689/4385 6690/4386
f 6252/3948 10287/7983 6889/4585
f 10289/7985 10290/7986 10291/7987
f 10291/7987 10290/7986 10245/7941
f 10291/7987 10245/7941 10246/7942
f 10292/7988 10246/7942 10125/7821
f 10292/7988 10125/7821 6371/4067
f 10293/7989 10294/7990 10295/7991
f 10296/7992 10293/7989 10295/7991
f 6177/3873 10297/7993 6375/4071
f 6176/3872 6374/4070 10297/7993
f 6176/3872 10297/7993 6177/3873
f 10298/7994 6691/4387 10299/7995
f 6691/4387 6693/4389 10299/7995
f 10300/7996 6698/4394 10298/7994
f 6698/4394 6694/4390 10298/7994
f 6694/4390 6691/4387 10298/7994
f 6385/4081 10131/7827 10247/7943
f 10252/7948 6393/4089 10301/7997
f 6393/4089 6696/4392 10301/7997
f 10301/7997 6696/4392 6695/4391
f 10302/7998 10250/7946 6699/4395
f 6293/3989 6389/4085 6397/4093
f 10303/7999 10304/8000 10305/8001
f 10306/8002 10303/7999 10305/8001
f 10307/8003 10308/8004 10309/8005
f 10310/8006 10311/8007 10312/8008
f 10313/8009 10260/7956 10314/8010
f 10260/7956 6723/4419 10314/8010
f 10315/8011 10316/8012 6712/4408
f 10317/8013 10303/7999 10306/8002
f 10314/8010 6723/4419 10318/8014
f 10318/8014 6723/4419 6725/4421
f 10315/8011 6712/4408 10319/8015
f 10320/8016 10321/8017 10322/8018
f 10319/8015 6712/4408 10323/8019
f 10323/8019 6712/4408 6718/4414
f 10323/8019 6718/4414 6727/4423
f 10324/8020 10319/8015 10323/8019
f 6739/4435 6485/4181 6463/4159
f 10263/7959 10264/7960 10325/8021
f 6484/4180 6483/4179 10326/8022
f 10327/8023 10324/8020 10323/8019
f 6496/4192 6485/4181 6739/4435
f 6511/4207 6517/4213 10328/8024
f 6933/4629 6754/4450 6756/4452
f 6756/4452 6755/4451 6948/4644
f 6755/4451 10329/8025 6948/4644
f 6948/4644 10329/8025 6946/4642
f 10329/8025 10330/8026 10331/8027
f 6946/4642 10329/8025 10331/8027
f 10268/7964 10266/7962 10332/8028
f 10268/7964 10332/8028 10333/8029
f 10331/8027 10330/8026 10334/8030
f 6767/4463 6332/4028 10268/7964
f 10334/8030 10335/8031 10336/8032
f 10268/7964 10333/8029 6765/4461
f 6767/4463 10268/7964 6768/4464
f 6768/4464 10268/7964 6765/4461
f 10336/8032 10335/8031 10337/8033
f 6332/4028 6767/4463 6769/4465
f 6577/4273 6332/4028 6769/4465
f 6113/3809 6333/4029 6334/4030
f 10338/8034 10339/8035 10340/8036
f 10337/8033 10341/8037 10342/8038
f 10342/8038 10341/8037 10343/8039
f 10271/7967 6769/4465 10344/8040
f 6577/4273 6769/4465 6578/4274
f 6578/4274 6769/4465 10271/7967
f 10344/8040 10338/8034 10340/8036
f 10343/8039 10341/8037 10345/8041
f 10344/8040 10340/8036 6787/4483
f 10271/7967 10344/8040 6786/4482
f 10344/8040 6787/4483 6786/4482
f 6776/4472 10270/7966 10346/8042
f 10343/8039 10345/8041 10347/8043
f 10270/7966 6588/4284 6783/4479
f 10346/8042 10270/7966 6783/4479
f 10271/7967 6786/4482 10272/7968
f 10272/7968 6786/4482 6788/4484
f 6782/4478 6790/4486 10348/8044
f 6976/4672 6794/4490 6795/4491
f 10349/8045 10350/8046 10351/8047
f 10348/8044 6790/4486 6804/4500
f 6619/4315 6792/4488 6799/4495
f 6804/4500 6617/4313 10352/8048
f 10352/8048 6617/4313 10353/8049
f 10353/8049 6617/4313 10273/7969
f 6981/4677 6808/4504 6807/4503
f 10354/8050 6816/4512 10355/8051
f 10355/8051 6816/4512 6818/4514
f 10356/8052 6819/4515 6820/4516
f 10357/8053 6817/4513 10358/8054
f 10277/7973 6819/4515 10356/8052
f 10359/8055 10358/8054 10360/8056
f 10361/8057 10362/8058 10363/8059
f 10360/8056 10364/8060 10365/8061
f 10365/8061 10364/8060 10366/8062
f 10364/8060 10367/8063 10366/8062
f 10366/8062 10367/8063 10361/8057
f 10361/8057 10367/8063 10362/8058
f 10351/8047 10285/7981 10368/8064
f 10368/8064 10285/7981 10369/8065
f 6853/4549 6849/4545 6848/4544
f 6847/4543 6849/4545 10370/8066
f 6847/4543 10370/8066 10371/8067
f 7022/4718 10372/8068 7023/4719
f 7023/4719 10372/8068 7024/4720
f 6685/4381 6852/4548 6851/4547
f 10285/7981 6866/4562 10369/8065
f 10373/8069 10289/7985 10374/8070
f 10375/8071 10373/8069 10374/8070
f 10287/7983 6360/4056 10376/8072
f 10374/8070 10289/7985 10291/7987
f 10291/7987 10246/7942 10377/8073
f 10377/8073 10246/7942 10292/7988
f 10378/8074 10293/7989 10296/7992
f 10379/8075 10296/7992 10295/7991
f 10380/8076 10298/7994 10299/7995
f 10380/8076 10299/7995 10381/8077
f 10300/7996 10298/7994 10380/8076
f 10382/8078 6695/4391 10300/7996
f 10300/7996 6695/4391 6698/4394
f 10383/8079 6699/4395 6385/4081
f 10383/8079 6385/4081 10247/7943
f 10384/8080 10247/7943 10132/7828
f 10132/7828 10253/7949 10384/8080
f 10382/8078 10301/7997 6695/4391
f 10302/7998 6699/4395 10383/8079
f 10385/8081 10386/8082 10387/8083
f 10387/8083 10386/8082 10388/8084
f 10388/8084 10389/8085 10390/8086
f 6714/4410 6905/4601 6718/4414
f 6718/4414 6905/4601 6906/4602
f 10391/8087 10317/8013 10306/8002
f 10392/8088 10393/8089 10394/8090
f 10393/8089 10385/8081 10394/8090
f 10385/8081 10387/8083 6909/4605
f 10394/8090 10385/8081 6909/4605
f 6909/4605 10387/8083 6910/4606
f 10387/8083 10388/8084 6910/4606
f 6910/4606 10388/8084 6911/4607
f 10388/8084 10390/8086 6911/4607
f 6911/4607 10390/8086 10395/8091
f 6912/4608 6911/4607 10395/8091
f 10395/8091 10390/8086 10396/8092
f 10395/8091 10396/8092 10397/8093
f 10397/8093 10396/8092 10398/8094
f 6726/4422 6718/4414 6907/4603
f 10399/8095 10400/8096 10401/8097
f 10399/8095 10401/8097 10392/8088
f 6720/4416 6910/4606 6911/4607
f 6720/4416 6911/4607 6722/4418
f 10398/8094 10402/8098 10403/8099
f 6908/4604 6910/4606 6729/4425
f 6729/4425 6910/4606 6719/4415
f 6910/4606 6720/4416 6719/4415
f 6721/4417 6722/4418 6912/4608
f 6721/4417 6912/4608 6913/4609
f 10403/8099 10402/8098 10404/8100
f 10403/8099 10404/8100 10405/8101
f 6727/4423 6726/4422 6915/4611
f 10406/8102 10407/8103 10408/8104
f 7049/4745 10400/8096 10399/8095
f 6913/4609 6914/4610 10409/8105
f 10405/8101 10404/8100 10410/8106
f 10411/8107 10323/8019 6727/4423
f 10412/8108 10413/8109 7049/4745
f 6918/4614 6917/4613 6733/4429
f 6917/4613 6732/4428 6733/4429
f 10409/8105 6914/4610 6919/4615
f 10405/8101 10410/8106 10414/8110
f 10327/8023 10323/8019 10411/8107
f 10411/8107 6727/4423 10415/8111
f 6727/4423 6915/4611 10416/8112
f 6734/4430 6499/4195 6925/4621
f 6916/4612 6918/4614 10417/8113
f 10418/8114 10414/8110 10419/8115
f 10405/8101 10414/8110 10418/8114
f 10419/8115 10414/8110 10420/8116
f 10415/8111 6727/4423 10416/8112
f 10418/8114 10419/8115 10421/8117
f 10422/8118 10419/8115 10420/8116
f 10421/8117 10419/8115 10422/8118
f 10423/8119 10411/8107 10415/8111
f 10424/8120 10415/8111 10416/8112
f 10425/8121 6930/4626 6929/4625
f 10423/8119 10415/8111 10426/8122
f 10426/8122 10415/8111 10424/8120
f 6928/4624 6933/4629 6931/4627
f 6933/4629 6756/4452 6939/4635
f 6939/4635 6756/4452 6948/4644
f 10322/8018 10321/8017 10427/8123
f 6946/4642 10331/8027 6947/4643
f 10331/8027 10334/8030 10428/8124
f 10334/8030 10336/8032 10428/8124
f 10322/8018 10427/8123 10350/8046
f 6768/4464 6765/4461 10429/8125
f 10429/8125 6765/4461 6764/4460
f 6769/4465 6768/4464 10430/8126
f 10430/8126 6768/4464 10429/8125
f 10429/8125 6764/4460 10339/8035
f 6764/4460 6766/4462 10339/8035
f 10429/8125 10339/8035 10338/8034
f 10430/8126 10429/8125 10338/8034
f 10342/8038 10336/8032 10337/8033
f 10336/8032 10342/8038 10431/8127
f 10432/8128 10336/8032 10431/8127
f 6769/4465 10430/8126 10344/8040
f 10344/8040 10430/8126 10338/8034
f 10342/8038 10343/8039 10433/8129
f 10349/8045 10322/8018 10350/8046
f 10433/8129 10343/8039 10347/8043
f 10433/8129 10347/8043 10434/8130
f 10347/8043 10435/8131 10436/8132
f 10436/8132 10435/8131 10437/8133
f 10436/8132 10437/8133 10438/8134
f 10438/8134 10437/8133 10439/8135
f 6977/4673 6794/4490 6976/4672
f 10348/8044 6804/4500 10352/8048
f 10439/8135 10440/8136 10441/8137
f 10442/8138 10443/8139 10444/8140
f 6807/4503 6806/4502 6979/4675
f 10444/8140 10443/8139 10445/8141
f 10444/8140 10445/8141 10446/8142
f 10445/8141 10354/8050 10355/8051
f 10446/8142 10445/8141 10447/8143
f 10447/8143 10445/8141 10355/8051
f 6980/4676 6989/4685 6981/4677
f 10355/8051 6818/4514 10357/8053
f 6818/4514 6817/4513 10357/8053
f 10448/8144 10363/8059 6989/4685
f 10448/8144 6989/4685 6988/4684
f 6982/4678 6984/4680 10449/8145
f 6828/4524 6982/4678 10449/8145
f 6982/4678 6828/4524 10450/8146
f 10359/8055 10357/8053 10358/8054
f 10451/8147 10361/8057 10363/8059
f 10451/8147 10363/8059 10448/8144
f 10450/8146 6828/4524 6827/4523
f 10452/8148 10359/8055 10360/8056
f 10452/8148 10360/8056 10365/8061
f 10451/8147 10366/8062 10361/8057
f 10349/8045 10351/8047 10368/8064
f 10452/8148 10365/8061 10366/8062
f 10453/8149 10452/8148 10366/8062
f 10453/8149 10366/8062 10454/8150
f 10454/8150 10366/8062 10451/8147
f 6848/4544 6847/4543 10455/8151
f 10455/8151 6847/4543 10371/8067
f 7020/4716 6853/4549 6848/4544
f 7021/4717 7023/4719 7102/4798
f 7102/4798 7023/4719 7103/4799
f 7103/4799 7023/4719 7017/4713
f 10368/8064 10369/8065 10456/8152
f 10457/8153 10458/8154 10459/8155
f 10459/8155 10460/8156 10461/8157
f 10461/8157 10460/8156 10462/8158
f 10287/7983 10376/8072 10463/8159
f 10457/8153 10459/8155 10461/8157
f 10464/8160 10461/8157 10462/8158
f 10464/8160 10462/8158 10465/8161
f 10466/8162 10464/8160 10465/8161
f 6889/4585 10287/7983 6890/4586
f 10287/7983 10463/8159 6890/4586
f 10296/7992 10466/8162 10378/8074
f 6894/4590 10467/8163 10468/8164
f 6894/4590 10468/8164 6895/4591
f 6895/4591 10468/8164 10379/8075
f 10379/8075 10468/8164 10296/7992
f 10469/8165 10380/8076 10381/8077
f 10470/8166 10300/7996 10380/8076
f 10470/8166 10380/8076 10469/8165
f 10382/8078 10300/7996 10471/8167
f 10471/8167 10300/7996 10470/8166
f 10472/8168 10383/8079 10247/7943
f 10472/8168 10247/7943 10384/8080
f 10473/8169 10301/7997 10382/8078
f 10474/8170 10302/7998 10383/8079
f 10384/8080 10253/7949 10252/7948
f 10384/8080 10252/7948 10475/8171
f 10475/8171 10252/7948 10301/7997
f 7038/4734 6397/4093 6701/4397
f 6702/4398 6897/4593 7128/4824
f 7041/4737 7043/4739 10476/8172
f 10477/8173 10478/8174 10479/8175
f 10479/8175 7044/4740 7047/4743
f 10477/8173 10479/8175 7047/4743
f 6900/4596 6902/4598 6707/4403
f 6708/4404 7048/4744 6709/4405
f 6904/4600 10480/8176 10481/8177
f 6904/4600 10481/8177 6713/4409
f 10481/8177 10482/8178 6905/4601
f 6713/4409 10481/8177 6905/4601
f 10482/8178 10483/8179 6906/4602
f 6905/4601 10482/8178 6906/4602
f 6906/4602 10483/8179 6907/4603
f 6907/4603 10483/8179 10484/8180
f 10392/8088 10394/8090 10485/8181
f 10485/8181 10394/8090 6909/4605
f 6912/4608 10395/8091 10486/8182
f 10486/8182 10395/8091 10397/8093
f 10486/8182 10397/8093 10487/8183
f 10397/8093 10398/8094 10487/8183
f 6907/4603 10484/8180 6915/4611
f 10488/8184 10320/8016 10322/8018
f 10399/8095 10392/8088 10489/8185
f 10489/8185 10392/8088 10485/8181
f 6732/4428 10485/8181 6908/4604
f 10485/8181 6909/4605 6908/4604
f 6912/4608 10486/8182 6914/4610
f 10486/8182 10487/8183 6914/4610
f 10487/8183 10398/8094 6920/4616
f 6920/4616 10398/8094 10403/8099
f 10490/8186 10399/8095 10489/8185
f 10490/8186 10489/8185 6917/4613
f 6917/4613 10489/8185 10485/8181
f 6917/4613 10485/8181 6732/4428
f 10487/8183 6920/4616 6914/4610
f 6920/4616 10403/8099 10491/8187
f 10491/8187 10403/8099 10405/8101
f 6915/4611 10484/8180 10492/8188
f 7050/4746 7049/4745 10399/8095
f 7050/4746 10399/8095 10493/8189
f 10493/8189 10399/8095 10490/8186
f 10493/8189 10490/8186 6916/4612
f 6916/4612 10490/8186 6917/4613
f 6919/4615 6914/4610 6920/4616
f 6920/4616 10491/8187 10494/8190
f 10412/8108 7049/4745 7051/4747
f 10491/8187 10405/8101 10418/8114
f 10494/8190 10491/8187 10418/8114
f 10416/8112 6915/4611 10492/8188
f 10417/8113 7050/4746 6916/4612
f 6921/4617 6920/4616 10494/8190
f 10494/8190 10418/8114 10421/8117
f 10495/8191 10412/8108 10496/8192
f 10496/8192 10412/8108 7051/4747
f 10496/8192 7051/4747 10497/8193
f 10497/8193 7051/4747 7050/4746
f 10497/8193 7050/4746 10417/8113
f 10498/8194 10495/8191 10499/8195
f 10499/8195 10495/8191 10496/8192
f 10497/8193 10417/8113 10500/8196
f 6921/4617 10494/8190 10501/8197
f 6743/4439 10502/8198 6750/4446
f 10494/8190 10421/8117 10503/8199
f 10501/8197 10494/8190 10503/8199
f 10503/8199 10421/8117 10422/8118
f 10503/8199 10422/8118 10504/8200
f 10424/8120 10416/8112 10492/8188
f 6939/4635 10505/8201 6934/4630
f 10504/8200 10422/8118 10506/8202
f 10504/8200 10506/8202 10507/8203
f 10426/8122 10424/8120 10508/8204
f 10424/8120 10492/8188 10508/8204
f 10508/8204 10492/8188 10509/8205
f 10505/8201 6939/4635 10510/8206
f 10507/8203 10506/8202 10511/8207
f 10512/8208 10426/8122 10508/8204
f 10513/8209 10510/8206 6939/4635
f 10513/8209 6939/4635 6948/4644
f 10508/8204 10509/8205 10514/8210
f 10512/8208 10508/8204 10514/8210
f 6944/4640 6942/4638 7053/4749
f 6947/4643 10513/8209 6948/4644
f 10513/8209 6947/4643 10515/8211
f 10515/8211 6947/4643 10331/8027
f 10428/8124 10515/8211 10331/8027
f 10515/8211 10428/8124 10516/8212
f 10517/8213 10518/8214 10519/8215
f 6960/4656 7064/4760 7063/4759
f 10432/8128 10516/8212 10428/8124
f 10516/8212 10432/8128 10520/8216
f 10432/8128 10428/8124 10336/8032
f 6961/4657 6960/4656 7068/4764
f 10520/8216 10432/8128 10431/8127
f 10521/8217 10520/8216 10431/8127
f 10522/8218 10322/8018 10523/8219
f 10524/8220 10525/8221 10526/8222
f 6963/4659 10527/8223 6964/4660
f 6964/4660 10527/8223 10528/8224
f 10431/8127 10342/8038 10433/8129
f 10523/8219 10322/8018 10349/8045
f 6964/4660 10528/8224 10529/8225
f 10530/8226 10431/8127 10433/8129
f 10531/8227 10431/8127 10530/8226
f 6968/4664 6964/4660 10529/8225
f 10530/8226 10433/8129 10532/8228
f 10532/8228 10433/8129 10434/8130
f 10529/8225 10533/8229 10534/8230
f 6968/4664 10529/8225 10534/8230
f 10532/8228 10434/8130 10535/8231
f 6970/4666 6968/4664 10534/8230
f 10434/8130 10347/8043 10436/8132
f 6970/4666 10534/8230 10536/8232
f 10537/8233 10434/8130 10436/8132
f 10535/8231 10434/8130 10537/8233
f 10537/8233 10436/8132 10538/8234
f 6972/4668 6970/4666 10536/8232
f 6972/4668 10536/8232 10539/8235
f 10538/8234 10436/8132 10438/8134
f 10540/8236 10538/8234 10438/8134
f 6972/4668 10539/8235 10541/8237
f 10542/8238 6972/4668 10541/8237
f 10540/8236 10438/8134 10439/8135
f 10543/8239 10540/8236 10439/8135
f 10544/8240 10542/8238 10541/8237
f 10544/8240 10541/8237 10545/8241
f 10543/8239 10439/8135 10441/8137
f 10442/8138 10444/8140 10546/8242
f 10544/8240 10545/8241 10547/8243
f 10546/8242 10444/8140 10446/8142
f 10544/8240 10547/8243 6986/4682
f 7263/4959 7262/4958 7265/4961
f 6807/4503 6979/4675 7087/4783
f 7087/4783 6979/4675 7259/4955
f 6986/4682 10547/8243 6987/4683
f 6987/4683 10547/8243 10548/8244
f 10447/8143 10355/8051 10549/8245
f 6980/4676 6807/4503 7087/4783
f 10549/8245 10355/8051 10550/8246
f 10550/8246 10355/8051 10357/8053
f 10551/8247 6980/4676 7087/4783
f 10552/8248 10553/8249 10554/8250
f 10555/8251 7087/4783 7089/4785
f 7091/4787 7089/4785 7088/4784
f 6987/4683 10548/8244 6996/4692
f 6988/4684 6980/4676 10551/8247
f 10556/8252 10552/8248 10554/8250
f 7093/4789 6998/4694 10557/8253
f 10550/8246 10357/8053 10558/8254
f 10357/8053 10359/8055 10559/8255
f 10558/8254 10357/8053 10559/8255
f 7279/4975 7286/4982 7281/4977
f 7000/4696 6996/4692 10560/8256
f 10560/8256 10561/8257 10562/8258
f 7000/4696 10560/8256 10562/8258
f 10559/8255 10359/8055 10563/8259
f 10563/8259 10359/8055 10452/8148
f 10451/8147 10448/8144 10564/8260
f 10564/8260 10448/8144 6988/4684
f 7000/4696 10562/8258 7002/4698
f 10563/8259 10452/8148 10453/8149
f 10454/8150 10451/8147 10565/8261
f 10565/8261 10451/8147 10566/8262
f 10566/8262 10451/8147 10564/8260
f 7096/4792 7097/4793 7010/4706
f 10453/8149 10454/8150 10567/8263
f 10567/8263 10454/8150 10565/8261
f 10567/8263 10565/8261 10568/8264
f 10568/8264 10565/8261 10569/8265
f 10565/8261 10566/8262 10569/8265
f 7010/4706 7097/4793 7293/4989
f 7010/4706 7293/4989 7011/4707
f 10349/8045 10368/8064 10570/8266
f 10571/8267 6848/4544 10455/8151
f 10572/8268 10573/8269 10574/8270
f 10574/8270 10573/8269 10575/8271
f 7104/4800 10576/8272 7105/4801
f 7020/4716 6848/4544 10571/8267
f 10368/8064 10456/8152 10577/8273
f 10570/8266 10368/8064 10577/8273
f 10457/8153 10461/8157 10578/8274
f 10578/8274 10461/8157 10464/8160
f 10467/8163 10457/8153 10578/8274
f 10578/8274 10464/8160 10466/8162
f 10467/8163 10578/8274 10468/8164
f 10578/8274 10466/8162 10296/7992
f 10468/8164 10578/8274 10296/7992
f 10469/8165 10381/8077 10579/8275
f 10470/8166 10469/8165 10580/8276
f 10473/8169 10382/8078 10581/8277
f 10581/8277 10382/8078 10471/8167
f 10474/8170 10383/8079 10582/8278
f 10582/8278 10383/8079 10472/8168
f 10384/8080 10475/8171 10583/8279
f 10301/7997 10473/8169 10475/8171
f 10583/8279 10475/8171 10473/8169
f 7120/4816 6701/4397 10584/8280
f 10585/8281 10586/8282 10587/8283
f 10587/8283 10588/8284 10589/8285
f 10590/8286 10586/8282 10585/8281
f 10587/8283 10589/8285 10591/8287
f 7138/4834 10592/8288 7136/4832
f 7136/4832 10592/8288 10593/8289
f 10592/8288 10590/8286 10481/8177
f 10482/8178 10590/8286 10483/8179
f 10483/8179 10590/8286 10585/8281
f 10594/8290 10585/8281 10587/8283
f 10478/8174 7137/4833 7044/4740
f 10479/8175 10478/8174 7044/4740
f 7044/4740 7137/4833 10595/8291
f 7137/4833 7136/4832 10595/8291
f 10595/8291 7136/4832 10593/8289
f 10481/8177 10593/8289 10592/8288
f 10483/8179 10585/8281 10594/8290
f 10594/8290 10587/8283 10596/8292
f 7044/4740 10595/8291 7045/4741
f 7045/4741 10595/8291 10593/8289
f 7045/4741 10593/8289 10480/8176
f 10480/8176 10593/8289 10481/8177
f 10481/8177 10590/8286 10482/8178
f 10596/8292 10587/8283 10591/8287
f 10483/8179 10594/8290 10484/8180
f 7142/4838 7141/4837 7341/5037
f 10484/8180 10594/8290 10596/8292
f 10492/8188 10484/8180 10596/8292
f 10597/8293 10598/8294 10599/8295
f 7145/4841 7139/4835 7142/4838
f 10488/8184 10322/8018 10522/8218
f 7156/4852 7147/4843 7146/4842
f 7160/4856 7159/4855 10600/8296
f 10600/8296 7159/4855 10601/8297
f 7165/4861 10602/8298 7166/4862
f 10492/8188 10596/8292 10509/8205
f 10603/8299 10604/8300 10605/8301
f 10509/8205 10596/8292 10606/8302
f 10606/8302 10596/8292 10591/8287
f 10607/8303 10498/8194 10499/8195
f 7164/4860 7168/4864 10608/8304
f 7164/4860 10608/8304 7458/5154
f 10607/8303 10499/8195 10609/8305
f 10610/8306 10503/8199 10504/8200
f 10611/8307 10612/8308 7179/4875
f 10613/8309 10607/8303 10609/8305
f 10610/8306 10504/8200 10614/8310
f 10611/8307 7179/4875 7181/4877
f 10608/8304 10615/8311 7362/5058
f 6940/4636 6936/4632 7186/4882
f 10614/8310 10504/8200 10507/8203
f 7362/5058 10615/8311 10616/8312
f 10517/8213 10509/8205 10606/8302
f 7188/4884 10611/8307 7181/4877
f 7362/5058 10616/8312 10617/8313
f 6940/4636 7186/4882 7054/4750
f 10514/8210 10509/8205 10517/8213
f 10618/8314 10611/8307 7188/4884
f 10617/8313 10616/8312 10619/8315
f 10507/8203 10511/8207 10620/8316
f 10620/8316 10511/8207 10621/8317
f 10618/8314 7188/4884 7190/4886
f 10617/8313 10619/8315 10622/8318
f 10621/8317 10511/8207 10623/8319
f 10518/8214 10517/8213 10606/8302
f 7062/4758 10618/8314 7190/4886
f 10621/8317 10623/8319 10624/8320
f 10622/8318 10619/8315 10625/8321
f 10622/8318 10625/8321 10626/8322
f 10621/8317 10624/8320 10627/8323
f 10624/8320 10623/8319 10628/8324
f 7192/4888 7062/4758 7190/4886
f 10624/8320 10628/8324 10627/8323
f 7063/4759 7062/4758 7192/4888
f 10627/8323 10628/8324 10629/8325
f 10627/8323 10629/8325 10630/8326
f 10626/8322 10625/8321 10631/8327
f 10626/8322 10631/8327 7367/5063
f 10519/8215 10518/8214 10632/8328
f 10633/8329 10519/8215 10632/8328
f 10629/8325 10634/8330 10630/8326
f 7214/4910 10518/8214 10606/8302
f 7367/5063 10631/8327 10635/8331
f 7367/5063 10635/8331 10636/8332
f 7214/4910 10606/8302 7215/4911
f 10633/8329 10632/8328 10637/8333
f 10630/8326 10634/8330 10638/8334
f 10637/8333 10632/8328 10639/8335
f 10639/8335 10632/8328 10518/8214
f 10518/8214 7214/4910 10639/8335
f 10636/8332 10635/8331 10640/8336
f 10638/8334 10634/8330 10641/8337
f 10633/8329 10637/8333 10642/8338
f 10642/8338 10637/8333 10639/8335
f 10643/8339 10633/8329 10644/8340
f 10642/8338 10639/8335 7216/4912
f 10640/8336 10645/8341 10646/8342
f 10647/8343 10633/8329 10642/8338
f 10633/8329 10647/8343 10644/8340
f 10639/8335 7214/4910 7216/4912
f 7227/4923 7072/4768 7213/4909
f 10646/8342 10645/8341 10648/8344
f 10648/8344 10645/8341 10649/8345
f 7237/4933 7229/4925 7228/4924
f 10650/8346 10647/8343 10642/8338
f 10650/8346 10642/8338 10651/8347
f 10652/8348 10647/8343 10650/8346
f 10651/8347 10642/8338 7216/4912
f 10649/8345 10653/8349 10648/8344
f 10654/8350 7242/4938 10655/8351
f 10655/8351 7242/4938 7244/4940
f 10656/8352 10650/8346 10651/8347
f 10651/8347 7216/4912 10657/8353
f 10655/8351 7244/4940 10658/8354
f 7244/4940 7247/4943 10658/8354
f 10658/8354 7247/4943 7250/4946
f 10658/8354 7250/4946 10659/8355
f 7250/4946 7249/4945 10659/8355
f 7249/4945 7254/4950 10659/8355
f 10660/8356 10656/8352 10661/8357
f 10659/8355 7254/4950 10662/8358
f 10656/8352 10651/8347 10661/8357
f 10661/8357 10651/8347 10657/8353
f 10662/8358 7254/4950 10663/8359
f 7254/4950 7258/4954 10663/8359
f 10663/8359 7258/4954 7264/4960
f 10663/8359 7264/4960 10664/8360
f 10665/8361 10666/8362 10661/8357
f 7264/4960 7263/4959 10664/8360
f 10664/8360 7263/4959 10667/8363
f 10661/8357 10657/8353 10665/8361
f 7263/4959 7266/4962 10667/8363
f 10667/8363 7266/4962 10668/8364
f 10669/8365 10670/8366 10665/8361
f 7266/4962 7269/4965 10668/8364
f 10668/8364 7269/4965 10671/8367
f 10672/8368 10673/8369 10674/8370
f 7087/4783 7259/4955 7088/4784
f 10674/8370 10673/8369 10675/8371
f 10674/8370 10675/8371 10676/8372
f 10669/8365 10665/8361 10677/8373
f 10676/8372 10675/8371 10678/8374
f 10679/8375 10665/8361 10657/8353
f 10523/8219 10349/8045 10570/8266
f 10675/8371 10680/8376 10678/8374
f 10678/8374 10680/8376 10681/8377
f 10682/8378 6988/4684 10551/8247
f 10683/8379 10552/8248 10556/8252
f 10683/8379 10556/8252 10684/8380
f 10556/8252 10685/8381 10677/8373
f 10684/8380 10556/8252 10677/8373
f 10677/8373 10665/8361 10679/8375
f 10681/8377 10680/8376 10686/8382
f 10686/8382 10687/8383 10681/8377
f 10564/8260 6988/4684 10688/8384
f 10688/8384 6988/4684 10682/8378
f 7298/4994 10683/8379 10684/8380
f 7291/4987 7295/4991 7394/5090
f 10689/8385 10690/8386 10691/8387
f 10566/8262 10564/8260 10692/8388
f 10691/8387 10690/8386 10693/8389
f 10564/8260 10688/8384 10692/8388
f 10694/8390 10684/8380 10677/8373
f 7097/4793 7095/4791 7292/4988
f 10695/8391 10690/8386 10689/8385
f 7011/4707 7293/4989 7403/5099
f 7296/4992 7298/4994 10694/8390
f 10694/8390 10677/8373 10696/8392
f 7011/4707 7403/5099 7405/5101
f 7011/4707 7405/5101 7014/4710
f 7405/5101 7299/4995 7014/4710
f 7299/4995 7301/4997 7098/4794
f 7014/4710 7299/4995 7098/4794
f 10697/8393 7297/4993 7296/4992
f 10696/8392 10677/8373 10679/8375
f 10698/8394 10699/8395 10697/8393
f 10698/8394 10697/8393 7296/4992
f 10696/8392 7296/4992 10694/8390
f 10698/8394 7296/4992 10696/8392
f 10700/8396 10698/8394 10696/8392
f 10679/8375 10657/8353 10701/8397
f 7020/4716 10571/8267 10702/8398
f 10703/8399 10575/8271 10704/8400
f 10704/8400 10705/8401 10706/8402
f 10696/8392 10679/8375 10707/8403
f 10706/8402 10705/8401 10708/8404
f 10708/8404 10705/8401 10709/8405
f 10710/8406 10679/8375 10701/8397
f 10710/8406 10707/8403 10679/8375
f 10711/8407 10707/8403 10710/8406
f 10710/8406 10701/8397 10711/8407
f 10712/8408 10713/8409 10714/8410
f 10711/8407 10701/8397 10715/8411
f 10715/8411 10701/8397 10716/8412
f 10715/8411 10716/8412 10717/8413
f 10580/8276 10469/8165 10579/8275
f 10580/8276 10579/8275 10718/8414
f 10581/8277 10471/8167 10470/8166
f 10581/8277 10470/8166 10580/8276
f 10472/8168 10384/8080 10719/8415
f 10719/8415 10384/8080 10720/8416
f 10384/8080 10583/8279 10720/8416
f 10721/8417 10583/8279 10473/8169
f 10721/8417 10473/8169 10581/8277
f 10722/8418 10723/8419 10724/8420
f 10725/8421 10474/8170 10582/8278
f 10582/8278 10472/8168 10719/8415
f 10726/8422 10727/8423 10728/8424
f 7128/4824 7121/4817 10729/8425
f 7131/4827 7319/5015 7126/4822
f 7040/4736 7133/4829 7135/4831
f 7134/4830 7135/4831 7130/4826
f 7321/5017 7325/5021 7322/5018
f 7322/5018 7325/5021 10730/8426
f 10730/8426 7325/5021 7327/5023
f 7328/5024 7323/5019 7322/5018
f 10731/8427 7328/5024 7322/5018
f 7341/5037 7328/5024 10731/8427
f 10732/8428 10733/8429 10734/8430
f 7334/5030 7336/5032 7346/5042
f 10735/8431 10733/8429 10732/8428
f 7455/5151 10735/8431 7453/5149
f 7352/5048 7164/4860 7458/5154
f 7458/5154 10608/8304 7364/5060
f 10608/8304 7362/5058 7364/5060
f 7363/5059 7362/5058 10736/8432
f 7362/5058 10617/8313 10736/8432
f 10614/8310 10507/8203 10620/8316
f 10736/8432 10617/8313 10737/8433
f 10738/8434 10614/8310 10620/8316
f 10617/8313 10622/8318 10737/8433
f 10738/8434 10620/8316 10739/8435
f 10739/8435 10620/8316 10621/8317
f 10606/8302 10591/8287 7215/4911
f 10622/8318 10626/8322 7369/5065
f 10737/8433 10622/8318 7369/5065
f 10740/8436 10738/8434 10739/8435
f 10739/8435 10621/8317 10627/8323
f 10740/8436 10739/8435 10741/8437
f 10741/8437 10739/8435 10627/8323
f 10741/8437 10627/8323 10742/8438
f 10743/8439 10740/8436 10741/8437
f 10742/8438 10627/8323 10630/8326
f 10743/8439 10741/8437 10742/8438
f 10744/8440 10745/8441 10746/8442
f 10626/8322 7367/5063 7369/5065
f 10743/8439 10742/8438 10747/8443
f 10747/8443 10742/8438 10630/8326
f 10747/8443 10630/8326 10748/8444
f 10749/8445 10743/8439 10747/8443
f 7367/5063 10636/8332 7368/5064
f 7483/5179 10750/8446 7485/5181
f 7368/5064 10636/8332 10751/8447
f 10749/8445 10747/8443 10748/8444
f 10748/8444 10630/8326 10638/8334
f 10752/8448 10749/8445 10748/8444
f 7211/4907 10753/8449 7378/5074
f 10754/8450 10748/8444 10638/8334
f 10754/8450 10638/8334 10641/8337
f 10751/8447 10636/8332 10640/8336
f 10755/8451 10751/8447 10756/8452
f 10751/8447 10640/8336 10646/8342
f 10757/8453 7215/4911 10758/8454
f 10759/8455 10760/8456 10761/8457
f 10762/8458 10643/8339 10644/8340
f 7213/4909 7071/4767 7379/5075
f 10762/8458 10644/8340 10652/8348
f 7216/4912 7215/4911 10757/8453
f 10763/8459 10761/8457 10764/8460
f 7227/4923 7213/4909 7228/4924
f 10652/8348 10644/8340 10647/8343
f 10765/8461 10652/8348 10650/8346
f 10766/8462 10764/8460 10767/8463
f 7382/5078 10765/8461 10650/8346
f 10768/8464 7383/5079 7382/5078
f 10769/8465 10768/8464 7382/5078
f 10769/8465 7382/5078 10660/8356
f 10660/8356 7382/5078 10656/8352
f 7382/5078 10650/8346 10656/8352
f 10766/8462 10767/8463 10770/8466
f 10766/8462 10770/8466 10771/8467
f 10772/8468 10768/8464 10769/8465
f 10772/8468 10769/8465 10773/8469
f 10773/8469 10769/8465 10660/8356
f 10774/8470 10772/8468 10773/8469
f 10771/8467 10770/8466 10775/8471
f 10776/8472 10772/8468 10774/8470
f 10657/8353 7216/4912 10757/8453
f 10771/8467 10775/8471 10777/8473
f 10773/8469 10660/8356 10661/8357
f 10777/8473 10775/8471 10778/8474
f 10776/8472 10774/8470 10779/8475
f 10780/8476 10776/8472 10779/8475
f 10779/8475 10774/8470 10773/8469
f 10779/8475 10773/8469 10666/8362
f 10666/8362 10773/8469 10661/8357
f 10657/8353 10757/8453 10781/8477
f 10782/8478 10776/8472 10780/8476
f 10781/8477 10757/8453 10758/8454
f 10778/8474 10783/8479 10784/8480
f 10784/8480 10783/8479 10785/8481
f 10784/8480 10785/8481 10786/8482
f 10670/8366 10782/8478 10780/8476
f 10780/8476 10779/8475 10665/8361
f 10665/8361 10779/8475 10666/8362
f 10786/8482 10785/8481 10787/8483
f 10786/8482 10787/8483 10788/8484
f 10670/8366 10780/8476 10665/8361
f 10788/8484 10787/8483 10789/8485
f 10657/8353 10781/8477 10701/8397
f 10676/8372 10678/8374 10790/8486
f 10685/8381 10669/8365 10677/8373
f 10781/8477 10758/8454 10716/8412
f 10678/8374 10681/8377 10790/8486
f 10791/8487 10681/8377 10687/8383
f 10792/8488 7291/4987 7395/5091
f 10792/8488 7395/5091 10793/8489
f 10793/8489 7395/5091 7519/5215
f 7395/5091 7396/5092 7519/5215
f 7396/5092 7394/5090 7400/5096
f 7396/5092 7400/5096 7518/5214
f 7518/5214 7400/5096 10794/8490
f 10795/8491 10796/8492 10797/8493
f 7298/4994 10684/8380 10694/8390
f 10798/8494 10799/8495 10800/8496
f 10798/8494 10800/8496 7297/4993
f 10801/8497 10802/8498 10803/8499
f 10804/8500 10801/8497 10803/8499
f 7297/4993 10800/8496 7298/4994
f 7300/4996 7402/5098 7301/4997
f 10697/8393 10798/8494 7297/4993
f 10716/8412 10701/8397 10781/8477
f 7407/5103 10572/8268 10805/8501
f 10572/8268 10574/8270 10805/8501
f 10805/8501 10574/8270 10575/8271
f 10805/8501 10575/8271 10703/8399
f 10703/8399 10704/8400 10806/8502
f 10806/8502 10704/8400 10706/8402
f 10806/8502 10706/8402 10708/8404
f 10806/8502 10708/8404 10807/8503
f 10807/8503 10708/8404 10709/8405
f 10806/8502 10807/8503 10808/8504
f 10709/8405 10713/8409 10807/8503
f 10808/8504 10807/8503 10713/8409
f 10808/8504 10713/8409 10712/8408
f 10712/8408 10714/8410 10809/8505
f 10810/8506 10811/8507 10812/8508
f 10581/8277 10580/8276 10813/8509
f 10813/8509 10580/8276 10718/8414
f 10724/8420 10723/8419 10814/8510
f 10814/8510 10723/8419 10810/8506
f 10583/8279 10721/8417 10720/8416
f 10815/8511 10727/8423 10726/8422
f 10726/8422 10728/8424 10816/8512
f 10816/8512 10728/8424 10817/8513
f 10816/8512 10817/8513 10722/8418
f 10816/8512 10722/8418 10818/8514
f 10818/8514 10722/8418 10724/8420
f 10818/8514 10724/8420 10814/8510
f 10818/8514 10814/8510 10819/8515
f 7315/5011 10820/8516 10821/8517
f 7315/5011 10821/8517 7316/5012
f 10815/8511 10726/8422 10822/8518
f 10823/8519 10815/8511 10822/8518
f 10822/8518 10726/8422 10816/8512
f 10822/8518 10816/8512 10824/8520
f 10824/8520 10816/8512 10818/8514
f 10824/8520 10818/8514 10825/8521
f 10825/8521 10818/8514 10826/8522
f 10826/8522 10818/8514 10819/8515
f 10826/8522 10819/8515 7127/4823
f 10819/8515 10820/8516 7127/4823
f 7127/4823 10820/8516 7124/4820
f 10820/8516 7315/5011 7124/4820
f 10827/8523 10822/8518 10824/8520
f 10827/8523 10824/8520 10828/8524
f 10828/8524 10824/8520 10825/8521
f 10828/8524 10825/8521 7317/5013
f 7317/5013 10825/8521 7318/5014
f 10825/8521 10826/8522 7318/5014
f 7318/5014 10826/8522 7127/4823
f 7132/4828 10823/8519 10822/8518
f 7132/4828 10822/8518 10827/8523
f 7132/4828 10827/8523 7133/4829
f 7133/4829 10827/8523 7135/4831
f 10827/8523 10828/8524 7135/4831
f 7135/4831 10828/8524 7320/5016
f 10828/8524 7317/5013 7320/5016
f 7320/5016 7317/5013 7131/4827
f 10829/8525 10830/8526 10831/8527
f 10829/8525 10831/8527 10832/8528
f 10833/8529 10834/8530 10835/8531
f 10833/8529 10835/8531 10836/8532
f 10833/8529 10836/8532 7540/5236
f 10837/8533 10838/8534 10830/8526
f 10837/8533 10830/8526 10829/8525
f 10836/8532 10839/8535 7540/5236
f 10840/8536 10734/8430 10838/8534
f 10840/8536 10838/8534 10837/8533
f 7540/5236 10839/8535 7541/5237
f 10841/8537 10732/8428 10734/8430
f 10841/8537 10734/8430 10840/8536
f 7432/5128 7444/5140 10842/8538
f 10842/8538 7444/5140 7451/5147
f 10735/8431 10732/8428 10841/8537
f 7453/5149 10735/8431 10841/8537
f 7152/4848 7445/5141 7351/5047
f 7451/5147 7452/5148 10843/8539
f 7356/5052 10844/8540 7461/5157
f 10843/8539 7452/5148 7460/5156
f 10843/8539 7460/5156 10845/8541
f 7357/5053 7356/5052 7461/5157
f 10845/8541 7460/5156 7466/5162
f 10845/8541 7466/5162 10846/8542
f 7360/5056 7357/5053 7462/5158
f 7361/5057 7360/5056 7462/5158
f 7457/5153 7458/5154 7364/5060
f 10846/8542 7466/5162 10847/8543
f 10847/8543 7466/5162 7467/5163
f 7365/5061 7180/4876 7361/5057
f 7365/5061 7361/5057 10848/8544
f 7363/5059 10736/8432 10849/8545
f 7561/5257 10850/8546 7562/5258
f 10849/8545 10736/8432 10737/8433
f 10851/8547 10849/8545 10737/8433
f 7562/5258 10850/8546 7564/5260
f 7189/4885 7365/5061 10848/8544
f 7189/4885 10848/8544 7473/5169
f 7564/5260 10850/8546 10852/8548
f 10853/8549 10851/8547 10737/8433
f 7564/5260 10852/8548 7479/5175
f 7366/5062 7189/4885 7474/5170
f 10853/8549 10737/8433 7369/5065
f 10854/8550 7366/5062 7474/5170
f 10855/8551 10856/8552 10857/8553
f 7368/5064 10853/8549 7369/5065
f 7197/4893 7366/5062 10854/8550
f 7481/5177 7483/5179 7487/5183
f 10858/8554 7197/4893 10854/8550
f 10859/8555 10855/8551 10860/8556
f 10860/8556 10855/8551 10857/8553
f 7202/4898 7197/4893 10858/8554
f 10755/8451 7368/5064 10751/8447
f 10861/8557 10862/8558 10863/8559
f 10864/8560 7202/4898 10858/8554
f 10864/8560 10858/8554 10865/8561
f 10866/8562 10859/8555 10860/8556
f 10866/8562 10860/8556 10759/8455
f 10867/8563 10868/8564 10762/8458
f 10868/8564 10643/8339 10762/8458
f 10863/8559 10862/8558 10869/8565
f 10870/8566 10867/8563 10762/8458
f 10870/8566 10762/8458 10652/8348
f 7380/5076 7376/5072 10866/8562
f 10759/8455 10761/8457 10763/8459
f 10765/8461 10870/8566 10652/8348
f 10866/8562 10759/8455 10871/8567
f 7380/5076 10866/8562 10871/8567
f 10871/8567 10759/8455 10763/8459
f 7491/5187 7493/5189 10872/8568
f 10873/8569 7503/5199 10874/8570
f 7381/5077 10870/8566 10765/8461
f 10874/8570 7503/5199 7505/5201
f 7235/4931 7380/5076 10871/8567
f 10871/8567 10763/8459 10875/8571
f 10875/8571 10763/8459 10764/8460
f 10875/8571 10764/8460 10766/8462
f 7382/5078 7381/5077 10765/8461
f 7235/4931 10871/8567 10875/8571
f 7235/4931 10875/8571 10876/8572
f 10876/8572 10875/8571 10766/8462
f 7384/5080 7235/4931 10876/8572
f 10876/8572 10766/8462 10771/8467
f 7384/5080 10876/8572 10877/8573
f 10877/8573 10876/8572 10771/8467
f 7386/5082 7384/5080 10877/8573
f 10877/8573 10771/8467 10777/8473
f 7386/5082 10877/8573 10878/8574
f 10877/8573 10777/8473 10879/8575
f 10878/8574 10877/8573 10879/8575
f 10879/8575 10777/8473 10778/8474
f 7388/5084 7386/5082 10878/8574
f 10879/8575 10778/8474 10784/8480
f 10878/8574 10879/8575 10784/8480
f 7588/5284 7591/5287 7585/5281
f 10878/8574 10784/8480 10880/8576
f 10880/8576 10784/8480 10786/8482
f 7585/5281 7591/5287 7593/5289
f 7388/5084 10878/8574 10881/8577
f 10878/8574 10880/8576 7507/5203
f 10881/8577 10878/8574 7507/5203
f 7591/5287 7590/5286 7593/5289
f 10880/8576 10786/8482 10788/8484
f 10881/8577 7507/5203 7506/5202
f 10788/8484 10789/8485 10882/8578
f 10880/8576 10788/8484 10882/8578
f 10882/8578 10789/8485 10883/8579
f 7609/5305 7601/5297 7599/5295
f 7509/5205 7506/5202 7508/5204
f 10882/8578 10883/8579 10884/8580
f 10882/8578 10884/8580 10885/8581
f 7511/5207 7514/5210 7612/5308
f 7275/4971 7390/5086 7391/5087
f 10885/8581 10884/8580 10886/8582
f 10885/8581 10886/8582 7516/5212
f 7519/5215 7512/5208 10887/8583
f 7508/5204 10885/8581 7515/5211
f 7510/5206 7508/5204 7515/5211
f 7516/5212 10886/8582 10888/8584
f 10889/8585 10790/8486 10681/8377
f 10889/8585 10681/8377 10791/8487
f 10890/8586 10891/8587 10892/8588
f 7515/5211 7517/5213 10893/8589
f 10889/8585 10791/8487 10894/8590
f 10888/8584 10891/8587 10895/8591
f 7517/5213 10888/8584 10895/8591
f 7522/5218 7615/5311 7523/5219
f 10896/8592 10893/8589 7517/5213
f 10896/8592 7517/5213 10897/8593
f 10897/8593 7517/5213 10898/8594
f 7521/5217 7523/5219 10899/8595
f 10898/8594 7517/5213 7526/5222
f 7526/5222 7517/5213 7527/5223
f 7407/5103 10805/8501 7529/5225
f 7529/5225 10805/8501 10900/8596
f 10900/8596 10805/8501 10703/8399
f 7408/5104 7407/5103 7529/5225
f 10900/8596 10703/8399 10901/8597
f 10901/8597 10703/8399 10902/8598
f 10902/8598 10703/8399 10806/8502
f 7411/5107 7408/5104 7530/5226
f 10902/8598 10806/8502 10903/8599
f 10903/8599 10806/8502 10808/8504
f 7303/4999 10904/8600 7412/5108
f 7412/5108 10904/8600 10905/8601
f 7412/5108 10905/8601 7304/5000
f 10808/8504 10712/8408 10906/8602
f 7304/5000 10905/8601 7413/5109
f 10906/8602 10712/8408 10907/8603
f 10907/8603 10712/8408 10809/8505
f 7305/5001 7413/5109 10908/8604
f 7305/5001 10908/8604 7306/5002
f 10907/8603 10809/8505 10909/8605
f 7306/5002 10908/8604 7414/5110
f 7307/5003 7414/5110 10910/8606
f 7307/5003 10910/8606 7308/5004
f 7308/5004 10910/8606 7415/5111
f 7309/5005 7415/5111 7310/5006
f 10911/8607 10810/8506 10912/8608
f 10810/8506 10812/8508 10912/8608
f 10814/8510 10810/8506 10911/8607
f 10911/8607 10912/8608 10820/8516
f 10820/8516 10912/8608 10821/8517
f 10814/8510 10911/8607 10819/8515
f 10819/8515 10911/8607 10820/8516
f 7537/5233 10832/8528 10913/8609
f 10833/8529 7540/5236 10914/8610
f 10829/8525 10832/8528 10915/8611
f 10915/8611 10832/8528 7537/5233
f 10914/8610 7540/5236 7542/5238
f 10916/8612 10917/8613 10918/8614
f 10918/8614 10917/8613 10919/8615
f 10917/8613 10920/8616 10919/8615
f 10919/8615 10920/8616 10921/8617
f 10922/8618 10915/8611 7537/5233
f 10922/8618 7537/5233 7539/5235
f 7542/5238 7541/5237 7544/5240
f 10923/8619 10924/8620 10916/8612
f 10923/8619 10916/8612 10918/8614
f 10925/8621 10918/8614 10919/8615
f 10925/8621 10919/8615 10921/8617
f 10926/8622 10924/8620 10923/8619
f 10927/8623 10923/8619 10918/8614
f 10927/8623 10918/8614 10928/8624
f 10918/8614 10925/8621 10928/8624
f 7543/5239 7551/5247 7553/5249
f 7544/5240 7543/5239 7553/5249
f 10929/8625 10926/8622 10930/8626
f 10930/8626 10926/8622 10923/8619
f 10930/8626 10923/8619 10927/8623
f 10929/8625 10931/8627 10926/8622
f 7553/5249 7552/5248 10932/8628
f 7461/5157 10931/8627 10933/8629
f 10933/8629 10931/8627 10934/8630
f 10931/8627 10929/8625 10934/8630
f 7552/5248 10935/8631 10932/8628
f 10932/8628 10935/8631 10936/8632
f 10933/8629 10934/8630 10937/8633
f 7462/5158 7461/5157 10933/8629
f 7462/5158 10933/8629 10937/8633
f 10936/8632 10935/8631 10938/8634
f 10939/8635 7462/5158 10937/8633
f 7361/5057 7462/5158 10848/8544
f 10848/8544 7462/5158 10939/8635
f 10847/8543 7467/5163 7562/5258
f 7562/5258 7564/5260 10940/8636
f 7564/5260 7478/5174 10941/8637
f 10940/8636 7564/5260 10941/8637
f 7478/5174 7481/5177 10941/8637
f 7481/5177 7487/5183 10941/8637
f 10942/8638 10861/8557 10943/8639
f 10943/8639 10861/8557 10944/8640
f 10861/8557 10863/8559 10944/8640
f 10944/8640 10863/8559 10945/8641
f 10945/8641 10863/8559 10869/8565
f 10945/8641 10869/8565 10946/8642
f 7569/5265 7499/5195 10947/8643
f 7571/5267 7570/5266 7497/5193
f 10874/8570 7505/5201 10948/8644
f 7574/5270 7569/5265 7639/5335
f 10948/8644 7505/5201 7573/5269
f 10948/8644 7573/5269 10949/8645
f 10949/8645 7573/5269 10950/8646
f 10949/8645 10950/8646 10951/8647
f 7584/5280 7579/5275 7640/5336
f 7581/5277 7580/5276 7583/5279
f 7650/5346 7584/5280 7640/5336
f 7581/5277 7583/5279 7587/5283
f 7588/5284 7584/5280 7650/5346
f 7589/5285 7586/5282 7593/5289
f 10952/8648 7594/5290 7592/5288
f 7600/5296 7594/5290 10952/8648
f 7589/5285 7593/5289 7597/5293
f 7507/5203 10880/8576 7508/5204
f 10880/8576 10882/8578 7508/5204
f 7607/5303 7599/5295 7600/5296
f 7598/5294 7597/5293 7605/5301
f 7508/5204 10882/8578 10885/8581
f 10887/8583 7512/5208 7606/5302
f 10953/8649 10954/8650 10955/8651
f 7515/5211 10885/8581 7516/5212
f 7616/5312 7615/5311 7522/5218
f 7516/5212 10888/8584 7517/5213
f 10891/8587 10890/8586 10895/8591
f 10895/8591 10890/8586 7620/5316
f 7517/5213 10895/8591 7527/5223
f 7527/5223 10895/8591 7620/5316
f 7527/5223 7620/5316 7619/5315
f 7527/5223 7619/5315 7528/5224
f 7529/5225 10900/8596 10956/8652
f 7530/5226 7529/5225 10956/8652
f 10956/8652 10900/8596 10901/8597
f 10956/8652 10901/8597 10957/8653
f 10957/8653 10901/8597 10902/8598
f 7530/5226 10956/8652 10958/8654
f 10958/8654 10956/8652 10959/8655
f 10956/8652 10957/8653 10959/8655
f 10957/8653 10902/8598 10903/8599
f 10958/8654 10959/8655 10960/8656
f 10960/8656 10959/8655 10957/8653
f 10960/8656 10957/8653 10961/8657
f 10957/8653 10903/8599 10961/8657
f 10961/8657 10903/8599 10962/8658
f 10962/8658 10903/8599 10808/8504
f 10960/8656 10961/8657 10963/8659
f 10963/8659 10961/8657 10962/8658
f 10962/8658 10808/8504 10964/8660
f 10964/8660 10808/8504 10906/8602
f 10965/8661 10963/8659 10962/8658
f 10962/8658 10964/8660 10965/8661
f 10906/8602 10907/8603 10964/8660
f 10966/8662 10965/8661 10964/8660
f 10966/8662 10964/8660 10967/8663
f 10964/8660 10907/8603 10967/8663
f 10967/8663 10907/8603 10968/8664
f 10907/8603 10909/8605 10968/8664
f 10968/8664 10909/8605 10969/8665
f 10966/8662 10967/8663 10970/8666
f 10970/8666 10967/8663 10971/8667
f 10967/8663 10968/8664 10971/8667
f 10971/8667 10968/8664 10969/8665
f 10970/8666 10971/8667 10972/8668
f 10970/8666 10972/8668 10973/8669
f 10974/8670 10975/8671 10976/8672
f 10977/8673 10975/8671 10978/8674
f 7421/5117 7534/5230 7422/5118
f 7537/5233 10913/8609 7538/5234
f 7538/5234 10913/8609 10979/8675
f 10980/8676 10914/8610 7542/5238
f 7539/5235 7538/5234 10981/8677
f 10981/8677 7538/5234 10982/8678
f 10980/8676 7542/5238 7544/5240
f 7544/5240 7553/5249 10983/8679
f 10980/8676 7544/5240 10983/8679
f 10983/8679 7553/5249 10932/8628
f 10932/8628 10936/8632 10984/8680
f 10984/8680 10936/8632 10985/8681
f 10986/8682 10987/8683 10846/8542
f 10846/8542 10847/8543 10988/8684
f 10986/8682 10846/8542 10988/8684
f 10988/8684 10847/8543 7562/5258
f 10988/8684 7562/5258 10989/8685
f 10989/8685 7562/5258 10940/8636
f 10990/8686 10942/8638 10991/8687
f 10991/8687 10942/8638 10943/8639
f 10992/8688 10944/8640 10945/8641
f 10945/8641 10946/8642 10993/8689
f 10994/8690 10995/8691 10996/8692
f 10996/8692 7647/5343 7691/5387
f 7648/5344 7643/5339 7644/5340
f 7646/5342 7645/5341 7654/5350
f 10997/8693 10998/8694 7695/5391
f 7659/5355 10999/8695 10997/8693
f 7659/5355 7661/5357 10999/8695
f 7655/5351 7656/5352 7658/5354
f 7666/5362 11000/8696 11001/8697
f 7663/5359 7662/5358 11002/8698
f 10890/8586 11000/8696 7666/5362
f 7620/5316 10890/8586 7666/5362
f 7620/5316 7666/5362 7621/5317
f 10976/8672 11003/8699 10974/8670
f 11003/8699 10976/8672 11004/8700
f 10976/8672 10975/8671 10977/8673
f 10977/8673 10978/8674 11005/8701
f 7417/5113 7622/5318 11006/8702
f 7417/5113 11006/8702 7623/5319
f 11005/8701 10978/8674 11007/8703
f 11007/8703 10978/8674 11008/8704
f 11007/8703 11009/8705 11010/8706
f 11009/8705 11007/8703 11008/8704
f 7534/5230 7625/5321 11011/8707
f 7534/5230 11011/8707 7535/5231
f 7535/5231 11011/8707 11012/8708
f 7535/5231 11012/8708 7536/5232
f 10982/8678 7538/5234 11013/8709
f 7538/5234 10979/8675 11013/8709
f 11013/8709 10979/8675 11014/8710
f 7546/5242 7626/5322 7548/5244
f 11014/8710 10979/8675 11015/8711
f 10983/8679 10932/8628 10984/8680
f 10984/8680 10985/8681 11016/8712
f 11017/8713 11018/8714 11019/8715
f 11017/8713 11019/8715 11020/8716
f 11019/8715 11021/8717 11020/8716
f 11020/8716 11021/8717 11022/8718
f 11022/8718 11021/8717 10990/8686
f 11022/8718 10990/8686 10991/8687
f 10991/8687 10943/8639 11023/8719
f 11023/8719 10943/8639 10944/8640
f 11023/8719 10944/8640 10992/8688
f 11023/8719 10992/8688 11024/8720
f 10992/8688 10945/8641 11024/8720
f 10945/8641 10993/8689 11024/8720
f 10994/8690 11025/8721 10995/8691
f 10996/8692 7691/5387 10994/8690
f 7689/5385 7688/5384 7687/5383
f 7646/5342 7654/5350 7692/5388
f 10997/8693 7695/5391 7659/5355
f 11026/8722 7659/5355 7694/5390
f 7660/5356 7659/5355 11026/8722
f 11027/8723 11028/8724 11029/8725
f 11030/8726 7663/5359 11002/8698
f 7667/5363 7666/5362 11028/8724
f 7667/5363 11028/8724 11027/8723
f 11031/8727 11032/8728 11033/8729
f 11032/8728 11034/8730 11033/8729
f 11033/8729 11034/8730 11035/8731
f 11033/8729 11035/8731 11036/8732
f 11035/8731 11037/8733 11036/8732
f 11036/8732 11037/8733 11038/8734
f 11038/8734 11037/8733 11003/8699
f 11038/8734 11003/8699 11004/8700
f 11039/8735 11031/8727 11033/8729
f 11039/8735 11033/8729 11040/8736
f 11033/8729 11036/8732 11041/8737
f 11040/8736 11033/8729 11041/8737
f 11036/8732 11038/8734 11042/8738
f 11041/8737 11036/8732 11042/8738
f 7622/5318 7669/5365 11006/8702
f 11043/8739 11040/8736 11041/8737
f 11043/8739 11041/8737 11044/8740
f 11042/8738 11038/8734 11045/8741
f 11038/8734 11004/8700 11045/8741
f 11045/8741 11004/8700 10976/8672
f 11045/8741 10976/8672 11046/8742
f 11046/8742 10976/8672 10977/8673
f 11046/8742 10977/8673 11005/8701
f 11006/8702 11047/8743 11048/8744
f 7623/5319 11006/8702 11048/8744
f 7623/5319 11048/8744 7624/5320
f 11046/8742 11005/8701 11049/8745
f 7697/5393 11046/8742 11049/8745
f 11049/8745 11005/8701 11007/8703
f 7624/5320 11048/8744 7625/5321
f 7625/5321 11048/8744 11050/8746
f 7698/5394 7697/5393 11051/8747
f 7697/5393 11049/8745 11051/8747
f 11051/8747 11049/8745 7671/5367
f 11049/8745 11007/8703 7671/5367
f 7671/5367 11007/8703 11010/8706
f 7625/5321 11050/8746 11052/8748
f 7625/5321 11052/8748 11011/8707
f 11051/8747 7671/5367 7670/5366
f 7671/5367 11010/8706 7672/5368
f 11053/8749 11013/8709 11014/8710
f 11014/8710 11015/8711 11054/8750
f 11054/8750 11015/8711 11055/8751
f 11014/8710 11054/8750 11056/8752
f 11053/8749 11014/8710 11056/8752
f 11054/8750 11055/8751 11057/8753
f 11058/8754 11053/8749 11056/8752
f 11056/8752 11054/8750 11057/8753
f 11059/8755 11058/8754 11056/8752
f 11056/8752 11057/8753 11060/8756
f 11059/8755 11056/8752 11060/8756
f 11061/8757 11059/8755 11060/8756
f 11061/8757 11060/8756 11062/8758
f 7678/5374 7677/5373 11063/8759
f 11062/8758 11060/8756 11064/8760
f 11063/8759 11065/8761 11066/8762
f 7678/5374 11063/8759 7681/5377
f 11063/8759 11066/8762 11067/8763
f 7681/5377 11063/8759 11067/8763
f 11068/8764 10991/8687 11023/8719
f 7681/5377 11067/8763 7683/5379
f 7683/5379 11067/8763 11069/8765
f 7683/5379 11069/8765 11070/8766
f 7684/5380 7682/5378 7683/5379
f 7684/5380 7683/5379 11070/8766
f 11071/8767 7685/5381 7684/5380
f 7684/5380 11070/8766 11072/8768
f 11071/8767 7684/5380 11072/8768
f 7686/5382 11071/8767 11073/8769
f 11073/8769 11071/8767 11072/8768
f 7687/5383 7686/5382 11073/8769
f 11074/8770 10994/8690 7691/5387
f 11075/8771 7687/5383 11073/8769
f 11075/8771 11073/8769 11076/8772
f 7646/5342 11074/8770 7691/5387
f 7690/5386 7687/5383 11075/8771
f 11077/8773 11075/8771 11076/8772
f 7693/5389 7690/5386 11075/8771
f 7694/5390 7693/5389 11075/8771
f 7694/5390 11075/8771 11077/8773
f 11078/8774 7694/5390 11077/8773
f 11079/8775 7694/5390 11078/8774
f 11026/8722 7694/5390 11079/8775
f 11080/8776 11081/8777 11082/8778
f 11044/8740 11041/8737 7696/5392
f 7696/5392 11041/8737 11042/8738
f 11042/8738 11045/8741 7696/5392
f 7696/5392 11045/8741 7697/5393
f 7697/5393 11045/8741 11046/8742
f 7699/5395 11083/8779 11084/8780
f 11084/8780 11083/8779 11085/8781
f 11086/8782 11080/8776 11087/8783
f 11087/8783 11080/8776 11082/8778
f 11088/8784 7713/5409 7706/5402
f 7711/5407 7704/5400 7703/5399
f 7715/5411 11089/8785 7716/5412
f 7716/5412 11089/8785 11090/8786
f 11091/8787 7700/5396 7699/5395
f 11091/8787 7699/5395 11084/8780
f 11092/8788 11087/8783 11082/8778
f 7711/5407 7703/5399 7727/5423
f 7717/5413 7716/5412 11093/8789
f 11094/8790 11095/8791 7724/5420
f 11094/8790 7724/5420 7723/5419
f 11091/8787 11084/8780 11096/8792
f 11096/8792 11084/8780 11085/8781
